Survey ResponseID,Category,Period,Total_Spend
R_037XK72IZBJyF69,DISHWARE_PLATE,baseline,13.98
R_037XK72IZBJyF69,FRUIT,baseline,12.25
R_037XK72IZBJyF69,PET_FOOD,baseline,13.32
R_037XK72IZBJyF69,PET_FOOD,treatment,21.0
R_037XK72IZBJyF69,PLANTER,baseline,13.98
R_037XK72IZBJyF69,SAUCE,baseline,2.49
R_037XK72IZBJyF69,SHOES,baseline,112.54
R_037XK72IZBJyF69,VITAMIN,treatment,18.48
R_06d9ULxrBmkwSTn,SKIN_CLEANING_AGENT,baseline,15.280000000000001
R_06d9ULxrBmkwSTn,SKIN_CLEANING_AGENT,treatment,7.79
R_0Arj0ePpTnReV1v,PET_FOOD,baseline,14.99
R_0BCm9hRP9iTI081,ADHESIVE_TAPES,baseline,11.95
R_0BCm9hRP9iTI081,COFFEE,baseline,14.99
R_0BCm9hRP9iTI081,ELECTRONIC_CABLE,baseline,6.0
R_0BCm9hRP9iTI081,FRUIT,treatment,4.99
R_0BCm9hRP9iTI081,SKIN_CLEANING_AGENT,baseline,8.18
R_0BCm9hRP9iTI081,SUGAR_CANDY,baseline,19.6
R_0BCm9hRP9iTI081,TOILET_PAPER,baseline,11.47
R_0BCm9hRP9iTI081,TOILET_PAPER,treatment,26.45
R_0BCm9hRP9iTI081,VITAMIN,baseline,24.13
R_0BWkZUjRId7FDZn,ELECTRONIC_CABLE,baseline,4.99
R_0D6GtQwa6VcnXpv,CELLULAR_PHONE_CASE,baseline,23.98
R_0D6GtQwa6VcnXpv,ELECTRONIC_CABLE,baseline,13.34
R_0D6GtQwa6VcnXpv,TOILET_PAPER,treatment,27.93
R_0D6GtQwa6VcnXpv,VITAMIN,baseline,9.99
R_0DoXqOQl0hxEeFH,CELLULAR_PHONE_CASE,baseline,7.99
R_0DoXqOQl0hxEeFH,PET_FOOD,baseline,88.06
R_0DoXqOQl0hxEeFH,PET_FOOD,treatment,58.959999999999994
R_0DoXqOQl0hxEeFH,SAUCE,treatment,21.98
R_0DoXqOQl0hxEeFH,SHIRT,treatment,5.33
R_0DoXqOQl0hxEeFH,SKIN_CLEANING_AGENT,baseline,3.39
R_0DoXqOQl0hxEeFH,SKIN_CLEANING_AGENT,treatment,5.88
R_0Hzrb8hEmXavTk5,PET_FOOD,baseline,38.379999999999995
R_0Hzrb8hEmXavTk5,PET_FOOD,treatment,53.4
R_0Hzrb8hEmXavTk5,SHIRT,baseline,17.99
R_0Hzrb8hEmXavTk5,SKIN_CLEANING_AGENT,baseline,3.88
R_0IBgnbXoP4Uvvhv,ADHESIVE_TAPES,treatment,19.61
R_0IBgnbXoP4Uvvhv,PET_FOOD,baseline,11.68
R_0IBgnbXoP4Uvvhv,SHOES,treatment,17.83
R_0InTWTWokrqzy3n,ELECTRONIC_CABLE,baseline,11.99
R_0InTWTWokrqzy3n,PET_FOOD,baseline,15.36
R_0InTWTWokrqzy3n,SHIRT,baseline,12.99
R_0InTWTWokrqzy3n,SHIRT,treatment,13.99
R_0MwMIcbYO11SOwV,COFFEE,baseline,29.25
R_0MwMIcbYO11SOwV,COFFEE,treatment,51.15
R_0c8VclJcriEXQqZ,ELECTRONIC_CABLE,baseline,38.98
R_0c8VclJcriEXQqZ,SHOES,baseline,52.99
R_0c8VclJcriEXQqZ,VITAMIN,treatment,15.95
R_0dNGfZ4GvtFvxu1,ELECTRONIC_CABLE,baseline,7.41
R_0dgKWjG8E9DtkfD,ELECTRONIC_CABLE,treatment,4.99
R_0exEFdj5YTDEgqB,ELECTRONIC_CABLE,baseline,6.99
R_0f8u2tSB99LkgCt,CELLULAR_PHONE_CASE,baseline,9.99
R_0f8u2tSB99LkgCt,PET_FOOD,treatment,11.61
R_0f8u2tSB99LkgCt,PROTECTIVE_GLOVE,treatment,13.84
R_0f8u2tSB99LkgCt,VITAMIN,baseline,12.59
R_0ik28Zx98AWSuWd,ELECTRONIC_CABLE,baseline,8.99
R_0ik28Zx98AWSuWd,PET_FOOD,baseline,63.970000000000006
R_0ik28Zx98AWSuWd,SHOES,baseline,69.96000000000001
R_0ik28Zx98AWSuWd,VITAMIN,treatment,14.97
R_0jFt3K3i4558lbj,SHOES,baseline,130.0
R_0jQnZy5LLMrxEsN,ELECTRONIC_CABLE,treatment,14.99
R_0jQnZy5LLMrxEsN,PET_FOOD,baseline,15.82
R_0oBzc3D8v94kGiZ,ELECTRONIC_CABLE,baseline,9.99
R_0pRmRjHkwStzNQJ,ELECTRONIC_CABLE,baseline,9.85
R_0pRmRjHkwStzNQJ,PET_FOOD,baseline,43.8
R_0pRmRjHkwStzNQJ,SHOES,baseline,27.18
R_0pRmRjHkwStzNQJ,SHOES,treatment,27.18
R_0pwPNbvgpZlir2V,CELLULAR_PHONE_CASE,baseline,22.99
R_0rLOCyUSUep8Gyd,SCREEN_PROTECTOR,treatment,5.49
R_10AYiyZ8qGWd6td,CELLULAR_PHONE_CASE,treatment,29.97
R_10AtO7bUfe8iWYK,VITAMIN,baseline,14.54
R_10CAlrx7dbJty9R,ELECTRONIC_CABLE,baseline,6.44
R_10CAlrx7dbJty9R,ELECTRONIC_CABLE,treatment,5.99
R_10CAlrx7dbJty9R,PET_FOOD,baseline,22.58
R_10CAlrx7dbJty9R,PROTECTIVE_GLOVE,treatment,25.26
R_10CAlrx7dbJty9R,SCREEN_PROTECTOR,baseline,9.96
R_10CAlrx7dbJty9R,SKIN_CLEANING_AGENT,treatment,15.3
R_10SesRyoFJEe0pe,PLANTER,treatment,14.99
R_10TA7pCDmelHi5H,VITAMIN,baseline,21.21
R_10TA7pCDmelHi5H,VITAMIN,treatment,7.5
R_10TV1zyi4yCEEkl,ADHESIVE_TAPES,baseline,6.14
R_10TV1zyi4yCEEkl,ADHESIVE_TAPES,treatment,5.64
R_10TV1zyi4yCEEkl,ELECTRONIC_CABLE,baseline,12.35
R_10TV1zyi4yCEEkl,SHIRT,treatment,42.56
R_10TV1zyi4yCEEkl,SKIN_CLEANING_AGENT,treatment,6.99
R_10TV1zyi4yCEEkl,VITAMIN,baseline,7.41
R_10UIzdrJBjoXiRu,ADHESIVE_TAPES,treatment,6.38
R_10UIzdrJBjoXiRu,COFFEE,treatment,19.4
R_10UIzdrJBjoXiRu,HERB,treatment,9.89
R_10UIzdrJBjoXiRu,SHIRT,baseline,14.5
R_10VEwmndSsl39vM,PROTECTIVE_GLOVE,treatment,9.99
R_10VEwmndSsl39vM,SCREEN_PROTECTOR,treatment,9.99
R_10VPzfUmqBTJEiC,SHIRT,treatment,25.89
R_10YnFpDzlwQlmrX,CELLULAR_PHONE_CASE,treatment,13.99
R_10YnFpDzlwQlmrX,PROTECTIVE_GLOVE,treatment,11.45
R_10qrHohvVyRhmA4,FRUIT,treatment,1.99
R_10qrHohvVyRhmA4,SKIN_CLEANING_AGENT,treatment,35.94
R_10r2RIJOCZFOra8,ELECTRONIC_CABLE,baseline,7.49
R_10r2RIJOCZFOra8,PET_FOOD,baseline,19.84
R_10uU7A3PqkL1i0o,CELLULAR_PHONE_CASE,baseline,23.98
R_10wSqGFumZGSTmH,COFFEE,treatment,13.99
R_10wSqGFumZGSTmH,HERB,treatment,8.99
R_117LDoOnJxdPvkb,VITAMIN,treatment,22.99
R_11Y3ZtLQrhccXC7,ELECTRONIC_CABLE,baseline,18.46
R_11Y3ZtLQrhccXC7,ELECTRONIC_CABLE,treatment,8.99
R_11cJ3be1pQV32hb,VITAMIN,baseline,16.99
R_11cp7qScmrrE4EF,ELECTRONIC_CABLE,baseline,8.99
R_11gymhOPZz4baOa,DISHWASHER_DETERGENT,baseline,19.99
R_11gymhOPZz4baOa,DISHWASHER_DETERGENT,treatment,19.99
R_11hGWSRiBd8HPmC,SAUCE,baseline,2.44
R_11hGWSRiBd8HPmC,SHIRT,baseline,7.98
R_11hGWSRiBd8HPmC,SKIN_CLEANING_AGENT,baseline,11.42
R_11hGWSRiBd8HPmC,TOILET_PAPER,baseline,22.450000000000003
R_11hGWSRiBd8HPmC,TOILET_PAPER,treatment,22.25
R_129jUlsvVcVBDur,DISHWARE_PLATE,baseline,21.95
R_129jUlsvVcVBDur,ELECTRONIC_CABLE,baseline,6.98
R_129jUlsvVcVBDur,ELECTRONIC_CABLE,treatment,18.78
R_129jUlsvVcVBDur,PROTECTIVE_GLOVE,treatment,32.98
R_129jUlsvVcVBDur,SCREEN_PROTECTOR,baseline,7.99
R_129jUlsvVcVBDur,SCREEN_PROTECTOR,treatment,9.99
R_129jUlsvVcVBDur,SHOES,treatment,46.7
R_12EhwlBIzVNKK2P,CELLULAR_PHONE_CASE,baseline,16.99
R_12EhwlBIzVNKK2P,CELLULAR_PHONE_CASE,treatment,39.0
R_12EhwlBIzVNKK2P,SCREEN_PROTECTOR,baseline,28.97
R_12KdI9rASwBsy9C,PET_FOOD,treatment,42.98
R_12QFQ7lCIls8sRd,PET_FOOD,baseline,29.97
R_12QFQ7lCIls8sRd,PET_FOOD,treatment,33.98
R_12QFQ7lCIls8sRd,SHIRT,baseline,14.99
R_12QFQ7lCIls8sRd,SKIN_CLEANING_AGENT,treatment,8.99
R_12QFQ7lCIls8sRd,VITAMIN,treatment,24.95
R_12Qo1HO9MWmZ5Az,CELLULAR_PHONE_CASE,baseline,33.97
R_12Qo1HO9MWmZ5Az,ELECTRONIC_CABLE,treatment,3.99
R_12Qo1HO9MWmZ5Az,SCREEN_PROTECTOR,baseline,7.99
R_12bxXZmV1h6iVAL,SHOES,baseline,8.99
R_12hBKyfNeSlhKZN,PET_FOOD,baseline,3.15
R_12kYTBVH8kS49hc,VITAMIN,baseline,15.04
R_12mMk3Dq3Oo4HJb,CELLULAR_PHONE_CASE,treatment,10.99
R_12mMk3Dq3Oo4HJb,SCREEN_PROTECTOR,treatment,11.69
R_12mdsq5k8OiJ8ji,DISHWASHER_DETERGENT,treatment,19.99
R_12mdsq5k8OiJ8ji,FLAVORED_DRINK_CONCENTRATE,treatment,12.93
R_12nXZsYjzaL70kr,SCREEN_PROTECTOR,baseline,7.85
R_12xnmbrb1eoH9nn,ELECTRONIC_CABLE,treatment,16.97
R_12xnmbrb1eoH9nn,HERB,baseline,11.21
R_12xnmbrb1eoH9nn,PLANTER,baseline,712.18
R_12xnmbrb1eoH9nn,PLANTER,treatment,23.98
R_12xnmbrb1eoH9nn,PROTECTIVE_GLOVE,baseline,13.99
R_12xnmbrb1eoH9nn,SKIN_CLEANING_AGENT,baseline,4.38
R_12xnmbrb1eoH9nn,VITAMIN,baseline,8.0
R_12xnmbrb1eoH9nn,VITAMIN,treatment,25.65
R_12yXy28O9QWzFKM,CELLULAR_PHONE_CASE,treatment,16.99
R_12yXy28O9QWzFKM,ELECTRONIC_CABLE,baseline,9.99
R_1BNwZP0DdTOa4rT,DISHWASHER_DETERGENT,baseline,17.65
R_1BNwZP0DdTOa4rT,PET_FOOD,treatment,88.11
R_1BNwZP0DdTOa4rT,PROTECTIVE_GLOVE,treatment,13.79
R_1BOXzyVhrXiWrFg,ELECTRONIC_CABLE,baseline,21.89
R_1BOXzyVhrXiWrFg,FLAVORED_DRINK_CONCENTRATE,baseline,3.16
R_1BOXzyVhrXiWrFg,PET_FOOD,baseline,51.82
R_1BOXzyVhrXiWrFg,PET_FOOD,treatment,14.88
R_1BPepcPkpmd3HIv,ADHESIVE_TAPES,baseline,9.99
R_1BPo7cRkGaVw2zj,VITAMIN,treatment,19.95
R_1BWxQW5L2MlpDCd,SCREEN_PROTECTOR,treatment,5.82
R_1C1nnqKIVMlhfTh,ELECTRONIC_CABLE,baseline,6.49
R_1C465BAQuYyIY3s,ELECTRONIC_CABLE,treatment,9.95
R_1C4nKyrv0w2thJn,ADHESIVE_TAPES,baseline,15.46
R_1C4nKyrv0w2thJn,FLAVORED_DRINK_CONCENTRATE,treatment,3.16
R_1C4nKyrv0w2thJn,SCREEN_PROTECTOR,baseline,20.97
R_1C4nKyrv0w2thJn,SHIRT,baseline,117.9
R_1C4nKyrv0w2thJn,SKIN_CLEANING_AGENT,treatment,9.9
R_1C4nKyrv0w2thJn,VITAMIN,baseline,7.49
R_1C4tcyEfmcsKI9X,ADHESIVE_TAPES,baseline,79.95
R_1C75XRebT1eliL0,PET_FOOD,treatment,8.68
R_1C75XRebT1eliL0,PROTECTIVE_GLOVE,treatment,11.95
R_1C75XRebT1eliL0,SHIRT,baseline,73.97
R_1C75XRebT1eliL0,SHOES,baseline,177.74
R_1C75XRebT1eliL0,TOILET_PAPER,treatment,10.96
R_1C8w4NDDQC5fcgE,PET_FOOD,baseline,1.89
R_1C8w4NDDQC5fcgE,SHIRT,baseline,21.99
R_1C8w4NDDQC5fcgE,SHOES,treatment,39.97
R_1C9JNFshblsSjyF,SCREEN_PROTECTOR,treatment,8.97
R_1C9YUFD8GunlGej,PET_FOOD,baseline,78.67
R_1C9YUFD8GunlGej,PLANTER,baseline,15.99
R_1C9YUFD8GunlGej,SCREEN_PROTECTOR,treatment,6.98
R_1C9YUFD8GunlGej,SKIN_CLEANING_AGENT,baseline,11.370000000000001
R_1C9YUFD8GunlGej,SKIN_CLEANING_AGENT,treatment,19.46
R_1CBcqx5T9GZcMRt,SKIN_CLEANING_AGENT,baseline,23.34
R_1CDqTWLWIk642Vp,SCREEN_PROTECTOR,baseline,6.35
R_1CDqTWLWIk642Vp,SHIRT,baseline,8.95
R_1CDqTWLWIk642Vp,SHIRT,treatment,7.99
R_1CDqTWLWIk642Vp,SHOES,baseline,39.96
R_1CEeWOcxWHKG89k,TOILET_PAPER,treatment,19.13
R_1CIOVoUy3w1iF6O,COFFEE,baseline,14.99
R_1CIOVoUy3w1iF6O,SUGAR_CANDY,baseline,6.98
R_1CIQjlABWt7jZWc,SAUCE,treatment,2.99
R_1CIQjlABWt7jZWc,SUGAR_CANDY,baseline,9.28
R_1Cd5zmz07X5BqKa,PET_FOOD,baseline,42.98
R_1Cd5zmz07X5BqKa,PET_FOOD,treatment,59.38
R_1Cd5zmz07X5BqKa,SHOES,treatment,43.46
R_1Cd5zmz07X5BqKa,VITAMIN,baseline,4.8
R_1Cd5zmz07X5BqKa,VITAMIN,treatment,17.98
R_1CdSxzYzFm2SGuB,ELECTRONIC_CABLE,baseline,8.5
R_1CexkWTJYOAs1Rc,CELLULAR_PHONE_CASE,treatment,21.5
R_1CjWIsByjtP0GxZ,COFFEE,treatment,9.98
R_1CjWIsByjtP0GxZ,DISHWASHER_DETERGENT,treatment,16.97
R_1CjWIsByjtP0GxZ,FLAVORED_DRINK_CONCENTRATE,baseline,3.78
R_1CjWIsByjtP0GxZ,HERB,baseline,13.010000000000002
R_1CjWIsByjtP0GxZ,PET_FOOD,treatment,39.8
R_1CjWIsByjtP0GxZ,SKIN_CLEANING_AGENT,baseline,6.45
R_1CjWIsByjtP0GxZ,SKIN_CLEANING_AGENT,treatment,18.34
R_1CjWIsByjtP0GxZ,TOILET_PAPER,baseline,23.96
R_1CjrqlIqihbkYgk,ELECTRONIC_CABLE,baseline,8.99
R_1ClqO4ZMDuwGjfl,COFFEE,baseline,29.99
R_1ClqO4ZMDuwGjfl,COFFEE,treatment,29.99
R_1ClqO4ZMDuwGjfl,PLANTER,baseline,23.03
R_1ClqO4ZMDuwGjfl,PLANTER,treatment,2.87
R_1ClqO4ZMDuwGjfl,SHIRT,baseline,32.29
R_1ClqO4ZMDuwGjfl,SHIRT,treatment,21.240000000000002
R_1ClqO4ZMDuwGjfl,VITAMIN,baseline,9.38
R_1CmhrU1GJmKnbwz,CELLULAR_PHONE_CASE,baseline,31.98
R_1CmhrU1GJmKnbwz,COFFEE,treatment,29.99
R_1CmhrU1GJmKnbwz,SCREEN_PROTECTOR,baseline,15.96
R_1CqGMkfiCiATbn4,VITAMIN,treatment,53.87
R_1Cx2TzfSj9KxVhR,PET_FOOD,baseline,9.99
R_1Cx2TzfSj9KxVhR,PET_FOOD,treatment,19.47
R_1Cx2TzfSj9KxVhR,PROTECTIVE_GLOVE,treatment,8.62
R_1Cx2TzfSj9KxVhR,SHIRT,treatment,30.2
R_1Cx2TzfSj9KxVhR,SKIN_CLEANING_AGENT,treatment,6.9
R_1Cx2TzfSj9KxVhR,SUGAR_CANDY,treatment,11.58
R_1DCt230xICUxYN0,SCREEN_PROTECTOR,baseline,7.85
R_1DGSlefke200soD,HERB,treatment,2.1
R_1DGSlefke200soD,PET_FOOD,treatment,23.84
R_1DGSlefke200soD,SKIN_CLEANING_AGENT,treatment,6.99
R_1DGVVsovR661OqT,ELECTRONIC_CABLE,treatment,7.44
R_1DGVVsovR661OqT,PET_FOOD,baseline,14.67
R_1DJ4QJgrJwK7g3Y,SHOES,baseline,42.65
R_1DJdUrYA1I0QAKh,SHOES,baseline,18.84
R_1DJdUrYA1I0QAKh,SUGAR_CANDY,treatment,6.99
R_1DJdUrYA1I0QAKh,VITAMIN,baseline,25.95
R_1DJdUrYA1I0QAKh,VITAMIN,treatment,34.49
R_1DLRE54vbCjvb6t,CELLULAR_PHONE_CASE,baseline,19.98
R_1DLRE54vbCjvb6t,ELECTRONIC_CABLE,baseline,9.99
R_1DLRE54vbCjvb6t,FRUIT,treatment,19.99
R_1DLRE54vbCjvb6t,SHOES,treatment,53.99
R_1DLRE54vbCjvb6t,SKIN_CLEANING_AGENT,treatment,13.59
R_1DOwHkGiX8DX7mF,PET_FOOD,baseline,12.28
R_1DOwHkGiX8DX7mF,PET_FOOD,treatment,10.57
R_1DOwHkGiX8DX7mF,TOILET_PAPER,treatment,25.18
R_1DOwHkGiX8DX7mF,VITAMIN,baseline,12.71
R_1DTocDmr98DeSu5,CELLULAR_PHONE_CASE,treatment,14.97
R_1DULPnUes4caEHg,SKIN_CLEANING_AGENT,baseline,6.47
R_1DULPnUes4caEHg,SUGAR_CANDY,baseline,5.99
R_1DXTNttXJvyt2M8,SHOES,baseline,59.95
R_1DYWdbAMt6LyCZH,COFFEE,baseline,81.27
R_1DYWdbAMt6LyCZH,COFFEE,treatment,29.060000000000002
R_1DYWdbAMt6LyCZH,DISHWASHER_DETERGENT,treatment,12.49
R_1DYWdbAMt6LyCZH,ELECTRONIC_CABLE,treatment,10.49
R_1DYWdbAMt6LyCZH,SKIN_CLEANING_AGENT,treatment,8.18
R_1DYWdbAMt6LyCZH,VITAMIN,baseline,9.06
R_1DYjkc1gJNvrzzL,COFFEE,treatment,15.49
R_1DYjkc1gJNvrzzL,HERB,treatment,12.99
R_1DYjkc1gJNvrzzL,PET_FOOD,baseline,83.23
R_1DYjkc1gJNvrzzL,PET_FOOD,treatment,36.99
R_1Du7cF5hhpQDgPP,HERB,baseline,4.98
R_1E09cCgzMzFPS25,CELLULAR_PHONE_CASE,treatment,8.89
R_1E09cCgzMzFPS25,COFFEE,treatment,6.14
R_1E09cCgzMzFPS25,FRUIT,baseline,10.96
R_1E09cCgzMzFPS25,FRUIT,treatment,4.5600000000000005
R_1E09cCgzMzFPS25,HERB,treatment,5.880000000000001
R_1E09cCgzMzFPS25,SAUCE,baseline,9.46
R_1E09cCgzMzFPS25,SAUCE,treatment,3.98
R_1E09cCgzMzFPS25,SKIN_CLEANING_AGENT,treatment,5.98
R_1E09cCgzMzFPS25,SUGAR_CANDY,baseline,12.81
R_1E09cCgzMzFPS25,SUGAR_CANDY,treatment,12.76
R_1E09cCgzMzFPS25,TOILET_PAPER,baseline,6.99
R_1E09cCgzMzFPS25,TOILET_PAPER,treatment,27.95
R_1E09cCgzMzFPS25,VITAMIN,baseline,12.83
R_1E09cCgzMzFPS25,VITAMIN,treatment,12.83
R_1E3TJBNJVtr3tcD,ELECTRONIC_CABLE,baseline,7.49
R_1E3TJBNJVtr3tcD,FLAVORED_DRINK_CONCENTRATE,baseline,24.95
R_1E3TJBNJVtr3tcD,FLAVORED_DRINK_CONCENTRATE,treatment,24.99
R_1E3TJBNJVtr3tcD,SHIRT,baseline,18.03
R_1E3TJBNJVtr3tcD,SHOES,baseline,12.0
R_1E3TJBNJVtr3tcD,TOILET_PAPER,treatment,20.7
R_1E5RqOd5LIHJqSq,TOILET_PAPER,treatment,17.98
R_1EafkWC1L7tVe0w,CELLULAR_PHONE_CASE,baseline,23.98
R_1EafkWC1L7tVe0w,ELECTRONIC_CABLE,baseline,8.96
R_1EafkWC1L7tVe0w,HERB,baseline,5.48
R_1EafkWC1L7tVe0w,SHOES,baseline,42.74
R_1EafkWC1L7tVe0w,SKIN_CLEANING_AGENT,baseline,9.8
R_1Eb0TuKdBzAPRU5,PET_FOOD,baseline,51.82
R_1EcWoboad0WrY5X,SHIRT,treatment,54.43
R_1Egu0oETMcJuIOb,PROTECTIVE_GLOVE,treatment,15.99
R_1Egu0oETMcJuIOb,SKIN_CLEANING_AGENT,treatment,11.28
R_1F2tvNSRK2zrouN,ELECTRONIC_CABLE,treatment,24.48
R_1F35QiIK5csZBEC,DISHWARE_PLATE,treatment,6.01
R_1F5JRp7RYbcB55J,FLAVORED_DRINK_CONCENTRATE,baseline,10.99
R_1F5JRp7RYbcB55J,SKIN_CLEANING_AGENT,baseline,8.78
R_1F5JRp7RYbcB55J,TOILET_PAPER,treatment,21.99
R_1F5JRp7RYbcB55J,VITAMIN,treatment,5.14
R_1FDuPfFH7Gp0BWI,CELLULAR_PHONE_CASE,baseline,12.99
R_1FDuPfFH7Gp0BWI,PET_FOOD,treatment,12.49
R_1FDuPfFH7Gp0BWI,PROTECTIVE_GLOVE,treatment,13.99
R_1FDuPfFH7Gp0BWI,SCREEN_PROTECTOR,baseline,5.97
R_1FDuPfFH7Gp0BWI,VITAMIN,treatment,14.47
R_1FIIRdb0jGJ9oRe,COFFEE,baseline,59.88
R_1FIIRdb0jGJ9oRe,COFFEE,treatment,37.98
R_1FILvmI2ZEKHPPR,PET_FOOD,baseline,12.33
R_1FILvmI2ZEKHPPR,VITAMIN,baseline,12.22
R_1FJ01Kk4aB1BWNJ,COFFEE,baseline,9.16
R_1FJlXVDBsBrZOy3,CELLULAR_PHONE_CASE,baseline,16.99
R_1FJlXVDBsBrZOy3,CELLULAR_PHONE_CASE,treatment,16.99
R_1FQHtC65uMiLsjT,CELLULAR_PHONE_CASE,baseline,8.99
R_1FQHtC65uMiLsjT,SCREEN_PROTECTOR,baseline,9.99
R_1FQHtC65uMiLsjT,SKIN_CLEANING_AGENT,baseline,12.95
R_1FQHtC65uMiLsjT,SKIN_CLEANING_AGENT,treatment,16.52
R_1FRQDBoks93vPCz,PET_FOOD,baseline,17.96
R_1FRQDBoks93vPCz,PET_FOOD,treatment,8.24
R_1FRQDBoks93vPCz,SKIN_CLEANING_AGENT,treatment,17.8
R_1FRsomi7uxATDER,SAUCE,baseline,9.43
R_1FRsomi7uxATDER,SKIN_CLEANING_AGENT,baseline,5.5200000000000005
R_1FRsomi7uxATDER,SKIN_CLEANING_AGENT,treatment,9.99
R_1FRsomi7uxATDER,VITAMIN,baseline,13.87
R_1FWSWSjBuPMvSgx,ELECTRONIC_CABLE,baseline,8.99
R_1FaohPMY0mE5O4K,COFFEE,treatment,6.7
R_1Fb4EL4IE75q7lf,SHOES,baseline,295.18
R_1Fb4EL4IE75q7lf,SHOES,treatment,66.37
R_1Fb4EL4IE75q7lf,SKIN_CLEANING_AGENT,baseline,7.97
R_1Ffcx0CMHqog6G8,HERB,baseline,10.5
R_1Ffcx0CMHqog6G8,HERB,treatment,4.2
R_1Ffcx0CMHqog6G8,PET_FOOD,baseline,297.09
R_1Ffcx0CMHqog6G8,PET_FOOD,treatment,93.75999999999999
R_1Ffcx0CMHqog6G8,SKIN_CLEANING_AGENT,baseline,9.39
R_1FgFVnfjrowZz1l,ELECTRONIC_CABLE,baseline,25.99
R_1FgFVnfjrowZz1l,SKIN_CLEANING_AGENT,treatment,11.82
R_1FgFVnfjrowZz1l,VITAMIN,baseline,157.03
R_1FmFI2FlHcSqbJj,SCREEN_PROTECTOR,baseline,9.95
R_1FmqNSKTkFPA2iS,CELLULAR_PHONE_CASE,baseline,9.99
R_1FnbihJLqMICvMb,VITAMIN,baseline,9.99
R_1FrdQkXjcUod40Z,SCREEN_PROTECTOR,baseline,8.99
R_1FrdQkXjcUod40Z,SHIRT,baseline,9.17
R_1FwushWdNnxMnwa,ADHESIVE_TAPES,baseline,10.99
R_1FwushWdNnxMnwa,COFFEE,baseline,35.449999999999996
R_1FwushWdNnxMnwa,COFFEE,treatment,68.5
R_1FwushWdNnxMnwa,PET_FOOD,baseline,49.77
R_1FwushWdNnxMnwa,PET_FOOD,treatment,23.4
R_1FwushWdNnxMnwa,SCREEN_PROTECTOR,baseline,6.99
R_1FwushWdNnxMnwa,SKIN_CLEANING_AGENT,baseline,8.73
R_1FwushWdNnxMnwa,VITAMIN,baseline,10.23
R_1FyNw1r0DyrEPsP,SHIRT,baseline,14.98
R_1Fyt4lN10F6TI3f,ELECTRONIC_CABLE,baseline,8.99
R_1Fyt4lN10F6TI3f,FRUIT,baseline,24.98
R_1Fyt6rHyiQcVOT8,ELECTRONIC_CABLE,baseline,16.98
R_1Fyt6rHyiQcVOT8,ELECTRONIC_CABLE,treatment,6.59
R_1Fyt6rHyiQcVOT8,PLANTER,baseline,8.98
R_1Fyt6rHyiQcVOT8,SCREEN_PROTECTOR,baseline,7.99
R_1Fz9yYKcVxPaD7n,CELLULAR_PHONE_CASE,baseline,63.45
R_1Fz9yYKcVxPaD7n,FRUIT,baseline,4.11
R_1Fz9yYKcVxPaD7n,SCREEN_PROTECTOR,baseline,22.98
R_1Fz9yYKcVxPaD7n,SCREEN_PROTECTOR,treatment,4.98
R_1Fz9yYKcVxPaD7n,VITAMIN,baseline,12.99
R_1FzILFUkhEqt8k1,ELECTRONIC_CABLE,baseline,2.99
R_1GCgOvzvQllBwhO,CELLULAR_PHONE_CASE,baseline,14.87
R_1GE6LgeTEJUmjF7,PET_FOOD,treatment,4.73
R_1GE6LgeTEJUmjF7,PLANTER,baseline,11.99
R_1GHRqNeLfZhykV2,SKIN_CLEANING_AGENT,baseline,27.86
R_1GHRqNeLfZhykV2,SUGAR_CANDY,baseline,10.99
R_1GHRqNeLfZhykV2,SUGAR_CANDY,treatment,11.99
R_1GHRqNeLfZhykV2,VITAMIN,treatment,6.07
R_1GIfjocF2dRzyeH,ELECTRONIC_CABLE,treatment,7.98
R_1GIfjocF2dRzyeH,SHOES,baseline,78.94999999999999
R_1GJQPdG3jpH3uLc,PET_FOOD,treatment,106.96
R_1GJQPdG3jpH3uLc,SHIRT,baseline,31.939999999999998
R_1GJQPdG3jpH3uLc,SHIRT,treatment,12.95
R_1GJQPdG3jpH3uLc,SKIN_CLEANING_AGENT,treatment,5.76
R_1GJh487BwGHUzGO,ELECTRONIC_CABLE,baseline,9.99
R_1GNwNjI3wJh2Kx4,PET_FOOD,baseline,40.43
R_1GP6FxkWgiZPf0s,ELECTRONIC_CABLE,treatment,19.86
R_1GP6FxkWgiZPf0s,PET_FOOD,baseline,19.19
R_1GP6FxkWgiZPf0s,PET_FOOD,treatment,23.77
R_1GP6FxkWgiZPf0s,SCREEN_PROTECTOR,baseline,8.97
R_1GP6FxkWgiZPf0s,SHIRT,baseline,72.97
R_1GP6FxkWgiZPf0s,SHOES,baseline,176.3
R_1GP6FxkWgiZPf0s,SKIN_CLEANING_AGENT,baseline,5.97
R_1GP6FxkWgiZPf0s,TOILET_PAPER,baseline,22.25
R_1GP6FxkWgiZPf0s,TOILET_PAPER,treatment,22.25
R_1GUnaIBNtPG7cDs,ELECTRONIC_CABLE,baseline,5.99
R_1GUnaIBNtPG7cDs,PET_FOOD,treatment,19.64
R_1GUnaIBNtPG7cDs,SCREEN_PROTECTOR,baseline,6.99
R_1GUnaIBNtPG7cDs,SKIN_CLEANING_AGENT,baseline,5.27
R_1GUnaIBNtPG7cDs,VITAMIN,treatment,4.3
R_1GVsIStj8gTkbIE,CELLULAR_PHONE_CASE,baseline,87.99
R_1GVsIStj8gTkbIE,ELECTRONIC_CABLE,baseline,6.99
R_1GVsIStj8gTkbIE,HERB,baseline,8.79
R_1GVsIStj8gTkbIE,TOILET_PAPER,baseline,19.99
R_1GWHQwmLGiIkYBH,VITAMIN,baseline,11.99
R_1GWwhndoXXJDzDA,ELECTRONIC_CABLE,baseline,10.99
R_1GWwhndoXXJDzDA,VITAMIN,baseline,14.98
R_1GZy78Wx8EqIpUZ,COFFEE,baseline,2.98
R_1GZy78Wx8EqIpUZ,SAUCE,baseline,3.81
R_1GZy78Wx8EqIpUZ,TOILET_PAPER,baseline,3.99
R_1GghoTNZdgUeySl,PET_FOOD,baseline,91.92
R_1GghoTNZdgUeySl,PET_FOOD,treatment,8.280000000000001
R_1GghoTNZdgUeySl,SHIRT,baseline,12.95
R_1H6R8vRtVJI4SFg,COFFEE,baseline,34.99
R_1H6R8vRtVJI4SFg,COFFEE,treatment,34.99
R_1H6R8vRtVJI4SFg,ELECTRONIC_CABLE,baseline,12.99
R_1H6R8vRtVJI4SFg,PET_FOOD,baseline,14.99
R_1H6R8vRtVJI4SFg,PET_FOOD,treatment,30.99
R_1H7fdZFFkwr8HKx,SKIN_CLEANING_AGENT,baseline,8.99
R_1H8nEEGnbME0xMW,SCREEN_PROTECTOR,treatment,8.99
R_1HjZ92vLV80BMkA,ELECTRONIC_CABLE,baseline,6.69
R_1HjZ92vLV80BMkA,PET_FOOD,baseline,14.99
R_1HjZ92vLV80BMkA,PET_FOOD,treatment,26.96
R_1HjZ92vLV80BMkA,SKIN_CLEANING_AGENT,baseline,19.99
R_1HjZ92vLV80BMkA,SKIN_CLEANING_AGENT,treatment,19.99
R_1HjZ92vLV80BMkA,TOILET_PAPER,baseline,55.13
R_1HjZ92vLV80BMkA,VITAMIN,treatment,56.8
R_1HoDTPQVCFl0O3q,SKIN_CLEANING_AGENT,treatment,39.42
R_1HoDTPQVCFl0O3q,TOILET_PAPER,treatment,50.22
R_1HotIA3syHobFfp,PROTECTIVE_GLOVE,baseline,9.98
R_1HotIA3syHobFfp,VITAMIN,baseline,15.780000000000001
R_1I6meOeB0piHEX8,ADHESIVE_TAPES,baseline,52.96
R_1IL4eE4qWAUTvTW,CELLULAR_PHONE_CASE,treatment,12.88
R_1IL4eE4qWAUTvTW,ELECTRONIC_CABLE,treatment,4.94
R_1IQJmGpHDXC3ASx,VITAMIN,baseline,4.83
R_1IQrTixrpV3RdZy,PET_FOOD,baseline,6.39
R_1IQrTixrpV3RdZy,PET_FOOD,treatment,7.66
R_1IRcsBDiYNaqCGX,FRUIT,baseline,15.25
R_1IRcsBDiYNaqCGX,FRUIT,treatment,15.55
R_1IRcsBDiYNaqCGX,TOILET_PAPER,treatment,31.49
R_1ISEgH4xrMo9cJp,SHIRT,treatment,16.99
R_1ISEgH4xrMo9cJp,TOILET_PAPER,baseline,22.25
R_1ISJv7z3x6BnK4k,SAUCE,treatment,6.279999999999999
R_1IYpsszqv6YqEQ3,SHOES,baseline,44.95
R_1IZBlduDFUJEphM,CELLULAR_PHONE_CASE,baseline,17.99
R_1IZBlduDFUJEphM,SHIRT,baseline,18.5
R_1IZBlduDFUJEphM,SHOES,baseline,94.92
R_1IZaizh36yGgZ9k,CELLULAR_PHONE_CASE,baseline,10.99
R_1IZaizh36yGgZ9k,HERB,baseline,1.65
R_1IZaizh36yGgZ9k,SCREEN_PROTECTOR,baseline,8.99
R_1IZrt5CyqgTg2Qe,CELLULAR_PHONE_CASE,baseline,35.99
R_1IZrt5CyqgTg2Qe,HERB,treatment,9.98
R_1IZrt5CyqgTg2Qe,PET_FOOD,baseline,46.74
R_1IZrt5CyqgTg2Qe,SKIN_CLEANING_AGENT,baseline,19.95
R_1IZrt5CyqgTg2Qe,SKIN_CLEANING_AGENT,treatment,19.95
R_1IaQCAaU1CcbXWO,SUGAR_CANDY,baseline,6.72
R_1IaYiTSaUaD2W2i,DISHWASHER_DETERGENT,treatment,8.89
R_1IaYiTSaUaD2W2i,FLAVORED_DRINK_CONCENTRATE,baseline,10.99
R_1IaYiTSaUaD2W2i,SAUCE,baseline,17.28
R_1IaYiTSaUaD2W2i,VITAMIN,treatment,15.95
R_1IbecOt0BQCiSOz,ELECTRONIC_CABLE,treatment,15.0
R_1IbecOt0BQCiSOz,SKIN_CLEANING_AGENT,baseline,14.71
R_1IioZPxKZBHs2gO,SHIRT,baseline,19.99
R_1IjiyEVDz09eFAs,CELLULAR_PHONE_CASE,baseline,4.99
R_1IjiyEVDz09eFAs,CELLULAR_PHONE_CASE,treatment,7.98
R_1IjiyEVDz09eFAs,DISHWARE_PLATE,baseline,10.58
R_1IjiyEVDz09eFAs,SCREEN_PROTECTOR,baseline,6.99
R_1IjiyEVDz09eFAs,SHIRT,baseline,65.98
R_1IjiyEVDz09eFAs,SKIN_CLEANING_AGENT,baseline,7.0
R_1IjiyEVDz09eFAs,TOILET_PAPER,baseline,41.69
R_1IsBNBTlSlOVuGG,TOILET_PAPER,baseline,14.77
R_1Iy2gQsVfTKf9TT,DISHWASHER_DETERGENT,treatment,16.56
R_1Iy2gQsVfTKf9TT,FRUIT,baseline,14.99
R_1Iy2gQsVfTKf9TT,PET_FOOD,treatment,27.99
R_1Iy2gQsVfTKf9TT,TOILET_PAPER,baseline,29.98
R_1Iy2gQsVfTKf9TT,VITAMIN,baseline,20.93
R_1Iy2gQsVfTKf9TT,VITAMIN,treatment,68.83
R_1JEoAUQUClB8E1Q,DISHWASHER_DETERGENT,baseline,12.49
R_1JEoAUQUClB8E1Q,ELECTRONIC_CABLE,baseline,11.99
R_1JEoAUQUClB8E1Q,PET_FOOD,baseline,12.98
R_1JEoAUQUClB8E1Q,PET_FOOD,treatment,12.33
R_1JEoAUQUClB8E1Q,SHOES,baseline,26.98
R_1JEoAUQUClB8E1Q,SHOES,treatment,129.95
R_1JEoAUQUClB8E1Q,SKIN_CLEANING_AGENT,treatment,14.97
R_1JEoAUQUClB8E1Q,TOILET_PAPER,baseline,25.18
R_1JEoAUQUClB8E1Q,TOILET_PAPER,treatment,25.18
R_1JLBP1fFf3p8tpy,SCREEN_PROTECTOR,baseline,39.96
R_1K9f38YmK0xZOOv,SHIRT,treatment,14.99
R_1K9f38YmK0xZOOv,SKIN_CLEANING_AGENT,treatment,14.9
R_1KdlBlo1yOVwef9,COFFEE,baseline,5.92
R_1KdlBlo1yOVwef9,COFFEE,treatment,6.7
R_1KdlBlo1yOVwef9,VITAMIN,baseline,9.34
R_1KeXbdcXuMQWdmP,VITAMIN,treatment,30.900000000000002
R_1Kj7uR43IVKeTra,CELLULAR_PHONE_CASE,baseline,22.09
R_1KkFs7rgWXlWf58,COFFEE,treatment,10.32
R_1KloshKwV8MUAx4,ELECTRONIC_CABLE,baseline,8.99
R_1KmbYBZQ4ogvucS,SKIN_CLEANING_AGENT,treatment,22.6
R_1KpwZSZ5wwEFepN,PET_FOOD,baseline,8.49
R_1Kru2C0Zf28ZbQ0,ADHESIVE_TAPES,baseline,19.31
R_1Kru2C0Zf28ZbQ0,COFFEE,baseline,10.43
R_1Kru2C0Zf28ZbQ0,PET_FOOD,baseline,98.14
R_1Kru2C0Zf28ZbQ0,PET_FOOD,treatment,76.36999999999999
R_1Ks4GqaB1absf4q,FRUIT,treatment,14.8
R_1Ks4GqaB1absf4q,SAUCE,treatment,9.42
R_1KuRw7yqmhN2In1,CELLULAR_PHONE_CASE,baseline,13.99
R_1KuRw7yqmhN2In1,SHIRT,baseline,25.990000000000002
R_1KxVDxZl2H0XoHS,FLAVORED_DRINK_CONCENTRATE,treatment,2.05
R_1KxVDxZl2H0XoHS,PET_FOOD,baseline,23.65
R_1KxVDxZl2H0XoHS,PET_FOOD,treatment,16.490000000000002
R_1KxVDxZl2H0XoHS,SHOES,baseline,29.97
R_1KxVDxZl2H0XoHS,SKIN_CLEANING_AGENT,treatment,6.99
R_1KxVDxZl2H0XoHS,TOILET_PAPER,baseline,4.99
R_1KxVDxZl2H0XoHS,VITAMIN,treatment,14.25
R_1LBb6RJC62dh4y4,PROTECTIVE_GLOVE,treatment,19.21
R_1LCMXBRIyG4h84a,PROTECTIVE_GLOVE,baseline,6.99
R_1LFqrP3wXLY29vm,SCREEN_PROTECTOR,treatment,13.879999999999999
R_1LMa9REuvUok05j,ADHESIVE_TAPES,treatment,6.74
R_1LMa9REuvUok05j,CELLULAR_PHONE_CASE,baseline,10.41
R_1LMa9REuvUok05j,SCREEN_PROTECTOR,baseline,7.99
R_1LMa9REuvUok05j,SKIN_CLEANING_AGENT,baseline,8.38
R_1LMx3Ij1VcN0Cnc,SHIRT,baseline,32.64
R_1LRMfvqtCuHQOG4,PROTECTIVE_GLOVE,treatment,47.2
R_1LRR1P5IQqdSvIP,ADHESIVE_TAPES,baseline,12.99
R_1LRR1P5IQqdSvIP,CELLULAR_PHONE_CASE,baseline,14.99
R_1LRR1P5IQqdSvIP,ELECTRONIC_CABLE,treatment,19.99
R_1LRR1P5IQqdSvIP,PET_FOOD,baseline,13.83
R_1LRR1P5IQqdSvIP,SKIN_CLEANING_AGENT,baseline,5.34
R_1LRR1P5IQqdSvIP,SKIN_CLEANING_AGENT,treatment,15.56
R_1LRtdK1XMr1uFCf,SKIN_CLEANING_AGENT,treatment,1.52
R_1LRtdK1XMr1uFCf,VITAMIN,baseline,8.33
R_1LRxmw1v9XlwyZ4,SCREEN_PROTECTOR,baseline,7.95
R_1LU3ZUh1C0Ij7PO,SCREEN_PROTECTOR,treatment,7.85
R_1LU3ZUh1C0Ij7PO,SHIRT,treatment,46.89
R_1LUuuC6VrhpFCm8,FRUIT,baseline,4.53
R_1LUuuC6VrhpFCm8,SKIN_CLEANING_AGENT,baseline,14.98
R_1LUuuC6VrhpFCm8,VITAMIN,baseline,9.99
R_1LcCULNDVzpY8B5,SKIN_CLEANING_AGENT,baseline,4.18
R_1LdmaFBhWUcIaF7,PET_FOOD,baseline,39.79
R_1LdmaFBhWUcIaF7,PET_FOOD,treatment,33.09
R_1LdmaFBhWUcIaF7,SKIN_CLEANING_AGENT,treatment,9.8
R_1LhFM2BaxIGVUFr,SHIRT,baseline,15.0
R_1LiA2fJVDUQ4IXM,HERB,treatment,9.99
R_1LiA2fJVDUQ4IXM,SAUCE,treatment,19.99
R_1LjSgCvVRqzw9aN,COFFEE,baseline,25.94
R_1Lkg917fX5vUGok,ELECTRONIC_CABLE,baseline,40.98
R_1Lkg917fX5vUGok,SHIRT,baseline,13.5
R_1LoL695ixNZxVpn,SKIN_CLEANING_AGENT,treatment,8.18
R_1LqEf4VXuqbsVzA,PET_FOOD,baseline,41.99
R_1LqEf4VXuqbsVzA,PLANTER,treatment,9.86
R_1LqEf4VXuqbsVzA,TOILET_PAPER,treatment,11.52
R_1Luv7PTSNMEjqFV,SHOES,treatment,50.0
R_1LwfsLJ5DG4OwEO,CELLULAR_PHONE_CASE,baseline,18.97
R_1LwfsLJ5DG4OwEO,SHIRT,baseline,19.96
R_1MJSWPNY1QR0Q68,SCREEN_PROTECTOR,baseline,6.99
R_1MMP47rgh3ubRwP,ELECTRONIC_CABLE,baseline,21.09
R_1MPUcBEwaqGfQoa,ELECTRONIC_CABLE,baseline,8.99
R_1MQIBxrlXnpRlSN,SUGAR_CANDY,baseline,31.99
R_1MQJZk1ALfEkRX3,PET_FOOD,treatment,2.76
R_1MSOoW9gkEFmm8j,SHIRT,treatment,29.99
R_1MSOoW9gkEFmm8j,SHOES,treatment,32.95
R_1MSOoW9gkEFmm8j,SKIN_CLEANING_AGENT,treatment,6.78
R_1MTbVUzYEQq2MzU,SHOES,treatment,18.99
R_1MXNkKRoumaX8uK,HERB,baseline,9.29
R_1MXUL8xOw2LkP30,VITAMIN,baseline,14.950000000000001
R_1MXUL8xOw2LkP30,VITAMIN,treatment,9.97
R_1MY7yxvExjQWTkv,SHOES,treatment,32.99
R_1MYWNvd6IFetpta,FRUIT,baseline,18.23
R_1MYWNvd6IFetpta,FRUIT,treatment,0.66
R_1MYWNvd6IFetpta,HERB,baseline,9.77
R_1MYWNvd6IFetpta,SAUCE,baseline,2.42
R_1MYdjbgZgAAC4Mx,SHIRT,treatment,33.99
R_1MYdjbgZgAAC4Mx,SKIN_CLEANING_AGENT,treatment,13.5
R_1MYdjbgZgAAC4Mx,VITAMIN,baseline,9.36
R_1MYrYnG98fauwrr,SKIN_CLEANING_AGENT,baseline,16.5
R_1N1YOGbiFkuF3OL,SHIRT,baseline,35.97
R_1N82p883ADvIocT,ELECTRONIC_CABLE,baseline,6.5
R_1N82p883ADvIocT,VITAMIN,baseline,8.44
R_1N9BtdjOYs5v931,SKIN_CLEANING_AGENT,baseline,14.9
R_1N9qRfxsySxBONQ,ADHESIVE_TAPES,baseline,8.99
R_1N9qRfxsySxBONQ,CELLULAR_PHONE_CASE,baseline,7.88
R_1N9qRfxsySxBONQ,PROTECTIVE_GLOVE,baseline,12.99
R_1N9qRfxsySxBONQ,VITAMIN,baseline,23.95
R_1NCzj2eSHI4QGcd,DISHWASHER_DETERGENT,baseline,8.49
R_1NCzj2eSHI4QGcd,SHIRT,baseline,107.47
R_1NCzj2eSHI4QGcd,SHIRT,treatment,26.950000000000003
R_1NCzj2eSHI4QGcd,SKIN_CLEANING_AGENT,treatment,4.99
R_1NDiWYuyBol2BgP,COFFEE,baseline,10.49
R_1NDq0rxoUSu6oyz,PET_FOOD,baseline,31.15
R_1NDq0rxoUSu6oyz,PET_FOOD,treatment,82.8
R_1NDq0rxoUSu6oyz,SHIRT,baseline,19.99
R_1NDq0rxoUSu6oyz,SHOES,baseline,76.56
R_1NDq0rxoUSu6oyz,SUGAR_CANDY,treatment,23.52
R_1NEVjqnQFBlnPsg,ELECTRONIC_CABLE,treatment,9.75
R_1NEVjqnQFBlnPsg,PET_FOOD,baseline,89.03
R_1NEVjqnQFBlnPsg,SHIRT,baseline,16.99
R_1NFde2vzLpu8IWT,ELECTRONIC_CABLE,treatment,8.02
R_1NFde2vzLpu8IWT,PET_FOOD,treatment,4.82
R_1Ne15WLtaDfzhn6,PET_FOOD,baseline,69.96
R_1Ne15WLtaDfzhn6,PET_FOOD,treatment,19.99
R_1Ne15WLtaDfzhn6,SHOES,baseline,37.16
R_1Ne15WLtaDfzhn6,SHOES,treatment,49.99
R_1NewMfEsTdiNbSy,COFFEE,baseline,31.0
R_1NfxGiJddqHvUUI,PET_FOOD,treatment,10.8
R_1NfxGiJddqHvUUI,SCREEN_PROTECTOR,treatment,12.89
R_1NgAUlbpH2mgLYQ,CELLULAR_PHONE_CASE,treatment,7.98
R_1NgAUlbpH2mgLYQ,ELECTRONIC_CABLE,baseline,12.99
R_1NgAUlbpH2mgLYQ,SHIRT,baseline,9.98
R_1NgAWSeub1pgOGj,ELECTRONIC_CABLE,treatment,5.48
R_1NglQq1cT6f3iyC,SHIRT,baseline,39.97
R_1NlGZCWpxXc8mjn,SHIRT,baseline,5.78
R_1NlGZCWpxXc8mjn,VITAMIN,baseline,36.84
R_1Nnv2IYQFpUwHrr,SCREEN_PROTECTOR,baseline,19.99
R_1NySziOu3paaWyj,ADHESIVE_TAPES,baseline,9.9
R_1NySziOu3paaWyj,COFFEE,baseline,19.96
R_1NySziOu3paaWyj,COFFEE,treatment,10.99
R_1ODhd1JuDR58zaI,ELECTRONIC_CABLE,baseline,6.99
R_1OIDizdfPJbwBnV,ELECTRONIC_CABLE,baseline,7.88
R_1OIDizdfPJbwBnV,PET_FOOD,treatment,12.74
R_1OJZKQM4ZrHncBJ,DISHWASHER_DETERGENT,baseline,20.509999999999998
R_1OJZKQM4ZrHncBJ,PET_FOOD,baseline,7.42
R_1OJZKQM4ZrHncBJ,PET_FOOD,treatment,7.42
R_1OK4kjlIGd3SHzR,PROTECTIVE_GLOVE,baseline,12.8
R_1OMKeKICcW0F652,HERB,treatment,7.99
R_1OMKeKICcW0F652,VITAMIN,treatment,19.48
R_1ONsVOpSDE6jAfT,PET_FOOD,baseline,65.68
R_1ONsVOpSDE6jAfT,SCREEN_PROTECTOR,baseline,14.99
R_1ONsVOpSDE6jAfT,SHIRT,baseline,12.78
R_1ONsVOpSDE6jAfT,VITAMIN,treatment,15.99
R_1OUlnkhW3dDI5OS,PROTECTIVE_GLOVE,baseline,8.76
R_1OUlnkhW3dDI5OS,SCREEN_PROTECTOR,baseline,9.49
R_1OYP3GlJXueiqir,ELECTRONIC_CABLE,treatment,26.99
R_1OZUQwC9oyVRYlu,PROTECTIVE_GLOVE,baseline,10.66
R_1OlyKZYuQUE5Cgc,VITAMIN,baseline,27.9
R_1Oov0G05pkQnKNn,ADHESIVE_TAPES,baseline,4.99
R_1Oov0G05pkQnKNn,PET_FOOD,baseline,44.99
R_1OpBOVBIiQpQOdY,CELLULAR_PHONE_CASE,treatment,4.99
R_1OpBOVBIiQpQOdY,SHIRT,treatment,8.0
R_1OpBOVBIiQpQOdY,SKIN_CLEANING_AGENT,treatment,5.97
R_1OpBOVBIiQpQOdY,SUGAR_CANDY,baseline,19.85
R_1OpBOVBIiQpQOdY,SUGAR_CANDY,treatment,18.33
R_1OpmXXHjsxHBvog,SHOES,baseline,9.99
R_1Oq3DG0zY5vXXn7,COFFEE,treatment,22.88
R_1Oq3DG0zY5vXXn7,TOILET_PAPER,treatment,27.99
R_1Oq3DG0zY5vXXn7,VITAMIN,baseline,20.74
R_1OqVCuM7fGds9xh,ADHESIVE_TAPES,baseline,10.74
R_1OqVCuM7fGds9xh,COFFEE,baseline,10.76
R_1OqVCuM7fGds9xh,ELECTRONIC_CABLE,baseline,5.99
R_1OqVCuM7fGds9xh,FLAVORED_DRINK_CONCENTRATE,baseline,6.51
R_1OqVCuM7fGds9xh,SUGAR_CANDY,baseline,3.76
R_1Owwa72zuqchWxY,PET_FOOD,baseline,59.980000000000004
R_1Owwa72zuqchWxY,PET_FOOD,treatment,20.16
R_1Owwa72zuqchWxY,SHIRT,baseline,71.99
R_1P0LqZV0oEW37kP,ELECTRONIC_CABLE,baseline,8.99
R_1P0kCmz0zdMSEld,COFFEE,baseline,20.87
R_1P12IAJWGMZsnVd,SHOES,baseline,54.99
R_1P12IAJWGMZsnVd,VITAMIN,baseline,9.38
R_1P4URZhhvR2M604,CELLULAR_PHONE_CASE,baseline,50.580000000000005
R_1P4URZhhvR2M604,SHIRT,baseline,182.92000000000002
R_1P4URZhhvR2M604,SHOES,baseline,172.63
R_1P5ErlPGjubgaax,SHIRT,treatment,17.99
R_1PRE6htgNiTE6sa,COFFEE,baseline,25.17
R_1PUcgnVG2i0EBz4,ADHESIVE_TAPES,baseline,27.69
R_1PUcgnVG2i0EBz4,PET_FOOD,treatment,38.52
R_1PUcgnVG2i0EBz4,PLANTER,baseline,279.96
R_1PUcgnVG2i0EBz4,SKIN_CLEANING_AGENT,baseline,6.99
R_1PYj89tLuB6NrO0,PET_FOOD,baseline,16.86
R_1PaWyy52p6QVJzy,CELLULAR_PHONE_CASE,treatment,8.99
R_1PaWyy52p6QVJzy,ELECTRONIC_CABLE,baseline,6.44
R_1PcttxbjmIpzZ9t,SCREEN_PROTECTOR,baseline,11.99
R_1Q62CIVb2WAS8hB,COFFEE,baseline,29.99
R_1Q62CIVb2WAS8hB,PET_FOOD,baseline,40.96
R_1Q62CIVb2WAS8hB,PET_FOOD,treatment,20.48
R_1Q62CIVb2WAS8hB,SHOES,baseline,59.95
R_1Q62CIVb2WAS8hB,TOILET_PAPER,baseline,22.25
R_1Q9JeeKncbbLcz0,ELECTRONIC_CABLE,baseline,10.99
R_1Q9JeeKncbbLcz0,FLAVORED_DRINK_CONCENTRATE,treatment,32.65
R_1Q9JeeKncbbLcz0,PET_FOOD,baseline,156.59
R_1Q9JeeKncbbLcz0,PET_FOOD,treatment,208.20999999999998
R_1Q9JeeKncbbLcz0,SKIN_CLEANING_AGENT,treatment,13.94
R_1Q9JeeKncbbLcz0,TOILET_PAPER,baseline,31.49
R_1QJDCnwRoXCQWZO,SUGAR_CANDY,baseline,9.28
R_1QKu8qtvgo0d1uS,ELECTRONIC_CABLE,baseline,11.96
R_1QKu8qtvgo0d1uS,FLAVORED_DRINK_CONCENTRATE,baseline,1.98
R_1QKu8qtvgo0d1uS,HERB,baseline,0.79
R_1QKu8qtvgo0d1uS,PET_FOOD,baseline,28.96
R_1QKu8qtvgo0d1uS,PET_FOOD,treatment,12.99
R_1QKu8qtvgo0d1uS,SAUCE,baseline,3.68
R_1QKu8qtvgo0d1uS,SHIRT,treatment,9.99
R_1QKu8qtvgo0d1uS,SHOES,baseline,53.99
R_1QKu8qtvgo0d1uS,SKIN_CLEANING_AGENT,baseline,15.98
R_1QKu8qtvgo0d1uS,SKIN_CLEANING_AGENT,treatment,3.75
R_1QKu8qtvgo0d1uS,TOILET_PAPER,baseline,7.49
R_1QKu8qtvgo0d1uS,TOILET_PAPER,treatment,8.61
R_1QKu8qtvgo0d1uS,VITAMIN,baseline,79.63
R_1QLfbB3Lho273wG,CELLULAR_PHONE_CASE,treatment,16.99
R_1QLfbB3Lho273wG,ELECTRONIC_CABLE,treatment,19.99
R_1QLfbB3Lho273wG,SCREEN_PROTECTOR,treatment,4.89
R_1QLfbB3Lho273wG,TOILET_PAPER,baseline,19.98
R_1QbXTBxp4gQeTaM,CELLULAR_PHONE_CASE,baseline,22.549999999999997
R_1QbXTBxp4gQeTaM,SCREEN_PROTECTOR,baseline,13.98
R_1QgCk1rGPI0P6Ae,ELECTRONIC_CABLE,treatment,5.85
R_1QhEPMXONBU12sq,DISHWASHER_DETERGENT,treatment,14.99
R_1QhKXo3FefH4Bab,COFFEE,baseline,74.97999999999999
R_1QhKXo3FefH4Bab,ELECTRONIC_CABLE,baseline,57.91
R_1QhKXo3FefH4Bab,HERB,baseline,18.99
R_1QhKXo3FefH4Bab,PET_FOOD,baseline,78.97
R_1QhKXo3FefH4Bab,PET_FOOD,treatment,11.64
R_1Qlu9zbB0XgXZ3s,CELLULAR_PHONE_CASE,baseline,25.0
R_1QnGxCVpumQBm7E,CELLULAR_PHONE_CASE,baseline,64.96000000000001
R_1QnGxCVpumQBm7E,ELECTRONIC_CABLE,treatment,38.43
R_1QnrzFsIBd6G3N9,PLANTER,baseline,29.87
R_1QnrzFsIBd6G3N9,SKIN_CLEANING_AGENT,baseline,14.99
R_1QoPHtffEy2UzWJ,VITAMIN,treatment,159.96
R_1QozBaV2v9k1qO9,PROTECTIVE_GLOVE,baseline,8.72
R_1QozBaV2v9k1qO9,SKIN_CLEANING_AGENT,treatment,3.59
R_1QozBaV2v9k1qO9,VITAMIN,baseline,18.490000000000002
R_1QsBQXKcvaivx1j,PLANTER,baseline,18.95
R_1QsZS0nI2sw5gl5,COFFEE,baseline,34.85
R_1QsZS0nI2sw5gl5,COFFEE,treatment,22.86
R_1QsZS0nI2sw5gl5,PET_FOOD,baseline,9.28
R_1QsZS0nI2sw5gl5,PET_FOOD,treatment,12.53
R_1QtQEfi1VAWgRM0,COFFEE,baseline,14.99
R_1QtQEfi1VAWgRM0,DISHWASHER_DETERGENT,treatment,16.97
R_1QtQEfi1VAWgRM0,HERB,baseline,9.95
R_1QtQEfi1VAWgRM0,PET_FOOD,baseline,230.45
R_1QtQEfi1VAWgRM0,PET_FOOD,treatment,159.07999999999998
R_1QtQEfi1VAWgRM0,SAUCE,baseline,9.11
R_1QtQEfi1VAWgRM0,SAUCE,treatment,14.52
R_1QtQEfi1VAWgRM0,SKIN_CLEANING_AGENT,baseline,29.94
R_1QuSUnjdiniq8jy,PET_FOOD,baseline,150.84
R_1QuSUnjdiniq8jy,PET_FOOD,treatment,21.060000000000002
R_1QuSUnjdiniq8jy,SUGAR_CANDY,baseline,32.42
R_1QupmKjSh9fA4l4,ELECTRONIC_CABLE,treatment,12.99
R_1QupmKjSh9fA4l4,PROTECTIVE_GLOVE,baseline,35.58
R_1QupmKjSh9fA4l4,PROTECTIVE_GLOVE,treatment,10.99
R_1QupmKjSh9fA4l4,SKIN_CLEANING_AGENT,treatment,25.96
R_1QupmKjSh9fA4l4,TOILET_PAPER,baseline,61.6
R_1QupmKjSh9fA4l4,VITAMIN,treatment,11.7
R_1QutEVkZz69QFR7,ELECTRONIC_CABLE,baseline,15.99
R_1Qyzwfx5HrXdw4U,FRUIT,treatment,3.97
R_1Qyzwfx5HrXdw4U,HERB,treatment,7.2700000000000005
R_1Qyzwfx5HrXdw4U,SAUCE,treatment,4.99
R_1Ri2PvXp7pnqqyt,ELECTRONIC_CABLE,baseline,9.99
R_1Y749UrP3H63nsR,ELECTRONIC_CABLE,baseline,15.98
R_1Y749UrP3H63nsR,FRUIT,baseline,1.6099999999999999
R_1Y749UrP3H63nsR,HERB,baseline,1.72
R_1Y749UrP3H63nsR,PLANTER,baseline,18.0
R_1Y749UrP3H63nsR,SAUCE,baseline,4.31
R_1cUrY5EuyLHnEhf,ADHESIVE_TAPES,baseline,23.94
R_1cUrY5EuyLHnEhf,SHIRT,baseline,16.99
R_1cUrY5EuyLHnEhf,SHIRT,treatment,16.79
R_1cYTBjpzLmoD0o6,SHOES,treatment,43.42
R_1cYxarQPFQxNRHB,FRUIT,treatment,14.99
R_1cYxarQPFQxNRHB,VITAMIN,treatment,14.02
R_1cZfyoMTmga6Jem,SCREEN_PROTECTOR,treatment,8.95
R_1d02LBY83RUbFAj,PET_FOOD,treatment,5.58
R_1d02LBY83RUbFAj,SCREEN_PROTECTOR,baseline,7.95
R_1d53jiCj5wF9MDy,CELLULAR_PHONE_CASE,baseline,28.97
R_1d53jiCj5wF9MDy,SCREEN_PROTECTOR,baseline,5.95
R_1dAhJdFXHV5xmMG,ELECTRONIC_CABLE,treatment,7.98
R_1dAhJdFXHV5xmMG,FRUIT,treatment,7.69
R_1dAhJdFXHV5xmMG,PET_FOOD,treatment,45.99
R_1dEK26hH8SPqc9F,DISHWARE_PLATE,treatment,6.56
R_1dEORt9BZBN76Bt,CELLULAR_PHONE_CASE,baseline,17.27
R_1dEORt9BZBN76Bt,PET_FOOD,treatment,23.740000000000002
R_1dEORt9BZBN76Bt,TOILET_PAPER,treatment,26.64
R_1dFu7LeBJE3Wd6p,COFFEE,baseline,14.99
R_1dFu7LeBJE3Wd6p,COFFEE,treatment,15.49
R_1dFu7LeBJE3Wd6p,ELECTRONIC_CABLE,baseline,28.479999999999997
R_1dFu7LeBJE3Wd6p,PET_FOOD,treatment,7.29
R_1dFu7LeBJE3Wd6p,SKIN_CLEANING_AGENT,baseline,2.92
R_1dFu7LeBJE3Wd6p,SKIN_CLEANING_AGENT,treatment,14.95
R_1dKBjc0UTA0ZiYb,HERB,treatment,6.39
R_1dKBjc0UTA0ZiYb,SHOES,baseline,91.72999999999999
R_1dKBjc0UTA0ZiYb,SKIN_CLEANING_AGENT,treatment,22.09
R_1dKBjc0UTA0ZiYb,VITAMIN,treatment,9.89
R_1daE3vUDxFrSw4I,ADHESIVE_TAPES,treatment,7.75
R_1daE3vUDxFrSw4I,PET_FOOD,baseline,56.94
R_1daE3vUDxFrSw4I,PET_FOOD,treatment,55.96
R_1dlSByn2AyHWx7r,ELECTRONIC_CABLE,baseline,18.0
R_1dlSByn2AyHWx7r,FLAVORED_DRINK_CONCENTRATE,baseline,24.99
R_1dlSByn2AyHWx7r,HERB,baseline,7.24
R_1dlSByn2AyHWx7r,PET_FOOD,baseline,27.28
R_1dlSByn2AyHWx7r,SCREEN_PROTECTOR,baseline,10.99
R_1dlSByn2AyHWx7r,TOILET_PAPER,baseline,7.48
R_1dnt2vJuBD1A90P,PET_FOOD,baseline,52.26
R_1dnt2vJuBD1A90P,PET_FOOD,treatment,1.44
R_1dpjyNliPgQ1lKK,SKIN_CLEANING_AGENT,baseline,6.98
R_1dppjLIFEdj7Kq5,COFFEE,baseline,19.16
R_1dppjLIFEdj7Kq5,COFFEE,treatment,14.0
R_1dppjLIFEdj7Kq5,PET_FOOD,baseline,314.37
R_1dppjLIFEdj7Kq5,SKIN_CLEANING_AGENT,treatment,13.86
R_1dppjLIFEdj7Kq5,TOILET_PAPER,baseline,12.48
R_1drSsuQ7GIFdz5Z,VITAMIN,baseline,18.37
R_1ds30eciekBXDER,ADHESIVE_TAPES,baseline,11.07
R_1ds30eciekBXDER,ELECTRONIC_CABLE,baseline,36.96
R_1ds30eciekBXDER,PET_FOOD,baseline,127.74000000000001
R_1ds30eciekBXDER,PET_FOOD,treatment,32.99
R_1ds30eciekBXDER,SHIRT,baseline,16.47
R_1ds30eciekBXDER,SHOES,baseline,27.96
R_1ds30eciekBXDER,VITAMIN,baseline,20.95
R_1ds30eciekBXDER,VITAMIN,treatment,22.5
R_1dskEAgtGDCt6s5,FRUIT,baseline,23.88
R_1dskEAgtGDCt6s5,SHIRT,baseline,13.99
R_1dt2pwnEJkg5a7A,COFFEE,baseline,5.49
R_1dt2pwnEJkg5a7A,FRUIT,baseline,11.07
R_1dt2pwnEJkg5a7A,SKIN_CLEANING_AGENT,baseline,3.04
R_1dt2pwnEJkg5a7A,TOILET_PAPER,baseline,11.36
R_1dyqbVnXomwItTl,CELLULAR_PHONE_CASE,baseline,5.56
R_1dyqbVnXomwItTl,VITAMIN,baseline,19.88
R_1eDabE58dk65Lyy,PROTECTIVE_GLOVE,treatment,16.74
R_1eFv0mPpH4dM2mG,VITAMIN,treatment,66.41999999999999
R_1eK7QgmUExJQ7Dh,COFFEE,baseline,7.9399999999999995
R_1eK7QgmUExJQ7Dh,FRUIT,baseline,9.98
R_1eK7QgmUExJQ7Dh,FRUIT,treatment,6.28
R_1eK7QgmUExJQ7Dh,SAUCE,treatment,3.18
R_1eK7QgmUExJQ7Dh,SUGAR_CANDY,treatment,4.48
R_1eLARPfQt7BNOE7,DISHWASHER_DETERGENT,baseline,5.97
R_1eOAA9WI8uZjYbx,TOILET_PAPER,baseline,41.82
R_1ePFtJLT63QEZUA,ELECTRONIC_CABLE,baseline,27.99
R_1ePFtJLT63QEZUA,ELECTRONIC_CABLE,treatment,26.400000000000002
R_1ePFtJLT63QEZUA,SHOES,baseline,56.51
R_1eQ310Uea5DrogF,CELLULAR_PHONE_CASE,baseline,25.98
R_1eQ310Uea5DrogF,CELLULAR_PHONE_CASE,treatment,9.99
R_1eQ310Uea5DrogF,SCREEN_PROTECTOR,baseline,10.99
R_1eQnJj8K1vtPl5u,COFFEE,treatment,31.48
R_1eQnJj8K1vtPl5u,FRUIT,treatment,23.240000000000002
R_1eQnJj8K1vtPl5u,SAUCE,treatment,2.29
R_1eQqFeBM4MatSbX,PET_FOOD,baseline,89.99
R_1eXcCdLEuOijpZN,PET_FOOD,baseline,21.59
R_1erhO8tofEyVnjc,ELECTRONIC_CABLE,baseline,25.99
R_1erhO8tofEyVnjc,PET_FOOD,baseline,29.99
R_1erhO8tofEyVnjc,SHIRT,baseline,16.99
R_1erhO8tofEyVnjc,SKIN_CLEANING_AGENT,baseline,36.28
R_1es0ZAh99KXD78e,CELLULAR_PHONE_CASE,baseline,12.99
R_1es0ZAh99KXD78e,SHIRT,treatment,14.99
R_1esG9Jlh9NISLaO,SHOES,baseline,66.31
R_1escXXhyvAgsBYq,SHIRT,baseline,39.94
R_1escXXhyvAgsBYq,SHIRT,treatment,55.98
R_1escXXhyvAgsBYq,TOILET_PAPER,treatment,24.87
R_1et68OMwPsnfEX9,SKIN_CLEANING_AGENT,baseline,9.99
R_1ewN7JPVQlVBeKw,SHOES,treatment,44.99
R_1ewSs1s8XEonRw7,ADHESIVE_TAPES,baseline,29.99
R_1ewSs1s8XEonRw7,SUGAR_CANDY,baseline,22.56
R_1exepO2lYqHFR9q,ELECTRONIC_CABLE,baseline,6.99
R_1exepO2lYqHFR9q,PROTECTIVE_GLOVE,baseline,25.98
R_1ez4JQNwmuGXkQX,PET_FOOD,baseline,18.44
R_1ez4JQNwmuGXkQX,PET_FOOD,treatment,55.989999999999995
R_1ezavRhXbeNQUT1,ELECTRONIC_CABLE,treatment,9.99
R_1ezavRhXbeNQUT1,PET_FOOD,baseline,29.49
R_1f0BheVrUHXS92R,COFFEE,treatment,20.43
R_1f0BheVrUHXS92R,SHIRT,treatment,25.99
R_1f0BheVrUHXS92R,SHOES,baseline,59.98
R_1f1PzEZw8H2N4zm,ELECTRONIC_CABLE,treatment,12.99
R_1f1PzEZw8H2N4zm,PROTECTIVE_GLOVE,treatment,15.05
R_1f1SLKwUDjWMgAL,CELLULAR_PHONE_CASE,baseline,10.99
R_1f1SLKwUDjWMgAL,ELECTRONIC_CABLE,baseline,9.99
R_1f1SLKwUDjWMgAL,SCREEN_PROTECTOR,baseline,15.98
R_1f1SLKwUDjWMgAL,SHIRT,baseline,20.39
R_1f1SLKwUDjWMgAL,SUGAR_CANDY,treatment,4.69
R_1f3LFOK55u1EHpB,CELLULAR_PHONE_CASE,baseline,9.8
R_1f3LFOK55u1EHpB,SHIRT,baseline,21.98
R_1f88A1YFQZhtSi8,COFFEE,baseline,25.99
R_1f88A1YFQZhtSi8,HERB,baseline,32.44
R_1f88A1YFQZhtSi8,SAUCE,treatment,5.99
R_1f88A1YFQZhtSi8,SHIRT,treatment,14.99
R_1f88A1YFQZhtSi8,TOILET_PAPER,treatment,10.95
R_1f8yxdZsr1sGMzz,PROTECTIVE_GLOVE,treatment,14.35
R_1f8yxdZsr1sGMzz,SKIN_CLEANING_AGENT,treatment,19.77
R_1fgdpQZVwvCODNQ,PET_FOOD,treatment,38.48
R_1g0gCzG1DmCEKob,COFFEE,baseline,36.0
R_1g1ETJCIHel9KJl,SKIN_CLEANING_AGENT,baseline,14.55
R_1g1ETJCIHel9KJl,SKIN_CLEANING_AGENT,treatment,45.12
R_1g1LuqDCZMfkMUl,CELLULAR_PHONE_CASE,treatment,10.99
R_1g1LuqDCZMfkMUl,COFFEE,baseline,128.07999999999998
R_1g1LuqDCZMfkMUl,COFFEE,treatment,93.69
R_1g1LuqDCZMfkMUl,HERB,treatment,9.32
R_1g1LuqDCZMfkMUl,PET_FOOD,baseline,6.82
R_1g1LuqDCZMfkMUl,PET_FOOD,treatment,12.86
R_1g1LuqDCZMfkMUl,PLANTER,treatment,82.47999999999999
R_1g1LuqDCZMfkMUl,SHIRT,baseline,48.959999999999994
R_1g1LuqDCZMfkMUl,SKIN_CLEANING_AGENT,baseline,12.83
R_1g1LuqDCZMfkMUl,SKIN_CLEANING_AGENT,treatment,4.9799999999999995
R_1g1LuqDCZMfkMUl,SUGAR_CANDY,treatment,10.79
R_1g1LuqDCZMfkMUl,TOILET_PAPER,baseline,37.72
R_1g1LuqDCZMfkMUl,VITAMIN,baseline,12.74
R_1g1LuqDCZMfkMUl,VITAMIN,treatment,12.49
R_1g1hICnzAO1Z46y,CELLULAR_PHONE_CASE,baseline,10.99
R_1g1hICnzAO1Z46y,SKIN_CLEANING_AGENT,baseline,6.49
R_1g1rV2pCaPER2B3,SCREEN_PROTECTOR,baseline,5.98
R_1g6IilzUPP9npt5,COFFEE,treatment,5.99
R_1g6IilzUPP9npt5,PET_FOOD,treatment,29.97
R_1g6IilzUPP9npt5,SCREEN_PROTECTOR,treatment,6.99
R_1g6IilzUPP9npt5,SKIN_CLEANING_AGENT,baseline,22.05
R_1gBFjjzA3U3mmXf,COFFEE,treatment,25.99
R_1gNnwhhp9aWd28o,FLAVORED_DRINK_CONCENTRATE,treatment,48.09
R_1gNnwhhp9aWd28o,SAUCE,treatment,19.5
R_1gO6r9C8The1dP4,VITAMIN,baseline,29.07
R_1gOX88nojaBXOt2,ELECTRONIC_CABLE,baseline,5.85
R_1gRWk2lFzQuy1iG,PET_FOOD,baseline,8.62
R_1gRWk2lFzQuy1iG,SHOES,baseline,17.99
R_1gSeKWi6I0848rp,SUGAR_CANDY,baseline,7.98
R_1gTncWbI4hULAit,ELECTRONIC_CABLE,baseline,15.99
R_1gTncWbI4hULAit,HERB,treatment,12.3
R_1gTncWbI4hULAit,PET_FOOD,baseline,56.55
R_1gTncWbI4hULAit,PET_FOOD,treatment,64.16
R_1gbgvUaYtbFddFK,SCREEN_PROTECTOR,treatment,5.99
R_1gcmv3lhX8iJEQb,PET_FOOD,baseline,18.69
R_1gdxq5ThtPhD06I,ADHESIVE_TAPES,treatment,11.28
R_1gdxq5ThtPhD06I,SUGAR_CANDY,baseline,15.99
R_1giQnGxDawzsP9r,PET_FOOD,baseline,24.56
R_1gj3DI7AIUc3Mbh,HERB,baseline,5.98
R_1gj3DI7AIUc3Mbh,SKIN_CLEANING_AGENT,baseline,8.77
R_1gjdRVy7DXPMldc,SHIRT,treatment,26.490000000000002
R_1gjdRVy7DXPMldc,SHOES,treatment,44.95
R_1goJ6zF6rfYW1KP,SCREEN_PROTECTOR,treatment,18.509999999999998
R_1goJ6zF6rfYW1KP,SHOES,baseline,189.9
R_1goV1AJmLMRsVRE,CELLULAR_PHONE_CASE,baseline,4.49
R_1gq1l7L7YXNcp13,ADHESIVE_TAPES,baseline,15.530000000000001
R_1gq1l7L7YXNcp13,SHIRT,treatment,14.99
R_1gq1l7L7YXNcp13,SHOES,treatment,5.99
R_1hAVS3ZdQl1yptv,PET_FOOD,baseline,20.19
R_1hAVS3ZdQl1yptv,SUGAR_CANDY,baseline,11.49
R_1hEWpYpOtz5HjLJ,PROTECTIVE_GLOVE,treatment,9.49
R_1hEWpYpOtz5HjLJ,SHIRT,treatment,35.96
R_1hEWpYpOtz5HjLJ,VITAMIN,baseline,18.99
R_1hEWpYpOtz5HjLJ,VITAMIN,treatment,57.44
R_1hEjpnZ3LX7e07K,CELLULAR_PHONE_CASE,treatment,29.979999999999997
R_1hEjpnZ3LX7e07K,ELECTRONIC_CABLE,treatment,7.64
R_1hFMTehZQIAcBvZ,SAUCE,baseline,2.69
R_1hJWB4rlc8B2yCi,CELLULAR_PHONE_CASE,baseline,9.95
R_1hK1vuBfyfw5EGJ,ELECTRONIC_CABLE,baseline,5.85
R_1hLuhNOCjRZOPoe,SUGAR_CANDY,treatment,9.31
R_1hM9pt4qllIzGbl,SHIRT,baseline,37.96
R_1hMV4AHCk04WO5V,PET_FOOD,baseline,13.49
R_1hMV4AHCk04WO5V,SCREEN_PROTECTOR,baseline,8.99
R_1hMV4AHCk04WO5V,SHOES,treatment,83.0
R_1hMV4AHCk04WO5V,TOILET_PAPER,baseline,27.89
R_1hMtgyDCtBWFPX4,COFFEE,baseline,5.87
R_1hMtgyDCtBWFPX4,COFFEE,treatment,6.36
R_1hMtgyDCtBWFPX4,FLAVORED_DRINK_CONCENTRATE,baseline,1.99
R_1hMtgyDCtBWFPX4,SAUCE,baseline,5.96
R_1hMtgyDCtBWFPX4,SAUCE,treatment,1.12
R_1hMtgyDCtBWFPX4,SHOES,baseline,53.99
R_1hMtgyDCtBWFPX4,TOILET_PAPER,baseline,4.99
R_1hR9j74rTpO8hbI,CELLULAR_PHONE_CASE,treatment,9.99
R_1hRPPtGYokPL3IK,SHOES,baseline,111.95
R_1hRPPtGYokPL3IK,SHOES,treatment,59.2
R_1hVXOHhrUPDIoxW,CELLULAR_PHONE_CASE,treatment,24.95
R_1hVXOHhrUPDIoxW,DISHWASHER_DETERGENT,baseline,9.99
R_1hVXOHhrUPDIoxW,PET_FOOD,treatment,9.559999999999999
R_1hVXOHhrUPDIoxW,SCREEN_PROTECTOR,baseline,10.99
R_1hVXOHhrUPDIoxW,SHIRT,baseline,9.09
R_1hVXOHhrUPDIoxW,SKIN_CLEANING_AGENT,treatment,8.18
R_1i3WVbGWjxEcUQR,ELECTRONIC_CABLE,baseline,4.99
R_1i7Zoa74FWb4o89,ELECTRONIC_CABLE,baseline,17.98
R_1i7Zoa74FWb4o89,SHIRT,baseline,7.96
R_1ig4LC2I0cwMCHk,ELECTRONIC_CABLE,baseline,55.61
R_1ig4LC2I0cwMCHk,SCREEN_PROTECTOR,baseline,6.99
R_1igRFf1oVddAaGI,FLAVORED_DRINK_CONCENTRATE,baseline,14.96
R_1igRFf1oVddAaGI,FLAVORED_DRINK_CONCENTRATE,treatment,13.63
R_1igRFf1oVddAaGI,VITAMIN,baseline,14.97
R_1ik8stGviOCACC4,PET_FOOD,baseline,9.99
R_1iqcSXu4qkF2xNw,PET_FOOD,baseline,12.58
R_1j6t5KhjtwDhdKa,HERB,baseline,22.98
R_1jARg5bGH5uqAKW,COFFEE,baseline,72.48
R_1jARg5bGH5uqAKW,COFFEE,treatment,87.25
R_1jARg5bGH5uqAKW,DISHWASHER_DETERGENT,baseline,13.86
R_1jARg5bGH5uqAKW,PET_FOOD,baseline,62.74
R_1jARg5bGH5uqAKW,PET_FOOD,treatment,71.99
R_1jARg5bGH5uqAKW,SHOES,baseline,134.95
R_1jARg5bGH5uqAKW,SKIN_CLEANING_AGENT,baseline,14.95
R_1jARg5bGH5uqAKW,SKIN_CLEANING_AGENT,treatment,14.11
R_1jJ7zL5b1XvIXY9,SCREEN_PROTECTOR,baseline,8.99
R_1jNXwv23Py7NoXB,ELECTRONIC_CABLE,baseline,7.99
R_1jO4s7oht3pyKEc,PROTECTIVE_GLOVE,treatment,16.49
R_1jOkQwuwP2tGtx3,CELLULAR_PHONE_CASE,baseline,19.43
R_1jOkQwuwP2tGtx3,PET_FOOD,baseline,146.47
R_1jOkQwuwP2tGtx3,PET_FOOD,treatment,93.74
R_1jOkQwuwP2tGtx3,SHIRT,baseline,19.99
R_1jOkQwuwP2tGtx3,SHOES,baseline,105.69
R_1jOkQwuwP2tGtx3,TOILET_PAPER,baseline,15.98
R_1jUkyJVRdxgQkcJ,SHIRT,baseline,9.73
R_1jUkyJVRdxgQkcJ,SHOES,treatment,25.75
R_1jUqdfR1Zz6mZMf,CELLULAR_PHONE_CASE,treatment,8.99
R_1jUqdfR1Zz6mZMf,COFFEE,baseline,51.79
R_1jUqdfR1Zz6mZMf,COFFEE,treatment,53.239999999999995
R_1jUqdfR1Zz6mZMf,SCREEN_PROTECTOR,baseline,10.95
R_1jUqdfR1Zz6mZMf,SCREEN_PROTECTOR,treatment,6.99
R_1jUqdfR1Zz6mZMf,SHIRT,treatment,16.99
R_1jUqdfR1Zz6mZMf,TOILET_PAPER,baseline,31.12
R_1jUqdfR1Zz6mZMf,VITAMIN,baseline,8.49
R_1jUqdfR1Zz6mZMf,VITAMIN,treatment,8.82
R_1jZkLNE1JdtyVpH,ADHESIVE_TAPES,treatment,6.99
R_1jZkLNE1JdtyVpH,PET_FOOD,treatment,16.48
R_1jZkLNE1JdtyVpH,VITAMIN,baseline,29.28
R_1jd0U0OjvEcZEcw,PET_FOOD,baseline,18.44
R_1jd0U0OjvEcZEcw,PET_FOOD,treatment,30.99
R_1jd0U0OjvEcZEcw,PROTECTIVE_GLOVE,baseline,19.99
R_1jdLI5cWhAhAzSB,SHIRT,baseline,14.99
R_1jdLI5cWhAhAzSB,SHOES,baseline,26.99
R_1jizuM2MEMPZJU2,COFFEE,baseline,18.99
R_1jizuM2MEMPZJU2,SCREEN_PROTECTOR,baseline,9.99
R_1jjPPOneRJdORrP,ELECTRONIC_CABLE,baseline,10.98
R_1jkUoMkIWYawY3v,CELLULAR_PHONE_CASE,baseline,9.99
R_1joYJwAIb83oGBr,SKIN_CLEANING_AGENT,treatment,12.95
R_1jpwyGaJv0ugsUf,ELECTRONIC_CABLE,baseline,9.55
R_1jpwyGaJv0ugsUf,SHOES,baseline,40.41
R_1jqfjkbFjznk23R,ADHESIVE_TAPES,baseline,16.99
R_1jrFqjJw9tz8yFW,SKIN_CLEANING_AGENT,baseline,5.97
R_1jrX9pmBJE4R3hF,ELECTRONIC_CABLE,baseline,13.99
R_1jrX9pmBJE4R3hF,PET_FOOD,baseline,10.58
R_1jrX9pmBJE4R3hF,SHIRT,treatment,12.75
R_1juAU46vkXUPxNs,ELECTRONIC_CABLE,treatment,8.29
R_1jxrONSgbKndqJj,PET_FOOD,baseline,198.32
R_1jxrONSgbKndqJj,PET_FOOD,treatment,98.18
R_1jy9KfiKtvt9p6B,SHIRT,baseline,9.99
R_1k0Q9IrJcX82jAz,ELECTRONIC_CABLE,treatment,129.0
R_1k1zPs6FKsqm1Ib,CELLULAR_PHONE_CASE,treatment,13.99
R_1k1zPs6FKsqm1Ib,SCREEN_PROTECTOR,treatment,18.98
R_1k1zPs6FKsqm1Ib,SKIN_CLEANING_AGENT,baseline,19.9
R_1kYuVPgjXmEfSf8,DISHWASHER_DETERGENT,treatment,16.97
R_1kYuVPgjXmEfSf8,PLANTER,baseline,15.99
R_1kYuVPgjXmEfSf8,TOILET_PAPER,treatment,19.36
R_1l4zCtGUTvAWdS6,CELLULAR_PHONE_CASE,treatment,40.95
R_1l4zCtGUTvAWdS6,ELECTRONIC_CABLE,treatment,27.98
R_1l4zCtGUTvAWdS6,SHIRT,treatment,26.99
R_1l4zCtGUTvAWdS6,SHOES,baseline,164.03
R_1l4zCtGUTvAWdS6,TOILET_PAPER,baseline,18.94
R_1l5XwZ4YjHH4eUg,SKIN_CLEANING_AGENT,treatment,15.48
R_1l60ZBMh06nGSyP,FRUIT,baseline,10.81
R_1l60ZBMh06nGSyP,SAUCE,baseline,9.48
R_1l9N0JIJWZwxHSz,SHIRT,baseline,19.99
R_1lAIBWf5Qsww7eT,SHIRT,baseline,73.98
R_1lAIBWf5Qsww7eT,SKIN_CLEANING_AGENT,treatment,14.71
R_1lcXq4p4fbbQqUl,SHIRT,baseline,33.18
R_1lfNYOmsEIqOn65,COFFEE,baseline,14.43
R_1lfNYOmsEIqOn65,COFFEE,treatment,25.200000000000003
R_1lfNYOmsEIqOn65,FRUIT,baseline,29.950000000000003
R_1lfNYOmsEIqOn65,HERB,treatment,18.99
R_1lfNYOmsEIqOn65,TOILET_PAPER,baseline,17.89
R_1llE6a2soYDjvyv,COFFEE,treatment,14.99
R_1lnsHboKUuTZZIO,PET_FOOD,baseline,27.9
R_1lnsHboKUuTZZIO,PET_FOOD,treatment,13.74
R_1lo5uRr9KHuBy90,ADHESIVE_TAPES,baseline,29.5
R_1lo5uRr9KHuBy90,ELECTRONIC_CABLE,treatment,7.99
R_1lo5uRr9KHuBy90,SHOES,baseline,20.01
R_1lsgykNxEU4BXTI,COFFEE,baseline,30.479999999999997
R_1lsgykNxEU4BXTI,PET_FOOD,baseline,76.35
R_1lsgykNxEU4BXTI,PET_FOOD,treatment,79.74000000000001
R_1ltxGPdvIgeKcV3,ELECTRONIC_CABLE,baseline,6.29
R_1ltxGPdvIgeKcV3,SHIRT,treatment,20.99
R_1ltxGPdvIgeKcV3,SHOES,baseline,25.76
R_1luTSUbcBgaFCl6,CELLULAR_PHONE_CASE,baseline,39.0
R_1luTSUbcBgaFCl6,SAUCE,treatment,8.95
R_1luTSUbcBgaFCl6,SHIRT,baseline,44.94
R_1lxYa2W6GgcAQ19,ELECTRONIC_CABLE,baseline,6.99
R_1lxYa2W6GgcAQ19,PET_FOOD,baseline,41.25
R_1lxYa2W6GgcAQ19,PET_FOOD,treatment,26.59
R_1lxYa2W6GgcAQ19,SHOES,baseline,82.94
R_1mC1GkAuzW7JKI5,SHOES,baseline,26.99
R_1mCx1yadrDajX5p,CELLULAR_PHONE_CASE,baseline,13.99
R_1mCx1yadrDajX5p,SCREEN_PROTECTOR,baseline,5.98
R_1mDGRWnbj1blLnE,CELLULAR_PHONE_CASE,baseline,15.99
R_1mDGRWnbj1blLnE,SCREEN_PROTECTOR,baseline,15.99
R_1mDjlyYfCts4tkF,SCREEN_PROTECTOR,baseline,6.49
R_1mDjlyYfCts4tkF,VITAMIN,treatment,9.79
R_1mEmb9jWLRYCU4e,SHOES,baseline,39.97
R_1mI2VIesV2bWn6N,ADHESIVE_TAPES,baseline,19.98
R_1mI2VIesV2bWn6N,PET_FOOD,baseline,33.28
R_1mI2VIesV2bWn6N,PET_FOOD,treatment,16.64
R_1mOvgrdXye7PU81,PET_FOOD,treatment,66.0
R_1mQQFMBJoXxk4Zw,ELECTRONIC_CABLE,baseline,6.9
R_1mQrQ5EFGvbBRLb,ADHESIVE_TAPES,baseline,7.39
R_1mQrQ5EFGvbBRLb,COFFEE,treatment,50.489999999999995
R_1mQrQ5EFGvbBRLb,ELECTRONIC_CABLE,baseline,18.98
R_1mQrQ5EFGvbBRLb,PROTECTIVE_GLOVE,treatment,14.17
R_1meEApGTqRnvC4S,COFFEE,baseline,17.69
R_1meEApGTqRnvC4S,COFFEE,treatment,17.69
R_1meEApGTqRnvC4S,SHIRT,baseline,9.99
R_1meX9dBVU2swMtm,SUGAR_CANDY,baseline,8.98
R_1meX9dBVU2swMtm,VITAMIN,treatment,15.99
R_1mfQPUpLqG4GsHt,SCREEN_PROTECTOR,baseline,12.69
R_1mkC8WSOkIEioTC,ELECTRONIC_CABLE,baseline,15.48
R_1mkC8WSOkIEioTC,SHIRT,baseline,18.99
R_1mqJlKX7N1NOaMS,PET_FOOD,baseline,43.59
R_1mqJlKX7N1NOaMS,PET_FOOD,treatment,15.99
R_1msYd9aPVkQcY8T,PET_FOOD,baseline,16.99
R_1mwMGZGvmcaA4pd,SCREEN_PROTECTOR,treatment,8.85
R_1myeUpVwl79jE6X,ELECTRONIC_CABLE,baseline,3.95
R_1n0dOD9WksQry1T,CELLULAR_PHONE_CASE,baseline,8.99
R_1n0nSAtvGuGWq79,CELLULAR_PHONE_CASE,baseline,39.95
R_1n6AsdImGHrq26m,CELLULAR_PHONE_CASE,treatment,22.93
R_1n6AsdImGHrq26m,PET_FOOD,treatment,29.98
R_1n6AsdImGHrq26m,SCREEN_PROTECTOR,treatment,7.89
R_1n8k1q4epLdcZ6Z,COFFEE,baseline,22.79
R_1n8k1q4epLdcZ6Z,ELECTRONIC_CABLE,treatment,8.99
R_1n8k1q4epLdcZ6Z,PET_FOOD,baseline,31.68
R_1n8k1q4epLdcZ6Z,PET_FOOD,treatment,17.99
R_1n8k1q4epLdcZ6Z,SAUCE,baseline,1.64
R_1n8k1q4epLdcZ6Z,SKIN_CLEANING_AGENT,baseline,4.33
R_1nOCRAcsi1AU77q,PET_FOOD,baseline,75.77
R_1nOCRAcsi1AU77q,SUGAR_CANDY,treatment,12.0
R_1nOCbm9LVjgq65b,SCREEN_PROTECTOR,baseline,8.99
R_1nOCbm9LVjgq65b,SHOES,baseline,26.39
R_1nORk4YlSycK1zx,ELECTRONIC_CABLE,baseline,5.79
R_1nSXVl0LaFfKuDi,ELECTRONIC_CABLE,baseline,12.99
R_1nVqc225Z4eIuF5,PET_FOOD,baseline,8.41
R_1nW6XSWKs4hCzUa,ELECTRONIC_CABLE,baseline,5.99
R_1nW6XSWKs4hCzUa,SHIRT,baseline,48.0
R_1nW6XSWKs4hCzUa,SHIRT,treatment,24.0
R_1nZzu0Kj9WQ8P4x,COFFEE,baseline,24.259999999999998
R_1nZzu0Kj9WQ8P4x,COFFEE,treatment,32.58
R_1nZzu0Kj9WQ8P4x,TOILET_PAPER,treatment,24.96
R_1o6au5rOnBHoiU9,CELLULAR_PHONE_CASE,treatment,15.99
R_1o6au5rOnBHoiU9,SCREEN_PROTECTOR,treatment,6.49
R_1o6au5rOnBHoiU9,SHOES,treatment,54.96
R_1o7tSCX9RpxAbC9,ELECTRONIC_CABLE,baseline,9.98
R_1o7tSCX9RpxAbC9,ELECTRONIC_CABLE,treatment,8.45
R_1oFRyes3ggnKU4B,ELECTRONIC_CABLE,treatment,5.56
R_1oFRyes3ggnKU4B,SKIN_CLEANING_AGENT,baseline,10.88
R_1oFSDeGAQcUN2v8,CELLULAR_PHONE_CASE,baseline,6.99
R_1oFSDeGAQcUN2v8,PET_FOOD,baseline,30.8
R_1oFSDeGAQcUN2v8,SUGAR_CANDY,baseline,4.23
R_1ob8zZqeqvY3QFc,ELECTRONIC_CABLE,treatment,14.49
R_1ob8zZqeqvY3QFc,SCREEN_PROTECTOR,baseline,4.79
R_1obTvqaqyTDLSN2,COFFEE,baseline,13.14
R_1obwpb6iowh7vew,ADHESIVE_TAPES,baseline,8.99
R_1obwpb6iowh7vew,ELECTRONIC_CABLE,baseline,7.99
R_1obwpb6iowh7vew,SHOES,treatment,31.49
R_1od3pz9nFmDAkiu,CELLULAR_PHONE_CASE,baseline,9.99
R_1od3pz9nFmDAkiu,ELECTRONIC_CABLE,baseline,8.99
R_1od3pz9nFmDAkiu,SHIRT,baseline,20.94
R_1od3pz9nFmDAkiu,SKIN_CLEANING_AGENT,baseline,6.47
R_1odlzSMsCNFupb4,PET_FOOD,baseline,13.74
R_1ojO3nxlUuAWLyE,ADHESIVE_TAPES,baseline,38.38
R_1ooLwPR89VoxnlF,TOILET_PAPER,treatment,25.18
R_1oqo8TsBiNOQg4v,ADHESIVE_TAPES,baseline,15.99
R_1oqo8TsBiNOQg4v,SHOES,baseline,78.80000000000001
R_1oqo8TsBiNOQg4v,SKIN_CLEANING_AGENT,baseline,13.5
R_1otq0g5FLSi9hVw,ELECTRONIC_CABLE,treatment,13.99
R_1otq0g5FLSi9hVw,PLANTER,treatment,22.98
R_1otq0g5FLSi9hVw,SHIRT,baseline,34.97
R_1otq0g5FLSi9hVw,SHOES,baseline,69.17
R_1ou69fj4DQGsVcp,ADHESIVE_TAPES,treatment,22.79
R_1ou69fj4DQGsVcp,CELLULAR_PHONE_CASE,baseline,19.97
R_1ou69fj4DQGsVcp,CELLULAR_PHONE_CASE,treatment,6.58
R_1ouRfsTlr2iWPge,PET_FOOD,baseline,27.38
R_1ouRfsTlr2iWPge,SCREEN_PROTECTOR,baseline,6.98
R_1ovTLgykjbQcYOB,SKIN_CLEANING_AGENT,baseline,32.97
R_1ovTLgykjbQcYOB,SKIN_CLEANING_AGENT,treatment,62.73
R_1ovZlwoOEVQNF6w,ELECTRONIC_CABLE,treatment,5.99
R_1ovZlwoOEVQNF6w,SHOES,treatment,84.88
R_1ovuYxa7VKAqqI6,SHIRT,baseline,19.68
R_1owkdABF1wNKFKI,ELECTRONIC_CABLE,baseline,7.99
R_1owkdABF1wNKFKI,ELECTRONIC_CABLE,treatment,9.99
R_1owkdABF1wNKFKI,SHIRT,treatment,8.99
R_1oz0v0ZOUMJu105,PET_FOOD,baseline,18.630000000000003
R_1oz0v0ZOUMJu105,PET_FOOD,treatment,8.47
R_1oz0v0ZOUMJu105,SUGAR_CANDY,baseline,22.72
R_1pA325VZl0b6qNx,CELLULAR_PHONE_CASE,treatment,22.98
R_1pA325VZl0b6qNx,DISHWASHER_DETERGENT,baseline,14.1
R_1pA325VZl0b6qNx,SHIRT,baseline,9.99
R_1pA325VZl0b6qNx,SHIRT,treatment,9.99
R_1pA325VZl0b6qNx,SHOES,treatment,22.06
R_1pA325VZl0b6qNx,TOILET_PAPER,baseline,27.49
R_1pA325VZl0b6qNx,VITAMIN,baseline,23.39
R_1pArVyCAH9yJD1X,PROTECTIVE_GLOVE,treatment,5.5
R_1pArVyCAH9yJD1X,TOILET_PAPER,baseline,9.99
R_1pDUHsNfwFbm6xw,CELLULAR_PHONE_CASE,baseline,9.99
R_1pDUHsNfwFbm6xw,COFFEE,baseline,12.44
R_1pDUHsNfwFbm6xw,COFFEE,treatment,16.99
R_1pDUHsNfwFbm6xw,FRUIT,baseline,19.12
R_1pDUHsNfwFbm6xw,FRUIT,treatment,13.77
R_1pDWbdAWjte1JTJ,SCREEN_PROTECTOR,treatment,7.85
R_1pDWbdAWjte1JTJ,SKIN_CLEANING_AGENT,baseline,25.78
R_1pDWbdAWjte1JTJ,SKIN_CLEANING_AGENT,treatment,5.82
R_1pDWbdAWjte1JTJ,SUGAR_CANDY,treatment,8.98
R_1pGQGMurTlAloRf,ADHESIVE_TAPES,treatment,6.67
R_1pGQGMurTlAloRf,PET_FOOD,baseline,95.55
R_1pGQGMurTlAloRf,PET_FOOD,treatment,81.73
R_1pGQGMurTlAloRf,SAUCE,treatment,17.98
R_1pGQGMurTlAloRf,TOILET_PAPER,baseline,22.25
R_1pGQGMurTlAloRf,VITAMIN,treatment,9.49
R_1pKZVLBbrpZM8bP,CELLULAR_PHONE_CASE,baseline,61.52
R_1pKZVLBbrpZM8bP,DISHWASHER_DETERGENT,treatment,36.459999999999994
R_1pKZVLBbrpZM8bP,PET_FOOD,baseline,34.29
R_1pKZVLBbrpZM8bP,PET_FOOD,treatment,50.07
R_1pKZVLBbrpZM8bP,SAUCE,treatment,30.130000000000003
R_1pKZVLBbrpZM8bP,SCREEN_PROTECTOR,baseline,14.98
R_1pKZVLBbrpZM8bP,SUGAR_CANDY,treatment,20.759999999999998
R_1pKZVLBbrpZM8bP,TOILET_PAPER,treatment,22.25
R_1pSEkm1mOy4kpKO,ADHESIVE_TAPES,baseline,4.99
R_1pSRbGT6WzVupZo,CELLULAR_PHONE_CASE,baseline,15.99
R_1pSRbGT6WzVupZo,SCREEN_PROTECTOR,baseline,12.99
R_1pWJvtYt20XIeSA,SHIRT,treatment,48.88
R_1pWJvtYt20XIeSA,SUGAR_CANDY,treatment,2.19
R_1pXmZFz3j3TjBxz,CELLULAR_PHONE_CASE,baseline,14.99
R_1pXmZFz3j3TjBxz,ELECTRONIC_CABLE,baseline,9.09
R_1pXmZFz3j3TjBxz,SCREEN_PROTECTOR,baseline,11.99
R_1pm2Wo5wrQSY0Gm,COFFEE,treatment,3.99
R_1pm2Wo5wrQSY0Gm,ELECTRONIC_CABLE,treatment,81.50999999999999
R_1pm2Wo5wrQSY0Gm,PET_FOOD,baseline,71.92
R_1pm2Wo5wrQSY0Gm,PET_FOOD,treatment,24.99
R_1pm2Wo5wrQSY0Gm,PROTECTIVE_GLOVE,baseline,8.62
R_1pm2Wo5wrQSY0Gm,SAUCE,treatment,6.199999999999999
R_1pm2Wo5wrQSY0Gm,SHIRT,baseline,34.97
R_1pm2Wo5wrQSY0Gm,SHIRT,treatment,7.92
R_1pm2Wo5wrQSY0Gm,VITAMIN,treatment,16.4
R_1pnhq1TIYM82Ou1,PET_FOOD,treatment,1.61
R_1pnhq1TIYM82Ou1,SHOES,baseline,18.98
R_1pnhq1TIYM82Ou1,VITAMIN,baseline,19.95
R_1ps5hYxMGQuqcuP,DISHWASHER_DETERGENT,baseline,19.24
R_1psTlOFeWx4gWdX,ELECTRONIC_CABLE,baseline,6.99
R_1pu0ApV4WUQDdWW,PET_FOOD,treatment,11.54
R_1pu6yYPsuymsIIz,PROTECTIVE_GLOVE,treatment,15.99
R_1pu6yYPsuymsIIz,SHOES,baseline,299.94
R_1pu6yYPsuymsIIz,SHOES,treatment,66.46
R_1q3UKgnUTHUnyI9,COFFEE,treatment,22.98
R_1q4eVtHN10S5gPB,FLAVORED_DRINK_CONCENTRATE,treatment,4.27
R_1q4eVtHN10S5gPB,SCREEN_PROTECTOR,treatment,5.95
R_1q4eVtHN10S5gPB,SKIN_CLEANING_AGENT,baseline,19.97
R_1q4eVtHN10S5gPB,VITAMIN,baseline,8.01
R_1q4eVtHN10S5gPB,VITAMIN,treatment,22.99
R_1q51MUZiWC54X4d,PET_FOOD,baseline,55.879999999999995
R_1q51MUZiWC54X4d,PET_FOOD,treatment,26.0
R_1q7AvsyRPpTSWFi,SHOES,baseline,219.9
R_1q7GuBNrrAGdxx3,CELLULAR_PHONE_CASE,treatment,17.98
R_1q9cuo94fxvO4rl,SHIRT,treatment,17.99
R_1qU5mT6xlj8KYSL,ELECTRONIC_CABLE,treatment,15.99
R_1qU5mT6xlj8KYSL,PET_FOOD,baseline,1.44
R_1qU5mT6xlj8KYSL,SHIRT,baseline,23.99
R_1qU5mT6xlj8KYSL,TOILET_PAPER,baseline,5.48
R_1qXa6rLKlwTkwDN,SAUCE,treatment,9.43
R_1qbblQgKWPBaDgI,COFFEE,baseline,31.98
R_1qbblQgKWPBaDgI,COFFEE,treatment,31.98
R_1qbblQgKWPBaDgI,ELECTRONIC_CABLE,baseline,6.99
R_1qbblQgKWPBaDgI,PET_FOOD,baseline,29.68
R_1qdM6yLQigCFrkd,CELLULAR_PHONE_CASE,baseline,9.99
R_1qdM6yLQigCFrkd,ELECTRONIC_CABLE,baseline,16.99
R_1qdM6yLQigCFrkd,SUGAR_CANDY,baseline,14.99
R_1qeyM2GF7cedcyA,CELLULAR_PHONE_CASE,treatment,11.99
R_1qeyM2GF7cedcyA,SKIN_CLEANING_AGENT,baseline,12.95
R_1qfF8W5w5vEIPDa,SHIRT,treatment,27.939999999999998
R_1qgPz4asGPArm6S,CELLULAR_PHONE_CASE,baseline,9.97
R_1qgPz4asGPArm6S,SHIRT,baseline,10.57
R_1r18PD3TjJe3i53,SCREEN_PROTECTOR,baseline,6.99
R_1r33v6LzEZZ2k55,CELLULAR_PHONE_CASE,treatment,16.98
R_1r33v6LzEZZ2k55,PROTECTIVE_GLOVE,baseline,10.99
R_1r33v6LzEZZ2k55,SKIN_CLEANING_AGENT,treatment,12.15
R_1r67uJMT2pr31JQ,SHOES,baseline,44.51
R_1r7jkZtN6gSkJyg,CELLULAR_PHONE_CASE,baseline,16.96
R_1r7jkZtN6gSkJyg,SCREEN_PROTECTOR,baseline,7.99
R_1r7jkZtN6gSkJyg,SKIN_CLEANING_AGENT,treatment,23.42
R_1r7jkZtN6gSkJyg,TOILET_PAPER,treatment,26.24
R_1r8u9f1vT8Y3HrC,ELECTRONIC_CABLE,baseline,8.99
R_1r8u9f1vT8Y3HrC,ELECTRONIC_CABLE,treatment,8.88
R_1rAoEVZg0xO49I3,PROTECTIVE_GLOVE,treatment,52.99
R_1rCUSJlDlnXVC1y,CELLULAR_PHONE_CASE,treatment,27.979999999999997
R_1rCUSJlDlnXVC1y,SUGAR_CANDY,treatment,8.98
R_1rHtpq9LwtHa0V4,SHIRT,baseline,12.78
R_1rPQIXSf3d1wvFO,COFFEE,baseline,34.41
R_1rPQIXSf3d1wvFO,COFFEE,treatment,83.14
R_1rPQIXSf3d1wvFO,FRUIT,baseline,4.38
R_1rPQIXSf3d1wvFO,FRUIT,treatment,10.96
R_1rPQIXSf3d1wvFO,SCREEN_PROTECTOR,treatment,12.99
R_1rPQIXSf3d1wvFO,SUGAR_CANDY,treatment,1.09
R_1rlHEnAuKz9LH9S,CELLULAR_PHONE_CASE,baseline,10.99
R_1rlhYXAI77eUSbB,ELECTRONIC_CABLE,treatment,6.99
R_1rlhYXAI77eUSbB,TOILET_PAPER,treatment,22.25
R_1roTOelTygZr5G8,PROTECTIVE_GLOVE,treatment,17.25
R_1roTOelTygZr5G8,SHOES,baseline,42.99
R_1roTOelTygZr5G8,SKIN_CLEANING_AGENT,baseline,16.49
R_1rpKvwP7VAtzJqH,SHOES,baseline,69.94
R_1rq9oimamSF6rsF,VITAMIN,treatment,20.54
R_1rqc9qLvNu03vWC,VITAMIN,baseline,19.61
R_1rr9XOz2pHFyWi3,SCREEN_PROTECTOR,baseline,14.4
R_1rr9XOz2pHFyWi3,SCREEN_PROTECTOR,treatment,6.97
R_1rrC3Wsd5Y38mOA,VITAMIN,baseline,14.85
R_1rvSssRW5hO4UME,DISHWASHER_DETERGENT,treatment,18.0
R_1rvSssRW5hO4UME,ELECTRONIC_CABLE,treatment,16.98
R_1rvSssRW5hO4UME,PET_FOOD,baseline,50.28
R_1rvSssRW5hO4UME,PET_FOOD,treatment,7.89
R_1rvSssRW5hO4UME,TOILET_PAPER,baseline,18.86
R_1rvSssRW5hO4UME,VITAMIN,baseline,30.839999999999996
R_1rwhkWp9UYemFEH,PET_FOOD,treatment,19.96
R_1rwhkWp9UYemFEH,PROTECTIVE_GLOVE,treatment,14.18
R_1rwhkWp9UYemFEH,SUGAR_CANDY,treatment,7.99
R_1rwhkWp9UYemFEH,VITAMIN,treatment,14.95
R_1rwrLVr6jBONnIg,ADHESIVE_TAPES,baseline,5.74
R_1rwrLVr6jBONnIg,COFFEE,baseline,24.95
R_1rwrLVr6jBONnIg,FLAVORED_DRINK_CONCENTRATE,treatment,2.98
R_1rwrLVr6jBONnIg,PET_FOOD,baseline,49.59
R_1rwrLVr6jBONnIg,PET_FOOD,treatment,73.98
R_1rwrLVr6jBONnIg,SAUCE,treatment,5.0
R_1rwrLVr6jBONnIg,SHIRT,treatment,75.0
R_1rwrLVr6jBONnIg,SKIN_CLEANING_AGENT,treatment,11.99
R_1rwrLVr6jBONnIg,SUGAR_CANDY,baseline,43.11
R_1rwrLVr6jBONnIg,TOILET_PAPER,baseline,12.49
R_1rwrLVr6jBONnIg,TOILET_PAPER,treatment,47.65
R_1rwrLVr6jBONnIg,VITAMIN,baseline,40.07
R_1zVJnDAfoFLamOd,SHIRT,treatment,8.96
R_20M6h8zoTN9Ddxq,COFFEE,baseline,18.95
R_20M6h8zoTN9Ddxq,COFFEE,treatment,11.99
R_20M6h8zoTN9Ddxq,FRUIT,baseline,134.96
R_20M6h8zoTN9Ddxq,FRUIT,treatment,72.19
R_20M6h8zoTN9Ddxq,VITAMIN,baseline,1.79
R_20MRqdCxs3CJOBI,ELECTRONIC_CABLE,baseline,20.48
R_20MRqdCxs3CJOBI,PET_FOOD,baseline,11.99
R_20MRqdCxs3CJOBI,SHIRT,treatment,118.38
R_20MRqdCxs3CJOBI,SHOES,baseline,62.73
R_20Mey89p8tRQZQv,PET_FOOD,baseline,31.02
R_20Mey89p8tRQZQv,PET_FOOD,treatment,4.65
R_20O6baqxT4T2CbA,COFFEE,treatment,23.9
R_20O6baqxT4T2CbA,ELECTRONIC_CABLE,treatment,49.98
R_20ON9TjJWV64IZO,CELLULAR_PHONE_CASE,baseline,35.97
R_20ON9TjJWV64IZO,PET_FOOD,baseline,47.519999999999996
R_20ON9TjJWV64IZO,PET_FOOD,treatment,43.71
R_20URm9nTtAT8LS4,ELECTRONIC_CABLE,baseline,74.97
R_20V73ixsOYXCBbP,PET_FOOD,baseline,6.99
R_20V73ixsOYXCBbP,SCREEN_PROTECTOR,baseline,8.99
R_20V73ixsOYXCBbP,VITAMIN,baseline,6.83
R_20V7srZUzANQQ4T,CELLULAR_PHONE_CASE,treatment,8.99
R_20V7srZUzANQQ4T,SCREEN_PROTECTOR,treatment,7.99
R_20Yd9DvrGselmZY,SKIN_CLEANING_AGENT,baseline,102.16
R_20Yd9DvrGselmZY,SKIN_CLEANING_AGENT,treatment,47.59
R_20Yd9DvrGselmZY,VITAMIN,treatment,18.99
R_20Z3XrmdVrFDp3r,SCREEN_PROTECTOR,baseline,23.98
R_20Z3XrmdVrFDp3r,VITAMIN,baseline,14.95
R_210V9S2KUSs9UGB,CELLULAR_PHONE_CASE,treatment,16.95
R_210V9S2KUSs9UGB,COFFEE,treatment,19.96
R_210V9S2KUSs9UGB,PET_FOOD,baseline,40.96
R_210V9S2KUSs9UGB,PET_FOOD,treatment,35.209999999999994
R_210V9S2KUSs9UGB,PLANTER,baseline,19.99
R_210V9S2KUSs9UGB,TOILET_PAPER,treatment,22.25
R_210tLKdUbUZuf7O,ADHESIVE_TAPES,treatment,7.21
R_210tLKdUbUZuf7O,COFFEE,treatment,7.24
R_210tLKdUbUZuf7O,ELECTRONIC_CABLE,baseline,4.99
R_210tLKdUbUZuf7O,SHIRT,baseline,20.990000000000002
R_210tLKdUbUZuf7O,SKIN_CLEANING_AGENT,baseline,14.9
R_214Wm7S7308feRf,ELECTRONIC_CABLE,baseline,5.85
R_2168OvDHlcfRvmt,CELLULAR_PHONE_CASE,treatment,9.99
R_216bCmDHZYPaK04,CELLULAR_PHONE_CASE,baseline,13.99
R_216bCmDHZYPaK04,COFFEE,baseline,6.98
R_216bCmDHZYPaK04,ELECTRONIC_CABLE,baseline,19.98
R_216bCmDHZYPaK04,SCREEN_PROTECTOR,baseline,9.99
R_21B94A6XQ9h1HZb,PET_FOOD,treatment,9.66
R_21EtjPQuJMuZSHZ,PLANTER,treatment,17.99
R_21GPeeqYRjC1kb1,SCREEN_PROTECTOR,baseline,7.99
R_21HZ93fyBrvys2R,VITAMIN,treatment,13.97
R_21bvhwyClIEWwTm,CELLULAR_PHONE_CASE,baseline,9.99
R_21bvhwyClIEWwTm,SHOES,baseline,35.620000000000005
R_21cWNjOOx90MLTG,ELECTRONIC_CABLE,treatment,8.99
R_21iH7SkDgNaQQ6b,CELLULAR_PHONE_CASE,baseline,12.99
R_21iH7SkDgNaQQ6b,ELECTRONIC_CABLE,treatment,19.99
R_21iH7SkDgNaQQ6b,SHIRT,baseline,17.99
R_21iH7SkDgNaQQ6b,SHIRT,treatment,29.98
R_21j0vRI5h23O7fY,CELLULAR_PHONE_CASE,baseline,15.99
R_21j0vRI5h23O7fY,ELECTRONIC_CABLE,baseline,5.39
R_21j0vRI5h23O7fY,SCREEN_PROTECTOR,baseline,7.99
R_21j0vRI5h23O7fY,SHIRT,baseline,13.99
R_21t7tPEpo7aTEHh,SHOES,baseline,27.99
R_21ttkGbeIL6HdlR,CELLULAR_PHONE_CASE,baseline,12.74
R_21ttkGbeIL6HdlR,ELECTRONIC_CABLE,baseline,5.09
R_21ttkGbeIL6HdlR,PROTECTIVE_GLOVE,treatment,30.630000000000003
R_21ttkGbeIL6HdlR,SCREEN_PROTECTOR,baseline,7.59
R_21ttkGbeIL6HdlR,SHOES,baseline,49.98
R_21uibgT9dgqRD9J,ADHESIVE_TAPES,baseline,12.99
R_21uibgT9dgqRD9J,PET_FOOD,baseline,27.29
R_21uibgT9dgqRD9J,PET_FOOD,treatment,3.9
R_21uibgT9dgqRD9J,SHIRT,baseline,5.99
R_21uibgT9dgqRD9J,SKIN_CLEANING_AGENT,baseline,6.96
R_21v64TCmtpIIH87,ELECTRONIC_CABLE,baseline,10.54
R_21vrOdR7S4szc1h,CELLULAR_PHONE_CASE,baseline,14.99
R_21vrOdR7S4szc1h,DISHWASHER_DETERGENT,baseline,16.13
R_21vrOdR7S4szc1h,ELECTRONIC_CABLE,treatment,13.99
R_21vrOdR7S4szc1h,PET_FOOD,baseline,47.62
R_21vrOdR7S4szc1h,SKIN_CLEANING_AGENT,baseline,16.82
R_21vtzOUrbyaVnsL,CELLULAR_PHONE_CASE,treatment,19.98
R_22AqasPW903IXSY,ADHESIVE_TAPES,baseline,29.99
R_22AqasPW903IXSY,FLAVORED_DRINK_CONCENTRATE,treatment,0.24
R_22AqasPW903IXSY,VITAMIN,treatment,23.95
R_22DJIjS0M8yvaYO,ADHESIVE_TAPES,baseline,2.29
R_22DJIjS0M8yvaYO,COFFEE,baseline,36.0
R_22DJIjS0M8yvaYO,DISHWASHER_DETERGENT,treatment,15.76
R_22DJIjS0M8yvaYO,ELECTRONIC_CABLE,baseline,19.48
R_22DJIjS0M8yvaYO,ELECTRONIC_CABLE,treatment,6.98
R_22DJIjS0M8yvaYO,SHIRT,treatment,22.99
R_22DJIjS0M8yvaYO,TOILET_PAPER,baseline,14.59
R_22EqYPrCOjfHTvh,ELECTRONIC_CABLE,baseline,6.29
R_22EqYPrCOjfHTvh,PET_FOOD,baseline,15.18
R_22FDJUEGrcHh4VD,CELLULAR_PHONE_CASE,baseline,10.99
R_22FDJUEGrcHh4VD,PET_FOOD,baseline,40.47
R_22FDJUEGrcHh4VD,PET_FOOD,treatment,13.74
R_22Gn4dE4LeRGLs2,COFFEE,treatment,30.23
R_22Gn4dE4LeRGLs2,PET_FOOD,baseline,57.36
R_22Gn4dE4LeRGLs2,PET_FOOD,treatment,110.16
R_22Gn4dE4LeRGLs2,SHIRT,baseline,28.060000000000002
R_22Gn4dE4LeRGLs2,SHOES,baseline,12.88
R_22Gn4dE4LeRGLs2,SUGAR_CANDY,baseline,19.98
R_22JlNGLs8i6SnZl,ELECTRONIC_CABLE,baseline,11.99
R_22KXkjjsQLNRz8z,VITAMIN,baseline,7.28
R_22KYqoomEYLo2wq,CELLULAR_PHONE_CASE,treatment,10.99
R_22KYqoomEYLo2wq,ELECTRONIC_CABLE,baseline,16.99
R_22KYqoomEYLo2wq,SHIRT,baseline,18.99
R_22KYqoomEYLo2wq,TOILET_PAPER,baseline,6.49
R_22KYqoomEYLo2wq,VITAMIN,baseline,9.38
R_22QYpfx86KSwry8,COFFEE,treatment,16.95
R_22QYpfx86KSwry8,ELECTRONIC_CABLE,baseline,16.99
R_22QYpfx86KSwry8,ELECTRONIC_CABLE,treatment,10.44
R_22QYpfx86KSwry8,SHOES,baseline,49.59
R_22RhdxIZQO8iwin,ELECTRONIC_CABLE,baseline,23.0
R_22RhdxIZQO8iwin,SKIN_CLEANING_AGENT,baseline,5.99
R_22RkxPVW3ypCgrG,CELLULAR_PHONE_CASE,treatment,13.49
R_22SxELlmhBQCe1C,COFFEE,baseline,55.69
R_22SxELlmhBQCe1C,PROTECTIVE_GLOVE,treatment,74.95
R_22SxELlmhBQCe1C,SCREEN_PROTECTOR,baseline,7.85
R_22SxELlmhBQCe1C,SKIN_CLEANING_AGENT,treatment,18.0
R_22SxELlmhBQCe1C,VITAMIN,baseline,47.05
R_22Wzy1G9WL8KGax,SAUCE,baseline,12.75
R_22Wzy1G9WL8KGax,VITAMIN,baseline,14.99
R_22XOWVbIo1lxpmy,PET_FOOD,baseline,91.9
R_22XOWVbIo1lxpmy,SAUCE,baseline,44.82
R_22XOWVbIo1lxpmy,SHIRT,baseline,17.95
R_22XOWVbIo1lxpmy,SHOES,baseline,41.95
R_22YdEF4Zn3bvwe6,SHOES,baseline,22.99
R_22mMopWqAj09mQc,PET_FOOD,baseline,107.82000000000001
R_22mMopWqAj09mQc,PET_FOOD,treatment,123.63
R_22mMopWqAj09mQc,VITAMIN,baseline,9.36
R_22mMopWqAj09mQc,VITAMIN,treatment,9.36
R_22nS4Bu8Q3B84gf,CELLULAR_PHONE_CASE,treatment,14.99
R_22tZfZkw9b1zxls,CELLULAR_PHONE_CASE,baseline,9.99
R_22tZfZkw9b1zxls,CELLULAR_PHONE_CASE,treatment,13.98
R_22tZfZkw9b1zxls,SCREEN_PROTECTOR,baseline,4.99
R_22tZfZkw9b1zxls,SHIRT,baseline,36.98
R_22tZfZkw9b1zxls,SHIRT,treatment,19.99
R_22tZfZkw9b1zxls,SKIN_CLEANING_AGENT,baseline,3.68
R_2338QGZaaaR1nho,PET_FOOD,baseline,52.45
R_2338QGZaaaR1nho,PET_FOOD,treatment,74.67
R_239wI20DbeKBIU5,SHIRT,baseline,38.84
R_23LGwgsgRxQiNJ7,SKIN_CLEANING_AGENT,baseline,18.0
R_23ThXRxY2BTPyy5,SHOES,baseline,14.88
R_23UD8epqFL3A1rB,ELECTRONIC_CABLE,baseline,4.99
R_23Wbrmncvkhzk2L,ELECTRONIC_CABLE,baseline,6.99
R_23Wbrmncvkhzk2L,ELECTRONIC_CABLE,treatment,6.99
R_23Wbrmncvkhzk2L,SHIRT,baseline,19.99
R_23Wbrmncvkhzk2L,TOILET_PAPER,treatment,65.84
R_23ZDXN18izogrMk,VITAMIN,baseline,6.08
R_23ZwAcyeCLyHKAW,SHIRT,treatment,20.97
R_23ZwAcyeCLyHKAW,SKIN_CLEANING_AGENT,baseline,22.99
R_23enipHqTsjcQfN,SHIRT,baseline,23.3
R_23fX29Tyw0uC7Pd,PET_FOOD,baseline,11.9
R_247Ax9cFFZftmdh,DISHWARE_PLATE,baseline,24.99
R_247Ax9cFFZftmdh,FLAVORED_DRINK_CONCENTRATE,baseline,33.06
R_247Ax9cFFZftmdh,FLAVORED_DRINK_CONCENTRATE,treatment,9.9
R_247Ax9cFFZftmdh,HERB,treatment,4.0200000000000005
R_247Ax9cFFZftmdh,PET_FOOD,baseline,15.36
R_247Ax9cFFZftmdh,PET_FOOD,treatment,9.92
R_247Ax9cFFZftmdh,SCREEN_PROTECTOR,baseline,16.99
R_247Ax9cFFZftmdh,SHIRT,treatment,16.99
R_247Ax9cFFZftmdh,TOILET_PAPER,treatment,22.25
R_24B0L8fp0uSaj6n,SAUCE,baseline,12.0
R_24CoylaWTDs52IQ,SCREEN_PROTECTOR,baseline,11.99
R_24HF9twScCsf5uy,SUGAR_CANDY,baseline,39.9
R_24INqi2ERG7Q8v3,CELLULAR_PHONE_CASE,baseline,8.99
R_24INqi2ERG7Q8v3,SHIRT,treatment,40.5
R_24INqi2ERG7Q8v3,TOILET_PAPER,treatment,19.99
R_24MD1eLqJhcFMCz,SHOES,baseline,27.7
R_24MKoSmvuiLEI76,CELLULAR_PHONE_CASE,baseline,9.46
R_24MKoSmvuiLEI76,ELECTRONIC_CABLE,treatment,6.99
R_24MKoSmvuiLEI76,SAUCE,baseline,7.99
R_24MKoSmvuiLEI76,SCREEN_PROTECTOR,baseline,7.85
R_24MKoSmvuiLEI76,SKIN_CLEANING_AGENT,baseline,43.98
R_24P0vykrD1RJG07,ELECTRONIC_CABLE,baseline,29.0
R_24PfvnRLl8MyeaF,ELECTRONIC_CABLE,baseline,16.94
R_24bE9NTxiBf6v2b,PET_FOOD,baseline,72.19
R_24bE9NTxiBf6v2b,PET_FOOD,treatment,51.24
R_24bE9NTxiBf6v2b,SHIRT,treatment,14.98
R_24bGur3im5IAPdZ,PET_FOOD,baseline,16.46
R_24bGur3im5IAPdZ,SCREEN_PROTECTOR,baseline,26.88
R_24bGur3im5IAPdZ,SUGAR_CANDY,baseline,19.7
R_24bGur3im5IAPdZ,TOILET_PAPER,treatment,22.25
R_24csoaO569P4Yzz,ADHESIVE_TAPES,baseline,4.47
R_24csoaO569P4Yzz,FRUIT,baseline,7.970000000000001
R_24csoaO569P4Yzz,PET_FOOD,baseline,70.97
R_24csoaO569P4Yzz,PET_FOOD,treatment,63.28
R_24csoaO569P4Yzz,SAUCE,baseline,3.18
R_24csoaO569P4Yzz,SHIRT,baseline,14.95
R_24csoaO569P4Yzz,SHOES,baseline,19.62
R_24csoaO569P4Yzz,SKIN_CLEANING_AGENT,baseline,14.120000000000001
R_24csoaO569P4Yzz,SKIN_CLEANING_AGENT,treatment,8.18
R_24dbGLxukEKohG6,PROTECTIVE_GLOVE,baseline,13.99
R_24dbGLxukEKohG6,SHIRT,baseline,64.2
R_24dbGLxukEKohG6,SKIN_CLEANING_AGENT,baseline,11.28
R_24f9hBh5NSWGX7k,PET_FOOD,baseline,32.99
R_24i0mUSZwuZUkFB,DISHWASHER_DETERGENT,baseline,14.1
R_24i0mUSZwuZUkFB,PET_FOOD,baseline,64.57
R_24i0mUSZwuZUkFB,PET_FOOD,treatment,29.79
R_24i0mUSZwuZUkFB,SKIN_CLEANING_AGENT,baseline,32.58
R_24k3UnBOhSTxgwO,SHIRT,baseline,12.99
R_24nLvo5DCDemQ4Q,CELLULAR_PHONE_CASE,treatment,13.99
R_24nLvo5DCDemQ4Q,COFFEE,treatment,10.98
R_24nLvo5DCDemQ4Q,ELECTRONIC_CABLE,baseline,24.97
R_24nLvo5DCDemQ4Q,ELECTRONIC_CABLE,treatment,29.95
R_24nLvo5DCDemQ4Q,PET_FOOD,treatment,11.68
R_24nLvo5DCDemQ4Q,PROTECTIVE_GLOVE,treatment,9.98
R_24nLvo5DCDemQ4Q,SAUCE,treatment,2.18
R_24nLvo5DCDemQ4Q,SHIRT,treatment,12.99
R_24nLvo5DCDemQ4Q,SKIN_CLEANING_AGENT,treatment,9.45
R_24nLvo5DCDemQ4Q,VITAMIN,treatment,13.99
R_24ovSGBcJmAm7rm,SKIN_CLEANING_AGENT,treatment,15.56
R_24q37XKZhX00HgC,CELLULAR_PHONE_CASE,baseline,29.939999999999998
R_24q37XKZhX00HgC,CELLULAR_PHONE_CASE,treatment,12.95
R_24q37XKZhX00HgC,SCREEN_PROTECTOR,baseline,6.99
R_24r8zX3cL47kTms,SHIRT,baseline,7.48
R_24r8zX3cL47kTms,SHIRT,treatment,7.96
R_24vf4xIuT0kGsZ3,ELECTRONIC_CABLE,baseline,15.99
R_24vf4xIuT0kGsZ3,VITAMIN,treatment,12.99
R_25Abb3LR9hZH8jU,CELLULAR_PHONE_CASE,baseline,16.99
R_25EHRGMe6DLAUM9,CELLULAR_PHONE_CASE,baseline,7.99
R_25EHRGMe6DLAUM9,SHIRT,baseline,60.14
R_25EHRGMe6DLAUM9,SHIRT,treatment,44.84
R_25HMSJi9OsBKgjX,FLAVORED_DRINK_CONCENTRATE,treatment,15.5
R_25HMSJi9OsBKgjX,PET_FOOD,treatment,46.32
R_25HMSJi9OsBKgjX,SKIN_CLEANING_AGENT,treatment,17.94
R_25KMnVsE9ynaHcA,PET_FOOD,treatment,5.04
R_25LBtpI3BFlKN2g,PET_FOOD,baseline,17.9
R_25LBtpI3BFlKN2g,VITAMIN,baseline,7.49
R_25NqDDo75C1LLvz,SCREEN_PROTECTOR,baseline,14.99
R_25QFY4BkXVDEnLF,COFFEE,baseline,19.4
R_25R5j9tYJt2A7SO,CELLULAR_PHONE_CASE,baseline,10.99
R_25R5j9tYJt2A7SO,COFFEE,baseline,27.65
R_25R5j9tYJt2A7SO,COFFEE,treatment,27.65
R_25R5j9tYJt2A7SO,ELECTRONIC_CABLE,baseline,8.49
R_25R5j9tYJt2A7SO,ELECTRONIC_CABLE,treatment,10.99
R_25R5j9tYJt2A7SO,SHOES,baseline,71.53
R_25RsmPLCHnSkLaN,SAUCE,treatment,2.19
R_25SbPPTyE45YzXP,ADHESIVE_TAPES,baseline,3.19
R_25SbPPTyE45YzXP,PET_FOOD,baseline,29.97
R_25SbPPTyE45YzXP,PLANTER,baseline,27.0
R_25SbPPTyE45YzXP,VITAMIN,baseline,46.39
R_25Wwg273Uw26jA1,ADHESIVE_TAPES,baseline,14.93
R_25Wwg273Uw26jA1,SHIRT,baseline,17.0
R_25Wwg273Uw26jA1,TOILET_PAPER,baseline,19.98
R_25YKRhjRfjRiZ8a,CELLULAR_PHONE_CASE,baseline,6.49
R_25YKRhjRfjRiZ8a,ELECTRONIC_CABLE,treatment,32.839999999999996
R_25YqaojEWt641sK,SKIN_CLEANING_AGENT,treatment,17.8
R_25ZPSeJQqBglbHD,ADHESIVE_TAPES,baseline,28.95
R_25ZREzNXsjQzRBK,PROTECTIVE_GLOVE,treatment,19.99
R_25ZREzNXsjQzRBK,SHOES,treatment,13.1
R_25sIdih8VbvepDL,ADHESIVE_TAPES,baseline,4.89
R_25sIdih8VbvepDL,SHIRT,baseline,21.0
R_25sIdih8VbvepDL,SKIN_CLEANING_AGENT,baseline,24.8
R_25thHabUddjXGzt,SKIN_CLEANING_AGENT,treatment,13.94
R_25thHabUddjXGzt,TOILET_PAPER,baseline,26.99
R_25ttAuAnnmTCHdB,CELLULAR_PHONE_CASE,baseline,26.99
R_25yKg0PVMOCRZXm,CELLULAR_PHONE_CASE,baseline,7.99
R_25z5LHPaAsxktx7,CELLULAR_PHONE_CASE,treatment,25.98
R_25z5LHPaAsxktx7,COFFEE,baseline,16.63
R_25z5LHPaAsxktx7,COFFEE,treatment,13.959999999999999
R_25z5LHPaAsxktx7,PET_FOOD,baseline,9.99
R_25z5LHPaAsxktx7,SCREEN_PROTECTOR,treatment,5.89
R_25z5LHPaAsxktx7,SHIRT,baseline,5.0
R_25z5LHPaAsxktx7,VITAMIN,treatment,6.76
R_262vJPpUeeFKuHT,FLAVORED_DRINK_CONCENTRATE,treatment,39.99
R_262vJPpUeeFKuHT,TOILET_PAPER,treatment,24.1
R_262vJPpUeeFKuHT,VITAMIN,baseline,12.99
R_26liBXCuUxT0tvv,ELECTRONIC_CABLE,baseline,6.84
R_26nB6rfoaXIEb6Z,ELECTRONIC_CABLE,baseline,10.96
R_26nB6rfoaXIEb6Z,PET_FOOD,baseline,11.89
R_26nV92uvsFuoqys,COFFEE,baseline,6.98
R_26nV92uvsFuoqys,COFFEE,treatment,6.98
R_26nV92uvsFuoqys,SUGAR_CANDY,treatment,14.99
R_26ndjFF4QlEU81o,SHOES,baseline,119.95
R_26ndjFF4QlEU81o,SKIN_CLEANING_AGENT,baseline,12.95
R_26njjH2ZOq7qmD9,ADHESIVE_TAPES,treatment,67.07
R_26o6WhUr0npdIOj,ELECTRONIC_CABLE,treatment,9.99
R_271MengshrPzDvK,CELLULAR_PHONE_CASE,treatment,11.99
R_273TMGuLM3jXisi,ELECTRONIC_CABLE,baseline,9.22
R_273TMGuLM3jXisi,FLAVORED_DRINK_CONCENTRATE,treatment,9.120000000000001
R_273TMGuLM3jXisi,FRUIT,treatment,3.74
R_273TMGuLM3jXisi,SAUCE,treatment,1.99
R_273TMGuLM3jXisi,TOILET_PAPER,baseline,72.42999999999999
R_273TMGuLM3jXisi,VITAMIN,baseline,12.88
R_273TMGuLM3jXisi,VITAMIN,treatment,18.95
R_277jw2dACBYPLk2,DISHWARE_PLATE,treatment,11.77
R_277jw2dACBYPLk2,DISHWASHER_DETERGENT,baseline,12.49
R_277jw2dACBYPLk2,DISHWASHER_DETERGENT,treatment,3.77
R_277jw2dACBYPLk2,PET_FOOD,baseline,53.19
R_277jw2dACBYPLk2,PET_FOOD,treatment,11.879999999999999
R_277jw2dACBYPLk2,SCREEN_PROTECTOR,treatment,8.5
R_277jw2dACBYPLk2,SHIRT,baseline,8.97
R_277jw2dACBYPLk2,SHOES,baseline,13.95
R_277jw2dACBYPLk2,SUGAR_CANDY,baseline,8.99
R_278SNhphNm6lbrs,VITAMIN,baseline,39.94
R_279w6VtL6RMPoAy,VITAMIN,baseline,10.13
R_27DL80quzRiSEmq,SHIRT,treatment,140.49
R_27DL80quzRiSEmq,SHOES,treatment,65.4
R_27DL80quzRiSEmq,SKIN_CLEANING_AGENT,baseline,3.76
R_27DL80quzRiSEmq,SKIN_CLEANING_AGENT,treatment,56.5
R_27DL80quzRiSEmq,TOILET_PAPER,baseline,34.8
R_27DL80quzRiSEmq,TOILET_PAPER,treatment,63.98
R_27EkAmfedK6OHpp,ELECTRONIC_CABLE,baseline,23.0
R_27EkAmfedK6OHpp,PET_FOOD,baseline,48.1
R_27EkAmfedK6OHpp,PET_FOOD,treatment,55.85
R_27EkAmfedK6OHpp,SCREEN_PROTECTOR,baseline,10.99
R_27EkAmfedK6OHpp,SKIN_CLEANING_AGENT,baseline,14.98
R_27KiIdiOjALLpvp,ELECTRONIC_CABLE,baseline,6.44
R_27KiIdiOjALLpvp,PET_FOOD,treatment,28.020000000000003
R_27KiIdiOjALLpvp,SCREEN_PROTECTOR,baseline,8.99
R_27KiIdiOjALLpvp,SHIRT,baseline,19.99
R_27KiIdiOjALLpvp,SKIN_CLEANING_AGENT,baseline,10.5
R_27KiIdiOjALLpvp,TOILET_PAPER,baseline,29.41
R_27KiIdiOjALLpvp,VITAMIN,treatment,9.99
R_27NeinuChlzrANs,CELLULAR_PHONE_CASE,baseline,14.95
R_27NeinuChlzrANs,SCREEN_PROTECTOR,baseline,17.99
R_27Nf8ImFlWu3J9O,PLANTER,baseline,26.98
R_27THfLXi9UhJw15,PET_FOOD,baseline,119.48
R_27THfLXi9UhJw15,PET_FOOD,treatment,39.84
R_27g6uEEgxm7kwNu,ELECTRONIC_CABLE,baseline,12.99
R_27lBy3G8YEF0qXq,SHIRT,baseline,12.83
R_27lBy3G8YEF0qXq,SHOES,baseline,57.55
R_27llfKLBUotowNk,SHOES,baseline,42.97
R_27m4lDN7Y7TlgZw,SAUCE,baseline,6.39
R_27m4lDN7Y7TlgZw,SKIN_CLEANING_AGENT,baseline,29.99
R_27m4lDN7Y7TlgZw,SKIN_CLEANING_AGENT,treatment,29.99
R_27vCxdsPCb2NKoF,PET_FOOD,baseline,31.770000000000003
R_27vCxdsPCb2NKoF,PET_FOOD,treatment,56.410000000000004
R_27vVnfQ5TPzu3Ro,ELECTRONIC_CABLE,baseline,23.97
R_27wIB08amTLLAwh,SUGAR_CANDY,baseline,11.98
R_27ydwfqncX77Mnd,PLANTER,baseline,4.99
R_27ydwfqncX77Mnd,SKIN_CLEANING_AGENT,baseline,5.82
R_28A3bViTfrJjMFz,ELECTRONIC_CABLE,treatment,7.95
R_28A3bViTfrJjMFz,PET_FOOD,baseline,34.19
R_28A3bViTfrJjMFz,SAUCE,treatment,47.41
R_28A3bViTfrJjMFz,SHIRT,treatment,28.9
R_28A3bViTfrJjMFz,SKIN_CLEANING_AGENT,baseline,32.22
R_28BST1zc80UaP2C,CELLULAR_PHONE_CASE,baseline,8.99
R_28BST1zc80UaP2C,COFFEE,baseline,10.43
R_28BST1zc80UaP2C,SKIN_CLEANING_AGENT,baseline,15.6
R_28GxMZkrIGCzmKv,SAUCE,treatment,7.99
R_28MUrxegboyIHhY,CELLULAR_PHONE_CASE,baseline,7.99
R_28MUrxegboyIHhY,PET_FOOD,baseline,31.48
R_28MUrxegboyIHhY,PET_FOOD,treatment,58.71
R_28MUrxegboyIHhY,SHIRT,baseline,57.97
R_28NdvpiMbmD53BH,HERB,baseline,22.97
R_28TGzmtgBsR6wng,SHOES,baseline,70.0
R_294CXFq1Cuh1Jxw,CELLULAR_PHONE_CASE,baseline,14.39
R_294CXFq1Cuh1Jxw,ELECTRONIC_CABLE,baseline,6.99
R_294CXFq1Cuh1Jxw,PET_FOOD,baseline,35.08
R_294CXFq1Cuh1Jxw,PET_FOOD,treatment,13.79
R_294CXFq1Cuh1Jxw,SCREEN_PROTECTOR,baseline,6.89
R_294CXFq1Cuh1Jxw,SHIRT,baseline,15.99
R_294CXFq1Cuh1Jxw,SHOES,baseline,17.0
R_294CXFq1Cuh1Jxw,SKIN_CLEANING_AGENT,baseline,5.82
R_294j7DOOunkaWAs,ELECTRONIC_CABLE,treatment,10.99
R_297dOANqCntVXou,ADHESIVE_TAPES,baseline,3.19
R_297dOANqCntVXou,SAUCE,baseline,8.48
R_29aBXbsr6LBgSs6,CELLULAR_PHONE_CASE,baseline,7.99
R_29aBXbsr6LBgSs6,PET_FOOD,baseline,9.99
R_29aBXbsr6LBgSs6,PET_FOOD,treatment,19.99
R_29aBXbsr6LBgSs6,PROTECTIVE_GLOVE,baseline,8.98
R_29aBXbsr6LBgSs6,SHIRT,baseline,19.99
R_29aBXbsr6LBgSs6,TOILET_PAPER,baseline,29.41
R_29aBXbsr6LBgSs6,TOILET_PAPER,treatment,27.49
R_29aBXbsr6LBgSs6,VITAMIN,treatment,24.21
R_29cyBHR3PpqJiZf,COFFEE,baseline,15.99
R_29cyBHR3PpqJiZf,SAUCE,baseline,17.98
R_29gkDjbbzKphGiY,SHIRT,baseline,14.74
R_29gkDjbbzKphGiY,SHOES,baseline,49.95
R_29iGyG3WSmKo5Te,CELLULAR_PHONE_CASE,baseline,13.99
R_29iGyG3WSmKo5Te,SHIRT,treatment,22.99
R_29iXgeacv5R6Qm1,SHOES,baseline,24.99
R_29lVeJYqWavvBrf,ELECTRONIC_CABLE,treatment,19.94
R_29lVeJYqWavvBrf,VITAMIN,baseline,25.4
R_29mKAJoipAmfUj5,CELLULAR_PHONE_CASE,baseline,32.379999999999995
R_29mKAJoipAmfUj5,ELECTRONIC_CABLE,baseline,5.99
R_29ntYmnUVN4BYq5,ADHESIVE_TAPES,baseline,4.19
R_29ntYmnUVN4BYq5,SHOES,baseline,62.06
R_29oUfTgQ6sWbFG2,COFFEE,baseline,39.97
R_29oUfTgQ6sWbFG2,COFFEE,treatment,48.86
R_29oUfTgQ6sWbFG2,DISHWARE_PLATE,treatment,16.99
R_29oUfTgQ6sWbFG2,PROTECTIVE_GLOVE,treatment,35.0
R_29oUfTgQ6sWbFG2,SKIN_CLEANING_AGENT,baseline,20.43
R_29sSdZhPXE2rY6T,CELLULAR_PHONE_CASE,baseline,11.99
R_29sSdZhPXE2rY6T,ELECTRONIC_CABLE,baseline,7.99
R_29sSdZhPXE2rY6T,PET_FOOD,treatment,16.7
R_29tYnNf049lSPEe,COFFEE,baseline,25.0
R_29tZUWisKTCWczv,CELLULAR_PHONE_CASE,baseline,14.99
R_29tZUWisKTCWczv,SHIRT,baseline,18.9
R_29tZUWisKTCWczv,VITAMIN,treatment,14.95
R_29uBVByYo0xAXiZ,SCREEN_PROTECTOR,baseline,5.99
R_29uBVByYo0xAXiZ,SKIN_CLEANING_AGENT,baseline,8.18
R_2A0c83aff4ORZ8M,HERB,treatment,9.89
R_2AGpSTOzeeHqMYd,PET_FOOD,baseline,75.93
R_2AHiSANbVno9jis,DISHWARE_PLATE,baseline,38.5
R_2AKmlpuYamEE1sg,TOILET_PAPER,treatment,26.0
R_2ARuK9Yt1gaelL1,SUGAR_CANDY,treatment,11.8
R_2ASBFgthVbaGlF3,DISHWASHER_DETERGENT,treatment,19.99
R_2ASBFgthVbaGlF3,PET_FOOD,treatment,3.56
R_2ASBFgthVbaGlF3,PLANTER,baseline,12.99
R_2ASBFgthVbaGlF3,PROTECTIVE_GLOVE,treatment,27.5
R_2ASBFgthVbaGlF3,SKIN_CLEANING_AGENT,baseline,12.72
R_2ASz0xBmcxqYzUJ,SKIN_CLEANING_AGENT,baseline,25.98
R_2ASz0xBmcxqYzUJ,VITAMIN,treatment,6.5
R_2AWPIO2mAHQfarO,DISHWASHER_DETERGENT,baseline,9.99
R_2AWPIO2mAHQfarO,SKIN_CLEANING_AGENT,baseline,85.74000000000001
R_2AWPIO2mAHQfarO,SKIN_CLEANING_AGENT,treatment,27.19
R_2AWPIO2mAHQfarO,TOILET_PAPER,baseline,16.69
R_2AWkL1j4mAcAll8,CELLULAR_PHONE_CASE,baseline,8.39
R_2AWkL1j4mAcAll8,SCREEN_PROTECTOR,baseline,6.99
R_2AXcJk6rRN4M33l,ADHESIVE_TAPES,treatment,3.99
R_2AXcJk6rRN4M33l,FRUIT,baseline,6.15
R_2AXcJk6rRN4M33l,HERB,baseline,4.95
R_2AXcJk6rRN4M33l,PET_FOOD,treatment,16.09
R_2AXcJk6rRN4M33l,PLANTER,baseline,17.72
R_2AXcJk6rRN4M33l,PLANTER,treatment,11.94
R_2AXcJk6rRN4M33l,VITAMIN,baseline,32.94
R_2AXcJk6rRN4M33l,VITAMIN,treatment,19.95
R_2AZp2CmhF7MrutF,SCREEN_PROTECTOR,baseline,6.99
R_2AZp2CmhF7MrutF,SKIN_CLEANING_AGENT,treatment,21.88
R_2B38co9cwVRvVZA,CELLULAR_PHONE_CASE,baseline,6.79
R_2B4K5vrltR4MtxH,SUGAR_CANDY,baseline,4.38
R_2B57BR9z6oNT8FQ,ELECTRONIC_CABLE,baseline,15.98
R_2BbXrd596mMP6Fy,FLAVORED_DRINK_CONCENTRATE,baseline,3.29
R_2BbrM9dlmfJjriA,CELLULAR_PHONE_CASE,baseline,3.99
R_2BbrM9dlmfJjriA,CELLULAR_PHONE_CASE,treatment,24.98
R_2Bf9LCfyZyvdTjk,ELECTRONIC_CABLE,baseline,19.95
R_2Bf9LCfyZyvdTjk,ELECTRONIC_CABLE,treatment,6.79
R_2Bf9LCfyZyvdTjk,SKIN_CLEANING_AGENT,treatment,6.99
R_2BfmqVKFYNmifjt,SAUCE,baseline,11.28
R_2BfmqVKFYNmifjt,SKIN_CLEANING_AGENT,baseline,12.27
R_2BfmqVKFYNmifjt,SKIN_CLEANING_AGENT,treatment,5.97
R_2BfmqVKFYNmifjt,VITAMIN,baseline,6.54
R_2Bg2FwMbTIyoh0G,CELLULAR_PHONE_CASE,baseline,9.99
R_2Bg2FwMbTIyoh0G,DISHWARE_PLATE,treatment,15.99
R_2Bg2FwMbTIyoh0G,SHIRT,baseline,16.92
R_2Bg2FwMbTIyoh0G,SHOES,baseline,58.03
R_2Bljhn8FOxqwglz,CELLULAR_PHONE_CASE,baseline,14.99
R_2Bljhn8FOxqwglz,CELLULAR_PHONE_CASE,treatment,15.99
R_2Bljhn8FOxqwglz,SHOES,baseline,35.15
R_2BnFUPIU2DExYF3,SHIRT,baseline,32.94
R_2BriYyFstlrx4JH,PET_FOOD,baseline,20.89
R_2BriYyFstlrx4JH,PET_FOOD,treatment,20.61
R_2BsQo2hVc1VWdPq,ELECTRONIC_CABLE,baseline,6.99
R_2BstrkPd4gMc6Ih,PET_FOOD,baseline,10.11
R_2BtA3kIOBjhD26o,ELECTRONIC_CABLE,baseline,6.29
R_2BtA3kIOBjhD26o,FRUIT,baseline,0.87
R_2BtA3kIOBjhD26o,SHOES,baseline,72.15
R_2BxhxogZnX0zogL,ELECTRONIC_CABLE,treatment,4.99
R_2BxhxogZnX0zogL,SKIN_CLEANING_AGENT,baseline,11.99
R_2Bzo4VQAjZDIzXx,PET_FOOD,baseline,59.96
R_2Bzo4VQAjZDIzXx,PET_FOOD,treatment,35.97
R_2Bzo4VQAjZDIzXx,SCREEN_PROTECTOR,baseline,8.99
R_2CB235JQzMtpihu,ELECTRONIC_CABLE,baseline,7.98
R_2CB235JQzMtpihu,PET_FOOD,baseline,48.69
R_2CJ9tQVGVUnaesS,SHIRT,treatment,10.33
R_2CKdeuvfVrO8I49,ELECTRONIC_CABLE,treatment,8.99
R_2CKdeuvfVrO8I49,PLANTER,baseline,27.99
R_2CTZpyWT7zqd3ba,SAUCE,baseline,14.0
R_2CVxHRKIkQ8pd1C,VITAMIN,baseline,29.99
R_2Cjrj7tElQLDt65,CELLULAR_PHONE_CASE,baseline,11.99
R_2Cjrj7tElQLDt65,PET_FOOD,baseline,346.17
R_2Cjrj7tElQLDt65,PET_FOOD,treatment,321.33
R_2Cjrj7tElQLDt65,VITAMIN,baseline,26.98
R_2CkaALNgqjkhfZM,ELECTRONIC_CABLE,baseline,9.99
R_2ClZTreQFwcrcpb,TOILET_PAPER,treatment,5.48
R_2Cp5sjenoyePcm6,SAUCE,baseline,11.17
R_2CpozrevorP48sb,ELECTRONIC_CABLE,baseline,14.0
R_2CpozrevorP48sb,PET_FOOD,baseline,13.44
R_2CsrokFpormEkh1,SHOES,treatment,69.9
R_2D1zydYR5SZ0LpK,PET_FOOD,baseline,29.54
R_2D1zydYR5SZ0LpK,PET_FOOD,treatment,28.62
R_2D1zydYR5SZ0LpK,SHOES,baseline,61.46
R_2D2K5rKv8NODIDZ,SCREEN_PROTECTOR,baseline,7.99
R_2D2K5rKv8NODIDZ,VITAMIN,baseline,12.99
R_2D6v6VH3RC5ZGC4,ELECTRONIC_CABLE,baseline,7.99
R_2D8LYcpt7M7DgbA,SKIN_CLEANING_AGENT,baseline,3.2
R_2D8LYcpt7M7DgbA,SKIN_CLEANING_AGENT,treatment,3.87
R_2DMmbUvmU2O3lTZ,SHIRT,baseline,7.0
R_2DOWnSX3XtTVapF,PLANTER,baseline,17.95
R_2DOWnSX3XtTVapF,SAUCE,baseline,13.13
R_2DSIdH6iUv9yJ8V,ADHESIVE_TAPES,baseline,22.9
R_2DSIdH6iUv9yJ8V,CELLULAR_PHONE_CASE,baseline,18.99
R_2DSIdH6iUv9yJ8V,COFFEE,treatment,5.18
R_2DSIdH6iUv9yJ8V,ELECTRONIC_CABLE,baseline,9.99
R_2DSIdH6iUv9yJ8V,FRUIT,treatment,7.98
R_2DSIdH6iUv9yJ8V,HERB,baseline,10.33
R_2DSIdH6iUv9yJ8V,PLANTER,baseline,196.95999999999998
R_2DSIdH6iUv9yJ8V,SAUCE,treatment,6.91
R_2DSIdH6iUv9yJ8V,SKIN_CLEANING_AGENT,baseline,49.98
R_2DSIdH6iUv9yJ8V,SUGAR_CANDY,treatment,14.32
R_2DSmjafbkSAict9,CELLULAR_PHONE_CASE,baseline,14.99
R_2DSmjafbkSAict9,PROTECTIVE_GLOVE,treatment,36.92
R_2DUObZm4n9gj106,PROTECTIVE_GLOVE,baseline,9.76
R_2DXPyU9bPnWuZPM,SHIRT,baseline,8.07
R_2DYMaORoIHXuYlw,VITAMIN,baseline,21.95
R_2E0Q3pbtzJQqLg7,ELECTRONIC_CABLE,baseline,7.99
R_2E0Q3pbtzJQqLg7,PROTECTIVE_GLOVE,baseline,8.01
R_2E0Q3pbtzJQqLg7,PROTECTIVE_GLOVE,treatment,38.1
R_2E0Q3pbtzJQqLg7,SHOES,baseline,4.99
R_2E5XCpTY2B5ZQ1f,PET_FOOD,baseline,167.39
R_2E5XCpTY2B5ZQ1f,PET_FOOD,treatment,23.28
R_2E9JSBmmNNT5YMi,DISHWARE_PLATE,baseline,18.88
R_2E9JSBmmNNT5YMi,PET_FOOD,baseline,10.78
R_2E9JSBmmNNT5YMi,SCREEN_PROTECTOR,baseline,19.98
R_2E9JSBmmNNT5YMi,SHIRT,baseline,17.89
R_2EAVmWg0gRATOgM,ELECTRONIC_CABLE,baseline,7.64
R_2EAVmWg0gRATOgM,SAUCE,baseline,12.8
R_2EGmp1SfybQ9rzo,DISHWARE_PLATE,baseline,15.48
R_2EcrBnvSSbcqsl8,SKIN_CLEANING_AGENT,treatment,19.04
R_2EglJpTWGEiwQYa,ADHESIVE_TAPES,baseline,13.99
R_2EglJpTWGEiwQYa,COFFEE,baseline,67.59
R_2EglJpTWGEiwQYa,COFFEE,treatment,20.94
R_2EglJpTWGEiwQYa,ELECTRONIC_CABLE,treatment,8.49
R_2EglJpTWGEiwQYa,PET_FOOD,baseline,105.58
R_2EglJpTWGEiwQYa,PROTECTIVE_GLOVE,baseline,37.14
R_2EglJpTWGEiwQYa,SAUCE,baseline,6.99
R_2EglJpTWGEiwQYa,SAUCE,treatment,2.68
R_2EglJpTWGEiwQYa,SHIRT,treatment,15.99
R_2EglJpTWGEiwQYa,SHOES,baseline,424.82
R_2EglJpTWGEiwQYa,TOILET_PAPER,treatment,32.92
R_2EglJpTWGEiwQYa,VITAMIN,treatment,15.84
R_2EhkQGvcl4F3ugv,COFFEE,baseline,38.0
R_2EhkQGvcl4F3ugv,HERB,baseline,14.47
R_2EhkQGvcl4F3ugv,SAUCE,baseline,5.49
R_2EhnkgIeZYCK0jH,SHIRT,treatment,34.379999999999995
R_2EmedYCvGOapQws,CELLULAR_PHONE_CASE,baseline,14.99
R_2EmedYCvGOapQws,COFFEE,treatment,20.15
R_2En0sbvQ7s48ufv,SHIRT,baseline,22.99
R_2En0sbvQ7s48ufv,TOILET_PAPER,baseline,40.91
R_2En0sbvQ7s48ufv,VITAMIN,baseline,37.99
R_2Etc0qZ3B702xxn,CELLULAR_PHONE_CASE,treatment,9.99
R_2Etc0qZ3B702xxn,SCREEN_PROTECTOR,treatment,6.89
R_2EzwbYWmZw0kKvr,CELLULAR_PHONE_CASE,baseline,11.99
R_2OHLj8YzL2D0sfV,SUGAR_CANDY,baseline,8.49
R_2OHgbfVLtFIinBW,SCREEN_PROTECTOR,baseline,7.85
R_2ONDyHxQviDmrWg,PET_FOOD,baseline,14.38
R_2OOq3ysdOS3TtBd,CELLULAR_PHONE_CASE,treatment,15.98
R_2OOq3ysdOS3TtBd,COFFEE,baseline,8.64
R_2OOq3ysdOS3TtBd,FRUIT,baseline,0.44
R_2OOq3ysdOS3TtBd,PET_FOOD,baseline,40.36
R_2OOq3ysdOS3TtBd,PET_FOOD,treatment,44.99
R_2OOq3ysdOS3TtBd,SCREEN_PROTECTOR,treatment,16.98
R_2OOq3ysdOS3TtBd,SHIRT,baseline,24.99
R_2OOq3ysdOS3TtBd,SKIN_CLEANING_AGENT,baseline,14.9
R_2OOq3ysdOS3TtBd,SUGAR_CANDY,baseline,15.43
R_2OSBfO6qK8yJzir,PET_FOOD,baseline,150.46
R_2OYI87DbF4B4aUA,PET_FOOD,baseline,54.96
R_2OYI87DbF4B4aUA,SHIRT,baseline,99.03
R_2OYI87DbF4B4aUA,SHIRT,treatment,17.98
R_2P1ge2DGU400qax,TOILET_PAPER,treatment,19.99
R_2P50Iq3Uo8HiCwT,HERB,treatment,3.83
R_2P50Iq3Uo8HiCwT,PET_FOOD,baseline,25.59
R_2P50Iq3Uo8HiCwT,SKIN_CLEANING_AGENT,baseline,7.48
R_2P5PPfIQY9aoCMu,SCREEN_PROTECTOR,baseline,10.99
R_2P5PPfIQY9aoCMu,SHIRT,baseline,20.5
R_2P5PPfIQY9aoCMu,SHIRT,treatment,107.59
R_2P5PPfIQY9aoCMu,SHOES,baseline,117.93
R_2Pb6kMuBgOduMwf,FLAVORED_DRINK_CONCENTRATE,treatment,2.98
R_2PbSVE0LSsvWyXI,ELECTRONIC_CABLE,treatment,6.49
R_2PbSVE0LSsvWyXI,FRUIT,treatment,7.98
R_2PbSVE0LSsvWyXI,PROTECTIVE_GLOVE,baseline,10.24
R_2PbSVE0LSsvWyXI,SCREEN_PROTECTOR,baseline,7.99
R_2PbSVE0LSsvWyXI,SUGAR_CANDY,baseline,55.67999999999999
R_2PbSVE0LSsvWyXI,VITAMIN,treatment,39.99
R_2PcESd79zlVjd8V,PET_FOOD,baseline,54.19
R_2PcESd79zlVjd8V,PET_FOOD,treatment,37.76
R_2PcESd79zlVjd8V,SAUCE,treatment,37.55
R_2PcESd79zlVjd8V,SKIN_CLEANING_AGENT,baseline,8.33
R_2PcESd79zlVjd8V,TOILET_PAPER,baseline,7.47
R_2PczkBPRGmqC8Ru,FRUIT,baseline,4.98
R_2PczkBPRGmqC8Ru,SKIN_CLEANING_AGENT,treatment,9.98
R_2Pe4BqKB0X9aMTb,ADHESIVE_TAPES,treatment,26.66
R_2Pe4BqKB0X9aMTb,ELECTRONIC_CABLE,treatment,26.770000000000003
R_2Pe6tHUCkAWyCiD,SCREEN_PROTECTOR,treatment,7.99
R_2PiMka1SHyZrLEK,SHIRT,baseline,30.09
R_2PjmJHMFnJg4Jue,DISHWARE_PLATE,treatment,50.0
R_2Pnj0H5ydChbT9z,PET_FOOD,baseline,13.17
R_2PolzJvrZL29iF7,COFFEE,baseline,92.13
R_2PolzJvrZL29iF7,COFFEE,treatment,54.75
R_2PolzJvrZL29iF7,PET_FOOD,baseline,174.59
R_2PolzJvrZL29iF7,PET_FOOD,treatment,62.39
R_2PyR5zSbB74ltZ1,ADHESIVE_TAPES,baseline,5.87
R_2PyR5zSbB74ltZ1,CELLULAR_PHONE_CASE,baseline,8.98
R_2PyR5zSbB74ltZ1,COFFEE,treatment,17.99
R_2PyR5zSbB74ltZ1,PET_FOOD,baseline,18.36
R_2PyR5zSbB74ltZ1,PET_FOOD,treatment,14.48
R_2PyR5zSbB74ltZ1,SHOES,baseline,57.12
R_2QECV61zCoWvPwV,CELLULAR_PHONE_CASE,treatment,29.99
R_2QECV61zCoWvPwV,PET_FOOD,baseline,1.44
R_2QECV61zCoWvPwV,SHOES,baseline,81.98
R_2QEQOSl4i81CHb1,CELLULAR_PHONE_CASE,baseline,52.93
R_2QEQOSl4i81CHb1,PET_FOOD,treatment,49.98
R_2QEQOSl4i81CHb1,PROTECTIVE_GLOVE,baseline,13.93
R_2QEQOSl4i81CHb1,SHIRT,baseline,27.99
R_2QEeH4ETBBV2lPr,ELECTRONIC_CABLE,baseline,13.99
R_2QEeH4ETBBV2lPr,SKIN_CLEANING_AGENT,treatment,4.5
R_2QKhcChxM8s25SS,CELLULAR_PHONE_CASE,baseline,14.99
R_2QKhcChxM8s25SS,ELECTRONIC_CABLE,treatment,7.99
R_2QKhcChxM8s25SS,PET_FOOD,baseline,47.72
R_2QKhcChxM8s25SS,PET_FOOD,treatment,14.48
R_2QKhcChxM8s25SS,SCREEN_PROTECTOR,baseline,43.54
R_2QLigoO9nrSSnPT,SCREEN_PROTECTOR,baseline,7.85
R_2QM76i5yRebcpiD,CELLULAR_PHONE_CASE,treatment,14.99
R_2QM76i5yRebcpiD,VITAMIN,baseline,14.95
R_2QQl58nFfrZayxf,ELECTRONIC_CABLE,baseline,24.880000000000003
R_2QQl58nFfrZayxf,VITAMIN,baseline,19.96
R_2QRMdwLStyElYoU,CELLULAR_PHONE_CASE,treatment,10.99
R_2QRMdwLStyElYoU,FRUIT,treatment,16.66
R_2QRMdwLStyElYoU,HERB,treatment,3.96
R_2QRMdwLStyElYoU,SKIN_CLEANING_AGENT,baseline,16.99
R_2QRMdwLStyElYoU,SKIN_CLEANING_AGENT,treatment,36.46
R_2QRtVOQUzfFxAg0,TOILET_PAPER,baseline,8.67
R_2QXJIE0UXBTy8wd,FLAVORED_DRINK_CONCENTRATE,baseline,2.49
R_2QXJIE0UXBTy8wd,FRUIT,baseline,19.27
R_2QXJIE0UXBTy8wd,FRUIT,treatment,17.72
R_2QXJIE0UXBTy8wd,HERB,baseline,5.970000000000001
R_2QXJIE0UXBTy8wd,SAUCE,baseline,5.45
R_2QXq900Df6biUD7,ADHESIVE_TAPES,treatment,3.97
R_2QXq900Df6biUD7,SHIRT,baseline,19.98
R_2QXq900Df6biUD7,VITAMIN,treatment,6.97
R_2QYCIl75oJ8y4OX,COFFEE,treatment,20.98
R_2QYCIl75oJ8y4OX,ELECTRONIC_CABLE,baseline,8.99
R_2QYCIl75oJ8y4OX,SAUCE,treatment,24.71
R_2QYCIl75oJ8y4OX,SHIRT,baseline,23.46
R_2QYCIl75oJ8y4OX,SHIRT,treatment,21.95
R_2QYCIl75oJ8y4OX,SHOES,baseline,42.88
R_2QYCIl75oJ8y4OX,SUGAR_CANDY,baseline,6.98
R_2QfACJcif9NnW0C,SHIRT,baseline,7.98
R_2QfJrJ6NScKkMV6,ELECTRONIC_CABLE,baseline,17.98
R_2QfJrJ6NScKkMV6,SHOES,baseline,51.53
R_2Qfzb9ygW4pFpaQ,SHOES,baseline,19.99
R_2QgQk2MGsl392HX,PET_FOOD,baseline,5.86
R_2QgQk2MGsl392HX,SUGAR_CANDY,baseline,4.88
R_2Qh94pYDlaxRsdw,DISHWASHER_DETERGENT,treatment,23.98
R_2Qh94pYDlaxRsdw,SCREEN_PROTECTOR,treatment,9.97
R_2Qh94pYDlaxRsdw,SHIRT,baseline,56.19
R_2Qh94pYDlaxRsdw,SHIRT,treatment,15.0
R_2Qh94pYDlaxRsdw,SKIN_CLEANING_AGENT,baseline,9.98
R_2Qh94pYDlaxRsdw,VITAMIN,baseline,18.37
R_2Qh94pYDlaxRsdw,VITAMIN,treatment,22.67
R_2QhsbIvy6Z9M6s4,DISHWASHER_DETERGENT,treatment,8.48
R_2QhsbIvy6Z9M6s4,PET_FOOD,treatment,101.94
R_2QhsbIvy6Z9M6s4,TOILET_PAPER,treatment,26.43
R_2Qlbt5GuAhhMPAi,SHIRT,treatment,11.99
R_2QlfFCEdKYPO953,ELECTRONIC_CABLE,treatment,4.94
R_2QlfFCEdKYPO953,FRUIT,baseline,3.59
R_2QlfFCEdKYPO953,SCREEN_PROTECTOR,baseline,13.99
R_2QlfFCEdKYPO953,SKIN_CLEANING_AGENT,baseline,7.24
R_2QoKsJMXOFitzk6,HERB,treatment,7.99
R_2QoKsJMXOFitzk6,PET_FOOD,baseline,92.69
R_2QoKsJMXOFitzk6,PET_FOOD,treatment,159.97
R_2QoKsJMXOFitzk6,PLANTER,treatment,3.4
R_2QoKsJMXOFitzk6,SHOES,baseline,17.0
R_2QrIY4M7cndTBf7,FRUIT,baseline,10.98
R_2QrIY4M7cndTBf7,SAUCE,baseline,3.29
R_2QtjN5zKxD0QMhy,COFFEE,baseline,46.98
R_2Qu0fgUOnDpaKDH,CELLULAR_PHONE_CASE,baseline,26.84
R_2Qu0fgUOnDpaKDH,CELLULAR_PHONE_CASE,treatment,22.98
R_2Qu0fgUOnDpaKDH,ELECTRONIC_CABLE,baseline,15.57
R_2Qu0fgUOnDpaKDH,SCREEN_PROTECTOR,treatment,6.95
R_2Qu0fgUOnDpaKDH,SHIRT,baseline,20.47
R_2Qu0fgUOnDpaKDH,SUGAR_CANDY,treatment,10.78
R_2QxhYoQlRBK7D8d,ELECTRONIC_CABLE,treatment,9.99
R_2R20tGsAciB0E9U,PET_FOOD,baseline,77.28
R_2R20tGsAciB0E9U,PET_FOOD,treatment,67.63
R_2R20tGsAciB0E9U,SKIN_CLEANING_AGENT,treatment,9.99
R_2R3ayuIYVgX07CZ,PET_FOOD,baseline,74.02
R_2R3ayuIYVgX07CZ,PET_FOOD,treatment,19.5
R_2R3ayuIYVgX07CZ,PLANTER,baseline,14.99
R_2R3ayuIYVgX07CZ,SHIRT,baseline,13.99
R_2R3ayuIYVgX07CZ,SKIN_CLEANING_AGENT,baseline,19.54
R_2R3ayuIYVgX07CZ,TOILET_PAPER,baseline,55.98
R_2R3ayuIYVgX07CZ,VITAMIN,baseline,5.37
R_2R7E5Ezaz55PIIg,ELECTRONIC_CABLE,baseline,8.09
R_2R7E5Ezaz55PIIg,PET_FOOD,baseline,13.29
R_2R7XoHLye7zu5Lb,VITAMIN,treatment,19.95
R_2RP7nQbTOJwWJRC,SHIRT,baseline,23.18
R_2RP7nQbTOJwWJRC,SUGAR_CANDY,baseline,9.13
R_2RPrq50LY9ibnQU,CELLULAR_PHONE_CASE,baseline,7.56
R_2RPrq50LY9ibnQU,COFFEE,baseline,35.98
R_2RPrq50LY9ibnQU,SAUCE,baseline,8.48
R_2RUDh7piHU7frzt,PROTECTIVE_GLOVE,treatment,11.65
R_2RUDh7piHU7frzt,SHIRT,treatment,17.99
R_2RUGhslRGz8ESz1,ELECTRONIC_CABLE,treatment,19.99
R_2RUGhslRGz8ESz1,SCREEN_PROTECTOR,baseline,25.99
R_2RUJuDHC9no4oe2,HERB,baseline,4.3
R_2RUJuDHC9no4oe2,SAUCE,baseline,9.44
R_2RUJuDHC9no4oe2,SAUCE,treatment,7.1
R_2RUJuDHC9no4oe2,SHIRT,baseline,24.0
R_2RUJuDHC9no4oe2,SHIRT,treatment,24.0
R_2RVXjEovu4Y1yen,CELLULAR_PHONE_CASE,baseline,13.99
R_2RVXjEovu4Y1yen,ELECTRONIC_CABLE,baseline,39.9
R_2RVXjEovu4Y1yen,SCREEN_PROTECTOR,baseline,6.95
R_2RVr1VA8MPt5THg,CELLULAR_PHONE_CASE,treatment,37.9
R_2RaxX6jSq9lvO4q,ELECTRONIC_CABLE,baseline,83.94
R_2S0NrcvRufXExKs,ELECTRONIC_CABLE,baseline,29.93
R_2S0u8lcDVOW3xTU,COFFEE,baseline,36.09
R_2S0u8lcDVOW3xTU,COFFEE,treatment,24.46
R_2S0u8lcDVOW3xTU,ELECTRONIC_CABLE,baseline,27.47
R_2S0u8lcDVOW3xTU,PET_FOOD,baseline,93.12
R_2S0u8lcDVOW3xTU,PET_FOOD,treatment,46.56
R_2S0u8lcDVOW3xTU,SCREEN_PROTECTOR,treatment,13.98
R_2S0u8lcDVOW3xTU,SHIRT,baseline,55.42
R_2S0u8lcDVOW3xTU,SKIN_CLEANING_AGENT,treatment,21.41
R_2S0u8lcDVOW3xTU,TOILET_PAPER,baseline,44.5
R_2S31vSPrwOLWHLA,DISHWARE_PLATE,baseline,19.99
R_2S31vSPrwOLWHLA,SHIRT,baseline,11.5
R_2S31vSPrwOLWHLA,SKIN_CLEANING_AGENT,treatment,19.549999999999997
R_2S31vSPrwOLWHLA,TOILET_PAPER,treatment,27.99
R_2S33CMyMpIbJcBm,SHOES,baseline,57.58
R_2S7gh75tbvkUpDq,PET_FOOD,baseline,27.96
R_2S7gh75tbvkUpDq,PET_FOOD,treatment,23.43
R_2S942svAtx2khyI,PROTECTIVE_GLOVE,treatment,17.9
R_2SD0ezsMpLxCClb,CELLULAR_PHONE_CASE,baseline,11.99
R_2SIYchF5txvb4ur,SKIN_CLEANING_AGENT,baseline,5.0600000000000005
R_2SIYchF5txvb4ur,SUGAR_CANDY,baseline,1.75
R_2SdTIZ3yJDeoull,ELECTRONIC_CABLE,treatment,15.99
R_2Se2NF3W7re09yf,VITAMIN,baseline,27.560000000000002
R_2Ser7goSgo0gVBj,CELLULAR_PHONE_CASE,baseline,15.99
R_2Ser7goSgo0gVBj,CELLULAR_PHONE_CASE,treatment,10.2
R_2Ser7goSgo0gVBj,SCREEN_PROTECTOR,baseline,6.89
R_2SiVXI2QZ5GDasH,PET_FOOD,baseline,66.56
R_2SiVXI2QZ5GDasH,PET_FOOD,treatment,83.24
R_2SiVXI2QZ5GDasH,SKIN_CLEANING_AGENT,baseline,19.99
R_2SksQStmmNpRaiB,SHOES,treatment,88.0
R_2SksQStmmNpRaiB,SKIN_CLEANING_AGENT,treatment,13.91
R_2SlgQWzfKwbWUov,SCREEN_PROTECTOR,treatment,6.89
R_2SlgQWzfKwbWUov,SKIN_CLEANING_AGENT,treatment,4.89
R_2SlgQWzfKwbWUov,TOILET_PAPER,baseline,12.48
R_2SlgQWzfKwbWUov,VITAMIN,treatment,8.47
R_2SowakeS8ZQebAD,PET_FOOD,baseline,8.7
R_2SqWTZJSEFu0jiK,CELLULAR_PHONE_CASE,baseline,24.939999999999998
R_2SqWTZJSEFu0jiK,SHIRT,baseline,94.77
R_2SqWTZJSEFu0jiK,SKIN_CLEANING_AGENT,baseline,22.84
R_2TEGPne2Cu1LmmT,PROTECTIVE_GLOVE,treatment,14.99
R_2TI4euxLM9qQBOa,PLANTER,baseline,25.99
R_2TKKMv7TMpR8EHA,CELLULAR_PHONE_CASE,treatment,11.99
R_2TKKMv7TMpR8EHA,VITAMIN,baseline,9.74
R_2TL7w44l8M5vEok,CELLULAR_PHONE_CASE,baseline,17.560000000000002
R_2TL7w44l8M5vEok,SCREEN_PROTECTOR,baseline,8.99
R_2TLur93rwoQN4Th,SKIN_CLEANING_AGENT,baseline,12.88
R_2TMjqyOFnomTeK0,SAUCE,baseline,11.28
R_2TMjqyOFnomTeK0,SHIRT,baseline,22.49
R_2TMjqyOFnomTeK0,VITAMIN,baseline,20.49
R_2TXBHPMwNAwKR7Q,SKIN_CLEANING_AGENT,baseline,14.99
R_2TmKTVoITgoXQmz,CELLULAR_PHONE_CASE,baseline,13.99
R_2TnuiSdfJ77v7e9,PET_FOOD,baseline,22.23
R_2ToRb0eNQrFNM3u,COFFEE,treatment,22.9
R_2TsCKRGiAjwQl2h,CELLULAR_PHONE_CASE,baseline,46.980000000000004
R_2TsCKRGiAjwQl2h,PET_FOOD,baseline,11.97
R_2TsCKRGiAjwQl2h,PET_FOOD,treatment,11.97
R_2TsCKRGiAjwQl2h,PLANTER,treatment,32.6
R_2TsCKRGiAjwQl2h,SCREEN_PROTECTOR,baseline,4.89
R_2TsCKRGiAjwQl2h,SKIN_CLEANING_AGENT,treatment,18.87
R_2TsCKRGiAjwQl2h,TOILET_PAPER,treatment,9.98
R_2TsCKRGiAjwQl2h,VITAMIN,baseline,8.99
R_2TsCKRGiAjwQl2h,VITAMIN,treatment,5.49
R_2Tts5u5bLVSiIwt,COFFEE,baseline,48.25
R_2Tts5u5bLVSiIwt,COFFEE,treatment,46.9
R_2Tts5u5bLVSiIwt,SHOES,treatment,19.49
R_2Tts5u5bLVSiIwt,SUGAR_CANDY,baseline,33.989999999999995
R_2Tts5u5bLVSiIwt,SUGAR_CANDY,treatment,30.0
R_2U8TbRGvfB10UAt,CELLULAR_PHONE_CASE,baseline,18.99
R_2U9Jk9fsyaEVhgv,PROTECTIVE_GLOVE,treatment,10.72
R_2U9Jk9fsyaEVhgv,VITAMIN,baseline,27.98
R_2U9mEuhxpSv5aA7,PET_FOOD,baseline,14.530000000000001
R_2U9mEuhxpSv5aA7,SHIRT,baseline,15.98
R_2U9mEuhxpSv5aA7,VITAMIN,baseline,14.99
R_2UVqdxTYEyCf52R,ADHESIVE_TAPES,treatment,9.57
R_2UVqdxTYEyCf52R,COFFEE,treatment,19.17
R_2UVqdxTYEyCf52R,HERB,treatment,3.44
R_2UVqdxTYEyCf52R,PET_FOOD,treatment,31.64
R_2UVqdxTYEyCf52R,SHIRT,treatment,32.95
R_2Ua7ev5fWion36a,DISHWASHER_DETERGENT,baseline,17.65
R_2Ua7ev5fWion36a,FLAVORED_DRINK_CONCENTRATE,treatment,26.97
R_2Ua7ev5fWion36a,PROTECTIVE_GLOVE,treatment,10.48
R_2Ua7ev5fWion36a,VITAMIN,baseline,27.0
R_2UaV2vSZDxrE35n,ADHESIVE_TAPES,treatment,11.95
R_2UaV2vSZDxrE35n,DISHWASHER_DETERGENT,treatment,12.19
R_2UbJL30HRjK1sdD,CELLULAR_PHONE_CASE,baseline,11.99
R_2UbJL30HRjK1sdD,SCREEN_PROTECTOR,baseline,10.99
R_2UbJL30HRjK1sdD,SHOES,baseline,99.95
R_2UbUEmGy30TkE8M,SHIRT,baseline,14.92
R_2UbUEmGy30TkE8M,SKIN_CLEANING_AGENT,treatment,3.99
R_2UbUEmGy30TkE8M,SUGAR_CANDY,treatment,8.0
R_2Uc0eY0mHq5DQgt,PET_FOOD,baseline,12.99
R_2Uc0eY0mHq5DQgt,PET_FOOD,treatment,30.979999999999997
R_2Uc0eY0mHq5DQgt,PROTECTIVE_GLOVE,baseline,14.99
R_2Ucjp97InU6pI1m,CELLULAR_PHONE_CASE,baseline,11.96
R_2Ucjp97InU6pI1m,CELLULAR_PHONE_CASE,treatment,4.99
R_2Ucjp97InU6pI1m,SHOES,baseline,93.37
R_2Ucjp97InU6pI1m,SKIN_CLEANING_AGENT,treatment,12.49
R_2UfTIFhpicfXgPX,FRUIT,baseline,0.49
R_2UfTIFhpicfXgPX,SHOES,baseline,47.94
R_2UgruQ1jzpNXLQZ,FLAVORED_DRINK_CONCENTRATE,treatment,2.38
R_2V3AHWuz3pHaB7H,COFFEE,baseline,9.620000000000001
R_2V3AHWuz3pHaB7H,COFFEE,treatment,5.69
R_2V3AHWuz3pHaB7H,SAUCE,baseline,8.49
R_2V3AHWuz3pHaB7H,SCREEN_PROTECTOR,baseline,11.85
R_2V3AHWuz3pHaB7H,TOILET_PAPER,baseline,9.99
R_2V3AHWuz3pHaB7H,TOILET_PAPER,treatment,9.99
R_2V7HVsDu8mbPFDf,ADHESIVE_TAPES,baseline,28.99
R_2VC0DIxeSbfkTsv,HERB,baseline,14.5
R_2VC0DIxeSbfkTsv,PET_FOOD,baseline,31.93
R_2VC0DIxeSbfkTsv,SHIRT,baseline,26.82
R_2VCMiRJVXAvWTen,DISHWARE_PLATE,baseline,19.99
R_2VCMiRJVXAvWTen,SKIN_CLEANING_AGENT,baseline,5.94
R_2VIWjKayaOipDma,PET_FOOD,baseline,16.52
R_2VIWjKayaOipDma,PROTECTIVE_GLOVE,treatment,18.16
R_2VIWjKayaOipDma,SHIRT,baseline,32.99
R_2VIWjKayaOipDma,SHIRT,treatment,33.9
R_2VIWjKayaOipDma,SKIN_CLEANING_AGENT,baseline,8.73
R_2VIWjKayaOipDma,TOILET_PAPER,baseline,7.49
R_2VIWjKayaOipDma,VITAMIN,baseline,14.97
R_2VJ7KiUFzWY3H0p,SHOES,baseline,69.98
R_2VNKgvs9hlcy6RT,ELECTRONIC_CABLE,baseline,10.99
R_2VOnAk4olRc2qX8,SCREEN_PROTECTOR,treatment,8.99
R_2VPet6qQvuFwQAr,CELLULAR_PHONE_CASE,treatment,11.99
R_2VQ4fJhyE3krisI,ELECTRONIC_CABLE,treatment,5.25
R_2VaWg2jhtCG6zmh,SHOES,treatment,129.95
R_2Ve98NPCnS8wzMk,ADHESIVE_TAPES,baseline,15.12
R_2Ve98NPCnS8wzMk,SHOES,baseline,85.65
R_2Vjq0u3IGbVbOBl,PET_FOOD,baseline,19.94
R_2Vjq0u3IGbVbOBl,SUGAR_CANDY,baseline,11.99
R_2VkFzKtUReuEWm9,SUGAR_CANDY,baseline,25.58
R_2VpWRgz8AMA7t7T,ADHESIVE_TAPES,treatment,10.88
R_2VpWRgz8AMA7t7T,PET_FOOD,baseline,43.75
R_2VpWRgz8AMA7t7T,SCREEN_PROTECTOR,treatment,6.99
R_2VsCpLMEP8xSuge,ELECTRONIC_CABLE,baseline,10.89
R_2VsCpLMEP8xSuge,SCREEN_PROTECTOR,baseline,3.79
R_2VwjXhJ5OznStEi,DISHWASHER_DETERGENT,treatment,35.19
R_2VwjXhJ5OznStEi,ELECTRONIC_CABLE,treatment,20.99
R_2VwjXhJ5OznStEi,PROTECTIVE_GLOVE,treatment,15.55
R_2VxLpaBYauMk3iU,ELECTRONIC_CABLE,treatment,5.99
R_2Vxxas8YTz85ckg,COFFEE,treatment,7.1
R_2Vxxas8YTz85ckg,DISHWARE_PLATE,treatment,15.0
R_2VyUSFk11bbTVej,ELECTRONIC_CABLE,baseline,36.33
R_2WAagX64hf1kdMI,ADHESIVE_TAPES,baseline,11.59
R_2WAagX64hf1kdMI,ELECTRONIC_CABLE,baseline,44.87
R_2WAagX64hf1kdMI,ELECTRONIC_CABLE,treatment,19.99
R_2WAagX64hf1kdMI,FLAVORED_DRINK_CONCENTRATE,baseline,0.81
R_2WAagX64hf1kdMI,PET_FOOD,baseline,3.9
R_2WAagX64hf1kdMI,SHIRT,baseline,27.48
R_2WAagX64hf1kdMI,SKIN_CLEANING_AGENT,baseline,0.99
R_2WAagX64hf1kdMI,VITAMIN,baseline,9.99
R_2WG22kKQqVhH86R,ADHESIVE_TAPES,treatment,21.16
R_2WG22kKQqVhH86R,COFFEE,treatment,11.38
R_2WG22kKQqVhH86R,PET_FOOD,baseline,87.95000000000002
R_2WG22kKQqVhH86R,PET_FOOD,treatment,74.05000000000001
R_2WG22kKQqVhH86R,SCREEN_PROTECTOR,baseline,7.99
R_2WG22kKQqVhH86R,TOILET_PAPER,baseline,44.5
R_2WG22kKQqVhH86R,TOILET_PAPER,treatment,44.5
R_2WMQprO1e6US68f,ADHESIVE_TAPES,baseline,6.5
R_2WMQprO1e6US68f,ELECTRONIC_CABLE,baseline,21.99
R_2WMQprO1e6US68f,PET_FOOD,baseline,24.99
R_2WMQprO1e6US68f,PET_FOOD,treatment,24.99
R_2WMQprO1e6US68f,SCREEN_PROTECTOR,treatment,10.99
R_2WMQprO1e6US68f,SHOES,baseline,84.95
R_2WMQprO1e6US68f,VITAMIN,baseline,6.99
R_2WMt9IboH8O03gc,ELECTRONIC_CABLE,baseline,18.939999999999998
R_2WSDyKoVDJhO1Os,SHOES,treatment,28.42
R_2WVIxBGaj1uOr8S,PET_FOOD,baseline,162.56
R_2WVIxBGaj1uOr8S,PET_FOOD,treatment,84.86
R_2WVIxBGaj1uOr8S,SAUCE,treatment,5.51
R_2WVIxBGaj1uOr8S,SKIN_CLEANING_AGENT,treatment,17.38
R_2WVIxBGaj1uOr8S,SUGAR_CANDY,baseline,9.08
R_2WVIxBGaj1uOr8S,TOILET_PAPER,baseline,18.86
R_2WVIxBGaj1uOr8S,TOILET_PAPER,treatment,18.39
R_2WVIxBGaj1uOr8S,VITAMIN,baseline,19.37
R_2WVw3lmZv3Lkg8C,ELECTRONIC_CABLE,baseline,106.42
R_2WtXpsDK0Q6SGvv,CELLULAR_PHONE_CASE,baseline,7.98
R_2WuuY0g77i5Z7eq,CELLULAR_PHONE_CASE,baseline,20.98
R_2WuuY0g77i5Z7eq,ELECTRONIC_CABLE,treatment,10.99
R_2WuuY0g77i5Z7eq,SHIRT,baseline,12.47
R_2WwzM8WiFsk4o3g,ELECTRONIC_CABLE,baseline,12.99
R_2WwzM8WiFsk4o3g,HERB,baseline,5.79
R_2WwzM8WiFsk4o3g,HERB,treatment,6.29
R_2X6cD7g7IYVpJnS,VITAMIN,baseline,9.45
R_2XasM6V6LLwsutN,PET_FOOD,treatment,23.98
R_2XbKIBwSCWm3wDJ,COFFEE,baseline,51.98
R_2XbKIBwSCWm3wDJ,COFFEE,treatment,25.99
R_2XbKIBwSCWm3wDJ,SAUCE,baseline,11.28
R_2XdMB4tf1qMJDlU,FRUIT,baseline,5.300000000000001
R_2XdMB4tf1qMJDlU,PET_FOOD,baseline,336.84000000000003
R_2XdMB4tf1qMJDlU,PET_FOOD,treatment,119.91
R_2XdMB4tf1qMJDlU,TOILET_PAPER,baseline,31.49
R_2XgIs9q9SLkpzcz,FRUIT,baseline,3.96
R_2XgIs9q9SLkpzcz,FRUIT,treatment,3.26
R_2XgIs9q9SLkpzcz,PROTECTIVE_GLOVE,treatment,7.19
R_2XhQI2sjxP9OIhX,ADHESIVE_TAPES,treatment,16.99
R_2XhQI2sjxP9OIhX,ELECTRONIC_CABLE,baseline,12.99
R_2Xj7LtCe2Mt8jNi,PLANTER,treatment,6.74
R_2Xj7LtCe2Mt8jNi,SUGAR_CANDY,treatment,4.54
R_2Xn5A8skNbA3DXb,PET_FOOD,baseline,121.22999999999999
R_2Xn5A8skNbA3DXb,PET_FOOD,treatment,102.72999999999999
R_2Xn5A8skNbA3DXb,VITAMIN,treatment,8.22
R_2XnTa8UZ2c0QgRw,ADHESIVE_TAPES,baseline,7.99
R_2XnTa8UZ2c0QgRw,PET_FOOD,baseline,17.45
R_2XoI6KbLJRGFz5X,ADHESIVE_TAPES,baseline,9.99
R_2XoI6KbLJRGFz5X,PET_FOOD,baseline,215.75
R_2XoI6KbLJRGFz5X,PET_FOOD,treatment,115.0
R_2XoI6KbLJRGFz5X,SHIRT,baseline,63.589999999999996
R_2XoI6KbLJRGFz5X,SHOES,treatment,19.99
R_2XoI6KbLJRGFz5X,SUGAR_CANDY,baseline,25.98
R_2XoIMjsU1XI9unr,SHOES,treatment,49.98
R_2XpoQZjmJ9BOKQR,ELECTRONIC_CABLE,baseline,83.97
R_2XpoQZjmJ9BOKQR,ELECTRONIC_CABLE,treatment,19.94
R_2XpoQZjmJ9BOKQR,SAUCE,baseline,25.89
R_2XpoQZjmJ9BOKQR,SHOES,baseline,54.95
R_2XpoQZjmJ9BOKQR,SKIN_CLEANING_AGENT,baseline,14.93
R_2XpoQZjmJ9BOKQR,SUGAR_CANDY,treatment,9.99
R_2XpoQZjmJ9BOKQR,TOILET_PAPER,treatment,27.49
R_2Y52DxnkdAlaiq8,SCREEN_PROTECTOR,treatment,8.99
R_2Y9fPhqa2Xf2QdZ,SHIRT,baseline,92.73
R_2Y9fPhqa2Xf2QdZ,VITAMIN,treatment,43.53
R_2YFY1hXcHTcmRtH,SKIN_CLEANING_AGENT,baseline,6.94
R_2YJJio1KANIFFO2,SUGAR_CANDY,baseline,6.63
R_2YKPfnktaDrPIYT,ADHESIVE_TAPES,treatment,27.83
R_2YKPfnktaDrPIYT,VITAMIN,treatment,9.99
R_2YKwm75bMpyuLW9,ELECTRONIC_CABLE,baseline,13.280000000000001
R_2YKwm75bMpyuLW9,PET_FOOD,baseline,142.01
R_2YKwm75bMpyuLW9,PET_FOOD,treatment,72.55
R_2YKwm75bMpyuLW9,SHIRT,baseline,12.45
R_2YKwm75bMpyuLW9,SKIN_CLEANING_AGENT,baseline,26.54
R_2YLHuI0WiiWMbKI,PLANTER,treatment,58.53
R_2YR2Yn7wGzAeAj0,CELLULAR_PHONE_CASE,baseline,5.98
R_2YR2Yn7wGzAeAj0,DISHWASHER_DETERGENT,treatment,8.89
R_2YR2Yn7wGzAeAj0,ELECTRONIC_CABLE,treatment,28.979999999999997
R_2YR2Yn7wGzAeAj0,PET_FOOD,treatment,17.78
R_2YR2Yn7wGzAeAj0,SCREEN_PROTECTOR,baseline,7.99
R_2YR2Yn7wGzAeAj0,SKIN_CLEANING_AGENT,treatment,5.95
R_2YR2Yn7wGzAeAj0,TOILET_PAPER,treatment,53.98
R_2YRGyQvfHvDkV8z,CELLULAR_PHONE_CASE,baseline,6.99
R_2YRGyQvfHvDkV8z,ELECTRONIC_CABLE,treatment,5.99
R_2YRGyQvfHvDkV8z,SUGAR_CANDY,baseline,6.99
R_2YRiGsmsqxtUimr,CELLULAR_PHONE_CASE,treatment,15.99
R_2YRiGsmsqxtUimr,SCREEN_PROTECTOR,treatment,11.69
R_2YRiGsmsqxtUimr,SHIRT,baseline,21.99
R_2YV9FbQPr8SnA0P,SHIRT,baseline,51.51
R_2YVQQRVSdj7M8Va,CELLULAR_PHONE_CASE,baseline,11.99
R_2YVQQRVSdj7M8Va,SCREEN_PROTECTOR,baseline,6.89
R_2YVQQRVSdj7M8Va,SHOES,baseline,159.99
R_2YYB0ZXHHFsMn1o,PET_FOOD,baseline,18.11
R_2YYB0ZXHHFsMn1o,PET_FOOD,treatment,23.9
R_2YaGEfeZQtpLVc8,ELECTRONIC_CABLE,treatment,19.99
R_2YaGEfeZQtpLVc8,FLAVORED_DRINK_CONCENTRATE,treatment,23.7
R_2YbuDFbvaGnuvff,COFFEE,treatment,21.46
R_2YbuDFbvaGnuvff,ELECTRONIC_CABLE,treatment,9.99
R_2Yce5zXLtFZz2qE,ELECTRONIC_CABLE,treatment,7.95
R_2Yce5zXLtFZz2qE,PET_FOOD,baseline,55.91
R_2Yce5zXLtFZz2qE,PET_FOOD,treatment,29.990000000000002
R_2YeJ7ZNQ5xBFmxw,SCREEN_PROTECTOR,baseline,6.99
R_2YeJ7ZNQ5xBFmxw,SCREEN_PROTECTOR,treatment,16.98
R_2YeNK8zMAjz7WyR,SKIN_CLEANING_AGENT,treatment,3.67
R_2YgMqdVXQ7ap4v8,CELLULAR_PHONE_CASE,treatment,25.64
R_2YgMqdVXQ7ap4v8,SHOES,baseline,225.97
R_2YgMqdVXQ7ap4v8,SKIN_CLEANING_AGENT,baseline,18.58
R_2YmiCqtyRRmqGj3,CELLULAR_PHONE_CASE,baseline,37.99
R_2YmiCqtyRRmqGj3,ELECTRONIC_CABLE,baseline,14.99
R_2YmiCqtyRRmqGj3,VITAMIN,treatment,16.25
R_2Ysu2QpwwnLCChx,ELECTRONIC_CABLE,baseline,7.98
R_2Ysu2QpwwnLCChx,PET_FOOD,treatment,30.18
R_2Yu31boRFb6mCr1,CELLULAR_PHONE_CASE,baseline,10.99
R_2Yu31boRFb6mCr1,SCREEN_PROTECTOR,baseline,5.39
R_2YzwllA3OWyo30M,COFFEE,baseline,33.0
R_2YzwllA3OWyo30M,SKIN_CLEANING_AGENT,treatment,12.88
R_2ZDGeuEsPzT9nBn,SHOES,baseline,75.03999999999999
R_2ZEQSnRGlS7ZscC,COFFEE,treatment,18.4
R_2ZEQSnRGlS7ZscC,SHIRT,baseline,19.99
R_2ZHvij28yPTjxOE,CELLULAR_PHONE_CASE,baseline,21.98
R_2ZHvij28yPTjxOE,CELLULAR_PHONE_CASE,treatment,47.95
R_2ZHvij28yPTjxOE,ELECTRONIC_CABLE,treatment,9.98
R_2ZHvij28yPTjxOE,SAUCE,treatment,2.98
R_2ZHvij28yPTjxOE,SCREEN_PROTECTOR,baseline,15.440000000000001
R_2ZHvij28yPTjxOE,SCREEN_PROTECTOR,treatment,18.98
R_2ZHvij28yPTjxOE,SUGAR_CANDY,treatment,12.0
R_2ZIHNY6kK2Ife6g,CELLULAR_PHONE_CASE,baseline,8.99
R_2ZIHNY6kK2Ife6g,CELLULAR_PHONE_CASE,treatment,9.99
R_2ZIHNY6kK2Ife6g,SCREEN_PROTECTOR,treatment,6.99
R_2ZIHUKwXYNXR0DI,PLANTER,baseline,12.99
R_2ZIHUKwXYNXR0DI,SHIRT,baseline,36.98
R_2ZK5JH2NcMfnWuS,CELLULAR_PHONE_CASE,baseline,9.99
R_2ZK5JH2NcMfnWuS,COFFEE,baseline,14.99
R_2ZK5JH2NcMfnWuS,FRUIT,baseline,10.280000000000001
R_2ZK5JH2NcMfnWuS,VITAMIN,baseline,5.99
R_2ZKwvQaCWvHI4ey,DISHWASHER_DETERGENT,baseline,17.3
R_2ZKwvQaCWvHI4ey,PROTECTIVE_GLOVE,treatment,11.01
R_2ZOjCN0NmPOTw9H,SAUCE,treatment,9.92
R_2ZOjCN0NmPOTw9H,SCREEN_PROTECTOR,baseline,6.99
R_2ZOzP63AylmR887,PET_FOOD,baseline,35.88
R_2ZOzP63AylmR887,PET_FOOD,treatment,26.15
R_2ZTFfLAcuwm22Yh,COFFEE,baseline,121.00999999999999
R_2ZTFfLAcuwm22Yh,PET_FOOD,baseline,45.0
R_2ZTFfLAcuwm22Yh,PET_FOOD,treatment,109.94000000000001
R_2ZTFfLAcuwm22Yh,VITAMIN,treatment,8.47
R_2ZU2290oXuLzisq,COFFEE,baseline,29.98
R_2ZU2290oXuLzisq,ELECTRONIC_CABLE,baseline,7.99
R_2ZU2290oXuLzisq,ELECTRONIC_CABLE,treatment,4.52
R_2ZU2290oXuLzisq,SHIRT,baseline,24.869999999999997
R_2ZU2290oXuLzisq,SHIRT,treatment,27.36
R_2ZU2290oXuLzisq,VITAMIN,treatment,26.95
R_2ZZSS68rfn9BMtt,TOILET_PAPER,treatment,26.24
R_2aFZa3cTIAltqRd,ELECTRONIC_CABLE,baseline,21.92
R_2aKnRIuNnEcqWWn,SKIN_CLEANING_AGENT,baseline,10.49
R_2aKnRIuNnEcqWWn,TOILET_PAPER,baseline,52.44
R_2aKrOq0DBielcig,HERB,treatment,14.99
R_2aOUTzNgkEajgjw,PET_FOOD,baseline,12.97
R_2aOUTzNgkEajgjw,PET_FOOD,treatment,12.97
R_2aOUTzNgkEajgjw,SUGAR_CANDY,treatment,2.19
R_2aP0GyIR66gSTiR,VITAMIN,treatment,6.97
R_2aPMLWeVjjgoLoA,COFFEE,treatment,6.0
R_2aPMLWeVjjgoLoA,SCREEN_PROTECTOR,treatment,4.99
R_2aPMLWeVjjgoLoA,SKIN_CLEANING_AGENT,baseline,4.8
R_2aRHDRQpAhGhdmD,DISHWASHER_DETERGENT,baseline,16.97
R_2aRHDRQpAhGhdmD,FLAVORED_DRINK_CONCENTRATE,baseline,19.37
R_2aRHDRQpAhGhdmD,SKIN_CLEANING_AGENT,baseline,9.99
R_2aRHDRQpAhGhdmD,SUGAR_CANDY,baseline,2.49
R_2aRHDRQpAhGhdmD,VITAMIN,treatment,16.95
R_2aY0qGl9YtWv316,ADHESIVE_TAPES,treatment,22.02
R_2aY0qGl9YtWv316,FRUIT,treatment,16.8
R_2aY0qGl9YtWv316,HERB,treatment,12.78
R_2aY0qGl9YtWv316,TOILET_PAPER,baseline,20.91
R_2aY0qGl9YtWv316,VITAMIN,baseline,23.95
R_2aY0qGl9YtWv316,VITAMIN,treatment,49.99
R_2agW9mQow8LMpEq,COFFEE,treatment,25.95
R_2agW9mQow8LMpEq,ELECTRONIC_CABLE,baseline,17.58
R_2alDLWrajjnLX6F,PET_FOOD,baseline,29.98
R_2alDLWrajjnLX6F,SKIN_CLEANING_AGENT,baseline,20.0
R_2alXU7eybD40gy7,ELECTRONIC_CABLE,baseline,7.99
R_2aldwxmUZox7Yfd,ELECTRONIC_CABLE,baseline,45.95
R_2aldwxmUZox7Yfd,ELECTRONIC_CABLE,treatment,10.99
R_2aldwxmUZox7Yfd,PET_FOOD,treatment,29.740000000000002
R_2aldwxmUZox7Yfd,SCREEN_PROTECTOR,baseline,11.99
R_2alybIrtMFx3zDD,CELLULAR_PHONE_CASE,baseline,39.96
R_2alybIrtMFx3zDD,HERB,treatment,6.9
R_2alybIrtMFx3zDD,PET_FOOD,baseline,3.67
R_2alybIrtMFx3zDD,PET_FOOD,treatment,4.58
R_2alybIrtMFx3zDD,SCREEN_PROTECTOR,baseline,10.99
R_2alybIrtMFx3zDD,SHOES,treatment,34.62
R_2alybIrtMFx3zDD,SKIN_CLEANING_AGENT,treatment,17.46
R_2an9oy1DH2K2W8o,SCREEN_PROTECTOR,baseline,4.89
R_2an9oy1DH2K2W8o,SKIN_CLEANING_AGENT,baseline,12.23
R_2anp6XBwXhcuYxE,SHOES,baseline,31.55
R_2awuEacPaWBUkGg,SHOES,baseline,67.97
R_2axGyt2hsFZDZn8,PROTECTIVE_GLOVE,treatment,18.99
R_2axGyt2hsFZDZn8,SKIN_CLEANING_AGENT,treatment,3.75
R_2axdjnr5pU1XpjJ,PET_FOOD,baseline,26.33
R_2axdjnr5pU1XpjJ,PET_FOOD,treatment,29.66
R_2az4dQRzcF4kQeg,ELECTRONIC_CABLE,baseline,5.1
R_2az4dQRzcF4kQeg,SHOES,baseline,52.96
R_2azaaoLBiSg9AiC,FRUIT,treatment,14.75
R_2azaaoLBiSg9AiC,PET_FOOD,baseline,273.75
R_2azaaoLBiSg9AiC,PET_FOOD,treatment,81.21
R_2azaaoLBiSg9AiC,SHOES,baseline,148.16
R_2azdeUYMtQ1OJih,SHIRT,baseline,4.99
R_2b1MfkpNO4V6xMv,SHOES,baseline,39.95
R_2b1XOZR0PYTA1jX,ADHESIVE_TAPES,baseline,8.0
R_2b1XOZR0PYTA1jX,ELECTRONIC_CABLE,baseline,12.98
R_2b2HfsI0sUHFVyL,SKIN_CLEANING_AGENT,baseline,1.29
R_2b2HfsI0sUHFVyL,SKIN_CLEANING_AGENT,treatment,0.98
R_2b2HfsI0sUHFVyL,VITAMIN,treatment,34.44
R_2bFoMr1RQvP1aLL,ELECTRONIC_CABLE,baseline,6.99
R_2bFoMr1RQvP1aLL,PET_FOOD,baseline,143.19
R_2bFoMr1RQvP1aLL,PET_FOOD,treatment,57.31999999999999
R_2bIczstyl0SzIN4,ELECTRONIC_CABLE,baseline,8.99
R_2bPZUcXMwF3Vzib,COFFEE,baseline,33.0
R_2bPZUcXMwF3Vzib,SHIRT,treatment,19.15
R_2bPZUcXMwF3Vzib,SUGAR_CANDY,baseline,9.69
R_2bPqsz2zSDeVrzS,ELECTRONIC_CABLE,baseline,14.99
R_2bTLZFP7p4CPlTT,CELLULAR_PHONE_CASE,baseline,11.99
R_2bTLZFP7p4CPlTT,ELECTRONIC_CABLE,baseline,5.99
R_2bTLZFP7p4CPlTT,PET_FOOD,baseline,51.94
R_2bTLZFP7p4CPlTT,PET_FOOD,treatment,39.96
R_2bTLZFP7p4CPlTT,SCREEN_PROTECTOR,baseline,7.99
R_2bTLZFP7p4CPlTT,SCREEN_PROTECTOR,treatment,9.99
R_2bVSCM3iJc3wgJK,SAUCE,baseline,1.42
R_2bW4aarsfN4ohuV,SHIRT,baseline,27.99
R_2c0HSktNV0gqAh9,CELLULAR_PHONE_CASE,baseline,8.99
R_2c0kxk2rIJClCxm,PET_FOOD,treatment,28.32
R_2c1UYDhiZ7kSQwD,CELLULAR_PHONE_CASE,baseline,14.99
R_2c2EaQAx9B87TDi,DISHWARE_PLATE,baseline,12.99
R_2c2EaQAx9B87TDi,ELECTRONIC_CABLE,baseline,15.99
R_2c631mUa0YmTtWV,ELECTRONIC_CABLE,treatment,10.14
R_2c631mUa0YmTtWV,SKIN_CLEANING_AGENT,baseline,12.88
R_2c7x9eq7kVIBxTQ,FLAVORED_DRINK_CONCENTRATE,baseline,5.45
R_2c7xwiUdPFTdQLj,CELLULAR_PHONE_CASE,baseline,12.98
R_2cA8go1B2rU2JtD,PET_FOOD,treatment,34.99
R_2cBADxleVyzT89z,ELECTRONIC_CABLE,baseline,18.72
R_2cBADxleVyzT89z,PET_FOOD,treatment,47.72
R_2cCx0AHlJbsWbKA,COFFEE,baseline,32.22
R_2cCx0AHlJbsWbKA,COFFEE,treatment,27.88
R_2cCx0AHlJbsWbKA,TOILET_PAPER,treatment,27.49
R_2ccGCp4V670rxQy,ELECTRONIC_CABLE,baseline,11.99
R_2ccGCp4V670rxQy,FLAVORED_DRINK_CONCENTRATE,treatment,14.28
R_2ccGCp4V670rxQy,SHIRT,treatment,7.5
R_2ccKVp1NeZmvJcy,CELLULAR_PHONE_CASE,baseline,44.96
R_2ccKVp1NeZmvJcy,CELLULAR_PHONE_CASE,treatment,58.830000000000005
R_2ccKVp1NeZmvJcy,ELECTRONIC_CABLE,treatment,7.64
R_2cd9jCAamQMAsxe,PET_FOOD,baseline,155.89
R_2cd9jCAamQMAsxe,PET_FOOD,treatment,101.85
R_2cdDkpDqDzaxMGK,CELLULAR_PHONE_CASE,baseline,12.79
R_2cdDkpDqDzaxMGK,PLANTER,baseline,7.99
R_2cdDkpDqDzaxMGK,SKIN_CLEANING_AGENT,baseline,7.9
R_2cde4xaJBUPbGeZ,VITAMIN,treatment,12.95
R_2ceL9KN7HJm0e43,CELLULAR_PHONE_CASE,baseline,8.98
R_2ceL9KN7HJm0e43,SCREEN_PROTECTOR,baseline,6.99
R_2cnNyjA4yHdU4ij,ELECTRONIC_CABLE,baseline,19.99
R_2cozRynbM2kFaF6,CELLULAR_PHONE_CASE,baseline,12.99
R_2cozRynbM2kFaF6,COFFEE,treatment,8.94
R_2cozRynbM2kFaF6,DISHWASHER_DETERGENT,baseline,3.77
R_2cozRynbM2kFaF6,SAUCE,baseline,4.97
R_2cozRynbM2kFaF6,SKIN_CLEANING_AGENT,treatment,1.61
R_2cpVeiPz8GKOxkm,SCREEN_PROTECTOR,baseline,6.99
R_2cpVeiPz8GKOxkm,SHIRT,treatment,11.99
R_2cvgeckGvoIIyzW,COFFEE,baseline,9.16
R_2cvmrv8q51q8yh1,ADHESIVE_TAPES,baseline,9.62
R_2cvmrv8q51q8yh1,COFFEE,baseline,18.4
R_2cvmrv8q51q8yh1,COFFEE,treatment,18.4
R_2cvmrv8q51q8yh1,ELECTRONIC_CABLE,baseline,34.769999999999996
R_2cvmrv8q51q8yh1,SHIRT,baseline,15.0
R_2dEe5MXA0pGB5Fr,SHIRT,treatment,32.99
R_2dF9dY6XnMjOapK,ADHESIVE_TAPES,treatment,16.98
R_2dF9dY6XnMjOapK,SKIN_CLEANING_AGENT,baseline,33.94
R_2dFHfsIqQ6eEtVW,ELECTRONIC_CABLE,baseline,6.99
R_2dFHfsIqQ6eEtVW,SKIN_CLEANING_AGENT,treatment,10.62
R_2dGCaOSuAKevfs7,PET_FOOD,treatment,71.99
R_2dHne3wyTYwxWBl,FLAVORED_DRINK_CONCENTRATE,baseline,3.16
R_2dHne3wyTYwxWBl,PET_FOOD,baseline,17.99
R_2dHne3wyTYwxWBl,SKIN_CLEANING_AGENT,baseline,19.93
R_2dJVmHgMI38jr3y,SCREEN_PROTECTOR,baseline,5.89
R_2dKffzwAvXT0QKV,CELLULAR_PHONE_CASE,baseline,12.79
R_2dRR9SjNrn4s7xU,SAUCE,baseline,9.87
R_2dRR9SjNrn4s7xU,SHIRT,baseline,13.5
R_2dRR9SjNrn4s7xU,SHIRT,treatment,21.99
R_2dRR9SjNrn4s7xU,TOILET_PAPER,baseline,23.98
R_2dSe3kBH99Oi0D5,ELECTRONIC_CABLE,treatment,9.98
R_2dX8oLhgW3U0Q0m,PET_FOOD,baseline,41.6
R_2dX8oLhgW3U0Q0m,PET_FOOD,treatment,30.270000000000003
R_2dYdWa6vmPtZBmi,SKIN_CLEANING_AGENT,baseline,14.95
R_2djaIfKORskyeuO,FRUIT,baseline,62.660000000000004
R_2djaIfKORskyeuO,FRUIT,treatment,7.470000000000001
R_2djaIfKORskyeuO,HERB,baseline,10.46
R_2djaIfKORskyeuO,HERB,treatment,1.49
R_2djaIfKORskyeuO,SAUCE,baseline,6.48
R_2djaIfKORskyeuO,SAUCE,treatment,3.49
R_2dmZyPIDedcDR2J,ELECTRONIC_CABLE,baseline,7.99
R_2dmZyPIDedcDR2J,VITAMIN,treatment,10.11
R_2dmqKX6ss6HMnb7,CELLULAR_PHONE_CASE,baseline,13.99
R_2dmqKX6ss6HMnb7,CELLULAR_PHONE_CASE,treatment,15.99
R_2dmqKX6ss6HMnb7,SCREEN_PROTECTOR,baseline,16.939999999999998
R_2dmqKX6ss6HMnb7,SHIRT,treatment,22.0
R_2dp9d9leOJ6XXbN,COFFEE,baseline,16.32
R_2dp9d9leOJ6XXbN,FRUIT,baseline,9.58
R_2dp9d9leOJ6XXbN,SAUCE,baseline,13.33
R_2dp9d9leOJ6XXbN,SAUCE,treatment,6.18
R_2dp9d9leOJ6XXbN,SHIRT,baseline,25.240000000000002
R_2dp9d9leOJ6XXbN,SKIN_CLEANING_AGENT,baseline,2.99
R_2dp9d9leOJ6XXbN,VITAMIN,baseline,9.09
R_2dvh9tu7PLPeipE,PET_FOOD,baseline,97.13
R_2dvh9tu7PLPeipE,PET_FOOD,treatment,48.58
R_2dvh9tu7PLPeipE,SHIRT,baseline,44.21
R_2dvh9tu7PLPeipE,VITAMIN,treatment,19.95
R_2dxMXdrOUumZV2I,CELLULAR_PHONE_CASE,baseline,12.99
R_2dxMXdrOUumZV2I,SCREEN_PROTECTOR,baseline,12.99
R_2dz21GRV17aGMQ6,SKIN_CLEANING_AGENT,baseline,25.0
R_2dz21GRV17aGMQ6,SKIN_CLEANING_AGENT,treatment,25.0
R_2dz3LTOMlLK2R8T,CELLULAR_PHONE_CASE,baseline,6.98
R_2dzIuPT8QnK8NCo,COFFEE,treatment,5.99
R_2dzIuPT8QnK8NCo,PET_FOOD,baseline,91.77
R_2dzIuPT8QnK8NCo,PET_FOOD,treatment,24.919999999999998
R_2e38cV58JaByKpt,CELLULAR_PHONE_CASE,baseline,48.5
R_2e38cV58JaByKpt,SCREEN_PROTECTOR,baseline,4.98
R_2e4rbn396I6cXMY,COFFEE,treatment,32.29
R_2e54NDgSan7NaX8,PET_FOOD,baseline,53.99
R_2e54NDgSan7NaX8,SAUCE,baseline,8.95
R_2e8OXP3JydqCcm8,ADHESIVE_TAPES,baseline,10.0
R_2e9bD8grdjxsQBQ,ELECTRONIC_CABLE,baseline,5.36
R_2e9bD8grdjxsQBQ,ELECTRONIC_CABLE,treatment,30.93
R_2e9e8lhWqVtpb7m,ADHESIVE_TAPES,treatment,12.97
R_2e9e8lhWqVtpb7m,CELLULAR_PHONE_CASE,baseline,16.98
R_2e9e8lhWqVtpb7m,PET_FOOD,baseline,54.25
R_2eVCymbtZ7HEoUB,PLANTER,baseline,7.64
R_2eaIHfPqBAh3Zqa,ELECTRONIC_CABLE,treatment,6.99
R_2eaIHfPqBAh3Zqa,VITAMIN,treatment,20.99
R_2ebzj3o225IisIQ,CELLULAR_PHONE_CASE,treatment,11.9
R_2ebzj3o225IisIQ,COFFEE,treatment,21.35
R_2ebzj3o225IisIQ,ELECTRONIC_CABLE,treatment,16.16
R_2ebzj3o225IisIQ,FLAVORED_DRINK_CONCENTRATE,treatment,5.92
R_2ebzj3o225IisIQ,PET_FOOD,baseline,102.64999999999999
R_2ebzj3o225IisIQ,SKIN_CLEANING_AGENT,baseline,3.76
R_2ebzj3o225IisIQ,SUGAR_CANDY,treatment,6.28
R_2ebzj3o225IisIQ,VITAMIN,treatment,6.86
R_2f1kM62xCV8fir6,SHIRT,treatment,8.67
R_2f1kM62xCV8fir6,SHOES,treatment,16.99
R_2f2HuzhFg7Fnduq,PET_FOOD,baseline,206.57
R_2f2HuzhFg7Fnduq,PET_FOOD,treatment,87.84
R_2f2HuzhFg7Fnduq,TOILET_PAPER,baseline,27.99
R_2f2HuzhFg7Fnduq,VITAMIN,baseline,30.52
R_2f7MFUqYnEv92pF,SHIRT,treatment,14.99
R_2f7MFUqYnEv92pF,SKIN_CLEANING_AGENT,baseline,11.77
R_2fD6Jy2muMgaubH,SHIRT,baseline,9.98
R_2fDtnk8jwaRUZjn,CELLULAR_PHONE_CASE,treatment,9.99
R_2fImfpKkUn0Fl1Z,COFFEE,treatment,19.14
R_2fImfpKkUn0Fl1Z,ELECTRONIC_CABLE,baseline,9.98
R_2fJTjhPhMdpNQLO,SCREEN_PROTECTOR,baseline,15.84
R_2fJyhJIzbORi2SC,SHIRT,baseline,38.98
R_2fQoqPD5ygeWViN,PROTECTIVE_GLOVE,baseline,52.48
R_2fiYglD2HzQVm0g,ELECTRONIC_CABLE,baseline,6.95
R_2foDWbM9hrc4GlL,VITAMIN,treatment,5.94
R_2foIkyims4WyyYQ,ELECTRONIC_CABLE,baseline,29.99
R_2foIkyims4WyyYQ,PET_FOOD,baseline,28.72
R_2foIkyims4WyyYQ,TOILET_PAPER,treatment,27.99
R_2fqVnvxjsSVrRDe,CELLULAR_PHONE_CASE,treatment,19.99
R_2fxhde3AmAoBQBS,ELECTRONIC_CABLE,baseline,4.99
R_2mAJniG0xVBIInL,FRUIT,baseline,11.66
R_2mAJniG0xVBIInL,HERB,baseline,0.79
R_2mAJniG0xVBIInL,PET_FOOD,baseline,58.78
R_2mAJniG0xVBIInL,PET_FOOD,treatment,22.79
R_2mAJniG0xVBIInL,SAUCE,baseline,4.49
R_2mAJniG0xVBIInL,SHOES,baseline,21.79
R_2pJetPJO8BJM07E,CELLULAR_PHONE_CASE,baseline,15.99
R_2pJetPJO8BJM07E,FRUIT,baseline,1.49
R_2pKbiSIpze2jP6t,ELECTRONIC_CABLE,baseline,9.0
R_2pKbiSIpze2jP6t,SHIRT,treatment,11.02
R_2pKbiSIpze2jP6t,SHOES,baseline,48.87
R_2pLAFWDIuMuYPNO,CELLULAR_PHONE_CASE,baseline,10.99
R_2pPHDZGt8o0cCna,COFFEE,baseline,24.99
R_2pPHDZGt8o0cCna,COFFEE,treatment,49.98
R_2pPHDZGt8o0cCna,PET_FOOD,treatment,59.49
R_2pPHDZGt8o0cCna,SHIRT,baseline,15.75
R_2pPHDZGt8o0cCna,SKIN_CLEANING_AGENT,treatment,19.79
R_2pQU4najBWmK2eS,PET_FOOD,treatment,70.42
R_2pQU4najBWmK2eS,SHOES,baseline,212.39000000000001
R_2pW9tyhr6AsoRsr,PLANTER,baseline,51.2
R_2pWPV1jAXWmFSlW,CELLULAR_PHONE_CASE,baseline,41.97
R_2pWPV1jAXWmFSlW,FRUIT,baseline,16.21
R_2pWPV1jAXWmFSlW,SCREEN_PROTECTOR,baseline,21.98
R_2pWPV1jAXWmFSlW,VITAMIN,baseline,8.91
R_2pWwhBj1ZE9iNrB,SHIRT,baseline,93.83
R_2pXJzGORiEDPmpz,CELLULAR_PHONE_CASE,baseline,12.99
R_2pXJzGORiEDPmpz,SCREEN_PROTECTOR,baseline,3.99
R_2q1T7bTpUriDg78,ELECTRONIC_CABLE,baseline,12.98
R_2q2hekIiutgInrE,ADHESIVE_TAPES,treatment,3.29
R_2q2hekIiutgInrE,CELLULAR_PHONE_CASE,treatment,14.63
R_2q2hekIiutgInrE,FRUIT,baseline,24.11
R_2q2hekIiutgInrE,SCREEN_PROTECTOR,treatment,4.79
R_2q2hekIiutgInrE,SKIN_CLEANING_AGENT,treatment,5.99
R_2q2hekIiutgInrE,VITAMIN,baseline,12.99
R_2q7CELN85B8I2qU,PET_FOOD,baseline,15.12
R_2q7CELN85B8I2qU,PET_FOOD,treatment,14.15
R_2q7CELN85B8I2qU,SHOES,baseline,70.95
R_2q8FTalUrvHHhJj,CELLULAR_PHONE_CASE,baseline,24.98
R_2q8FTalUrvHHhJj,ELECTRONIC_CABLE,baseline,19.48
R_2q8FTalUrvHHhJj,PET_FOOD,baseline,3.68
R_2q8FTalUrvHHhJj,SCREEN_PROTECTOR,baseline,6.99
R_2q8FTalUrvHHhJj,TOILET_PAPER,baseline,15.98
R_2q8iXF82LthJM66,ADHESIVE_TAPES,baseline,67.98
R_2q8iXF82LthJM66,ELECTRONIC_CABLE,baseline,10.99
R_2q8iXF82LthJM66,ELECTRONIC_CABLE,treatment,21.96
R_2q8iXF82LthJM66,PROTECTIVE_GLOVE,treatment,292.2
R_2qD8ep8d313iLj4,CELLULAR_PHONE_CASE,baseline,64.14
R_2qD8ep8d313iLj4,CELLULAR_PHONE_CASE,treatment,29.99
R_2qD8ep8d313iLj4,COFFEE,baseline,29.99
R_2qD8ep8d313iLj4,SCREEN_PROTECTOR,baseline,10.99
R_2qD8ep8d313iLj4,SCREEN_PROTECTOR,treatment,20.98
R_2qD8ep8d313iLj4,VITAMIN,baseline,29.92
R_2qD8ep8d313iLj4,VITAMIN,treatment,34.17
R_2qEEh58vzt5peUq,CELLULAR_PHONE_CASE,baseline,9.99
R_2qENkgJuEZ3grIf,ADHESIVE_TAPES,baseline,12.29
R_2qENkgJuEZ3grIf,CELLULAR_PHONE_CASE,baseline,39.98
R_2qEmR8eMHJ3bACJ,SKIN_CLEANING_AGENT,treatment,17.7
R_2qeXZMff18m7VYW,PET_FOOD,baseline,34.31
R_2qeXZMff18m7VYW,PET_FOOD,treatment,31.96
R_2qfqIL0o3VLaUF4,VITAMIN,baseline,9.24
R_2qjAN1lyLAdAxT2,CELLULAR_PHONE_CASE,baseline,17.99
R_2qjAN1lyLAdAxT2,COFFEE,baseline,42.6
R_2qjAN1lyLAdAxT2,COFFEE,treatment,81.30000000000001
R_2qlPdIFErDrwMIT,CELLULAR_PHONE_CASE,baseline,17.97
R_2qlPdIFErDrwMIT,SCREEN_PROTECTOR,baseline,12.940000000000001
R_2qlPdIFErDrwMIT,SUGAR_CANDY,baseline,9.28
R_2qlPdIFErDrwMIT,VITAMIN,baseline,10.39
R_2qmTT4GycNBbEQQ,SHIRT,baseline,44.85
R_2qqJ2Suzi2b36gJ,ELECTRONIC_CABLE,baseline,11.41
R_2qsoPZVn3KYMdsc,COFFEE,treatment,15.48
R_2qsoPZVn3KYMdsc,DISHWASHER_DETERGENT,treatment,16.97
R_2qsoPZVn3KYMdsc,ELECTRONIC_CABLE,treatment,17.13
R_2qsoPZVn3KYMdsc,SHIRT,baseline,50.59
R_2qsoPZVn3KYMdsc,SHIRT,treatment,13.89
R_2qsoPZVn3KYMdsc,SHOES,baseline,57.98
R_2qsoPZVn3KYMdsc,TOILET_PAPER,treatment,22.25
R_2qxZ0v6uaLBRkV7,CELLULAR_PHONE_CASE,baseline,34.97
R_2qxZ0v6uaLBRkV7,DISHWARE_PLATE,baseline,52.980000000000004
R_2qxZ0v6uaLBRkV7,DISHWASHER_DETERGENT,treatment,19.99
R_2qxZ0v6uaLBRkV7,ELECTRONIC_CABLE,baseline,12.98
R_2qxZ0v6uaLBRkV7,FLAVORED_DRINK_CONCENTRATE,treatment,10.08
R_2qxZ0v6uaLBRkV7,SHIRT,baseline,85.37
R_2qxZ0v6uaLBRkV7,SHOES,treatment,74.47999999999999
R_2qxZ0v6uaLBRkV7,TOILET_PAPER,treatment,22.25
R_2qyYuncKG79fN3P,ELECTRONIC_CABLE,baseline,21.98
R_2r7Zl5CTeW1dMqd,ADHESIVE_TAPES,baseline,19.98
R_2r7Zl5CTeW1dMqd,PET_FOOD,baseline,109.5
R_2r7Zl5CTeW1dMqd,PET_FOOD,treatment,102.98
R_2r7Zl5CTeW1dMqd,SAUCE,baseline,36.47
R_2r7Zl5CTeW1dMqd,SAUCE,treatment,21.87
R_2rA82heHAv0b0jn,COFFEE,baseline,22.82
R_2rA82heHAv0b0jn,COFFEE,treatment,11.99
R_2rA82heHAv0b0jn,ELECTRONIC_CABLE,baseline,6.99
R_2rA82heHAv0b0jn,PET_FOOD,baseline,79.75999999999999
R_2rAXQz9eaMXeau7,SHIRT,baseline,56.75
R_2rIQ3xPfAH7KF8A,ELECTRONIC_CABLE,baseline,9.98
R_2rIokyDoOjDH9iR,SUGAR_CANDY,baseline,16.2
R_2rJyfdZGQD2rif2,CELLULAR_PHONE_CASE,baseline,16.99
R_2rJyfdZGQD2rif2,FLAVORED_DRINK_CONCENTRATE,treatment,22.16
R_2rJyfdZGQD2rif2,PET_FOOD,treatment,29.99
R_2rJyfdZGQD2rif2,SHIRT,treatment,90.96
R_2rMJHlcINrHEFVL,COFFEE,baseline,10.99
R_2rMJHlcINrHEFVL,PET_FOOD,baseline,31.2
R_2rMJHlcINrHEFVL,PET_FOOD,treatment,43.51
R_2rMJHlcINrHEFVL,PLANTER,baseline,50.7
R_2rMJHlcINrHEFVL,SHIRT,treatment,34.95
R_2rMJHlcINrHEFVL,SKIN_CLEANING_AGENT,baseline,9.97
R_2rOPRiLTdvFrJFq,PET_FOOD,baseline,103.98
R_2rSCIIoYvdTDFXv,COFFEE,baseline,4.79
R_2rSCIIoYvdTDFXv,TOILET_PAPER,treatment,26.24
R_2rSCIIoYvdTDFXv,VITAMIN,baseline,16.33
R_2rTPf8FZmr95JGX,ELECTRONIC_CABLE,baseline,10.99
R_2rTPf8FZmr95JGX,SCREEN_PROTECTOR,baseline,9.99
R_2rTPf8FZmr95JGX,SHIRT,baseline,12.99
R_2rTPf8FZmr95JGX,SHOES,baseline,120.9
R_2rVp4uDv9fYIfdd,PET_FOOD,baseline,100.32
R_2rVp4uDv9fYIfdd,PET_FOOD,treatment,54.08
R_2rY2mk8Uf0zUqZz,SHIRT,baseline,25.99
R_2ri4RVtvkxnZzHj,ADHESIVE_TAPES,baseline,4.28
R_2ri4RVtvkxnZzHj,DISHWARE_PLATE,treatment,48.0
R_2rq1RYK32NVtmhc,PET_FOOD,baseline,22.94
R_2rqIuqTee7Adi7Z,VITAMIN,baseline,14.86
R_2rwniP38hEzNRQF,VITAMIN,baseline,9.99
R_2s0jSMfxg63zSw5,COFFEE,baseline,32.5
R_2s1NERfXcg9x1UQ,PET_FOOD,baseline,38.48
R_2s1NERfXcg9x1UQ,PET_FOOD,treatment,11.97
R_2s1NERfXcg9x1UQ,SHIRT,baseline,40.97
R_2s1NERfXcg9x1UQ,SKIN_CLEANING_AGENT,baseline,6.78
R_2s1NERfXcg9x1UQ,TOILET_PAPER,baseline,11.98
R_2s4n0WZMl82meOT,ADHESIVE_TAPES,baseline,19.880000000000003
R_2s4n0WZMl82meOT,PET_FOOD,baseline,17.18
R_2s4n0WZMl82meOT,PET_FOOD,treatment,35.99
R_2s4n0WZMl82meOT,SKIN_CLEANING_AGENT,baseline,1.99
R_2s5OzoDX56gIWr0,SHIRT,baseline,4.99
R_2s5YO3cdqKDFyIM,ELECTRONIC_CABLE,baseline,9.99
R_2s5YO3cdqKDFyIM,SKIN_CLEANING_AGENT,baseline,56.23
R_2s5YO3cdqKDFyIM,SKIN_CLEANING_AGENT,treatment,30.0
R_2sRWbepslqKPgL7,FRUIT,baseline,41.44
R_2sSaxHDwxRTJZP3,PET_FOOD,baseline,51.129999999999995
R_2sYHDhT6DJy2U6q,SHOES,baseline,125.96
R_2sbEmqvoBWjZzV9,PET_FOOD,baseline,11.49
R_2sbEmqvoBWjZzV9,SKIN_CLEANING_AGENT,treatment,10.91
R_2sbf0hqTGFb880u,ADHESIVE_TAPES,baseline,9.99
R_2sbf0hqTGFb880u,ELECTRONIC_CABLE,baseline,9.99
R_2sbf0hqTGFb880u,SCREEN_PROTECTOR,baseline,12.97
R_2sdyE1uJjHZElM1,CELLULAR_PHONE_CASE,baseline,14.99
R_2sdyE1uJjHZElM1,ELECTRONIC_CABLE,baseline,7.99
R_2sdyE1uJjHZElM1,HERB,baseline,4.59
R_2sdyE1uJjHZElM1,PET_FOOD,baseline,34.47
R_2sdyE1uJjHZElM1,SCREEN_PROTECTOR,baseline,8.99
R_2t2UfXrRfbnyKGU,CELLULAR_PHONE_CASE,baseline,19.95
R_2t2UfXrRfbnyKGU,SCREEN_PROTECTOR,baseline,12.95
R_2t2UfXrRfbnyKGU,SCREEN_PROTECTOR,treatment,9.99
R_2t2UfXrRfbnyKGU,SHOES,baseline,24.99
R_2t3ifk3xBqzIWG9,SAUCE,baseline,6.99
R_2t3ifk3xBqzIWG9,SHIRT,baseline,16.99
R_2t3ifk3xBqzIWG9,TOILET_PAPER,baseline,22.25
R_2t5uladxRwCFEss,ELECTRONIC_CABLE,baseline,13.99
R_2tDsyPHHxJD0dMK,ELECTRONIC_CABLE,baseline,5.26
R_2tEuzX0j3530EZC,COFFEE,baseline,32.75
R_2tEuzX0j3530EZC,COFFEE,treatment,17.99
R_2tEuzX0j3530EZC,SCREEN_PROTECTOR,baseline,3.49
R_2tK9xIUteAzFb42,ELECTRONIC_CABLE,baseline,16.99
R_2tK9xIUteAzFb42,SCREEN_PROTECTOR,baseline,9.95
R_2tajYnRL3lW3Bri,PET_FOOD,treatment,13.99
R_2tajYnRL3lW3Bri,SKIN_CLEANING_AGENT,treatment,6.47
R_2tc9WxJNVPJwvOW,SCREEN_PROTECTOR,baseline,9.95
R_2tfEDXuyNRcQoWs,SHOES,baseline,17.99
R_2tfHzrdo6EEaiWi,FRUIT,baseline,2.07
R_2tfHzrdo6EEaiWi,SAUCE,baseline,6.99
R_2tfHzrdo6EEaiWi,SCREEN_PROTECTOR,baseline,9.99
R_2tfh4rvpUWWJndF,ELECTRONIC_CABLE,treatment,9.95
R_2tiesVScqzOYO1M,SUGAR_CANDY,treatment,13.99
R_2tlrtwEaex5e5hZ,ELECTRONIC_CABLE,baseline,8.97
R_2tm9zMPq8ZzYFPK,ELECTRONIC_CABLE,baseline,8.49
R_2tm9zMPq8ZzYFPK,SCREEN_PROTECTOR,baseline,5.95
R_2tnWUItCZuEhmXh,SHOES,baseline,29.89
R_2ttheHebJMgjLdW,SHIRT,treatment,9.99
R_2ttheHebJMgjLdW,SKIN_CLEANING_AGENT,baseline,12.39
R_2ty5PQXuPozuNHy,COFFEE,treatment,39.49
R_2uCzO2vX6RqKEfv,ELECTRONIC_CABLE,treatment,10.99
R_2uD38dVQrhXDq31,SHIRT,treatment,25.8
R_2uEyNVV1279FnPK,SHIRT,treatment,21.99
R_2uIMLcJgQmb0v3G,DISHWARE_PLATE,baseline,4.94
R_2uIMLcJgQmb0v3G,SAUCE,baseline,20.57
R_2uIMLcJgQmb0v3G,SHOES,baseline,42.35
R_2uIMLcJgQmb0v3G,SKIN_CLEANING_AGENT,baseline,8.59
R_2uIMLcJgQmb0v3G,VITAMIN,baseline,12.9
R_2uJnrzmcdz6BzLc,ELECTRONIC_CABLE,baseline,5.56
R_2uP7oZgquEAtCqZ,PET_FOOD,baseline,80.14
R_2uP7oZgquEAtCqZ,PET_FOOD,treatment,71.4
R_2uP7oZgquEAtCqZ,SHIRT,baseline,27.99
R_2uP9EjqOqKPcp3X,SKIN_CLEANING_AGENT,treatment,53.03
R_2uPP0QfWOUs53oX,PROTECTIVE_GLOVE,treatment,20.560000000000002
R_2uTysluImvxkQBY,SHIRT,treatment,7.7
R_2uTysluImvxkQBY,SHOES,baseline,19.99
R_2uTysluImvxkQBY,SHOES,treatment,24.99
R_2uTysluImvxkQBY,VITAMIN,treatment,21.97
R_2uZDxTZAORBIW1o,HERB,baseline,18.99
R_2uZDxTZAORBIW1o,SAUCE,baseline,23.05
R_2uZDxTZAORBIW1o,SHOES,baseline,119.95
R_2uvTZBWrTXZObqv,ELECTRONIC_CABLE,baseline,10.99
R_2uwirdevl1Fu0WB,SHOES,baseline,56.95
R_2uwirdevl1Fu0WB,SHOES,treatment,70.93
R_2uyQHwENySBamVs,CELLULAR_PHONE_CASE,baseline,10.99
R_2v6YXQIISUe7ROI,ELECTRONIC_CABLE,baseline,10.97
R_2v6YXQIISUe7ROI,PET_FOOD,baseline,14.99
R_2v6YXQIISUe7ROI,PET_FOOD,treatment,14.99
R_2v6YXQIISUe7ROI,TOILET_PAPER,treatment,25.18
R_2vYeXyFdrSyrVwh,COFFEE,baseline,14.73
R_2vYeXyFdrSyrVwh,DISHWARE_PLATE,baseline,5.58
R_2vYeXyFdrSyrVwh,PET_FOOD,baseline,49.010000000000005
R_2vYeXyFdrSyrVwh,PET_FOOD,treatment,22.62
R_2vYeXyFdrSyrVwh,SAUCE,baseline,1.5
R_2vYykB6gZUnX00B,SCREEN_PROTECTOR,treatment,19.99
R_2vkMWH10xWp7o9s,PET_FOOD,treatment,61.95
R_2w4cgTg4Pio3rhs,CELLULAR_PHONE_CASE,baseline,22.58
R_2w4cgTg4Pio3rhs,ELECTRONIC_CABLE,baseline,14.99
R_2w4cgTg4Pio3rhs,SCREEN_PROTECTOR,baseline,13.95
R_2w5eKwkAHxducy1,CELLULAR_PHONE_CASE,baseline,7.96
R_2w5eKwkAHxducy1,PET_FOOD,baseline,6.68
R_2w5eKwkAHxducy1,SHIRT,baseline,18.99
R_2w5m3XJMrF4EdY0,ELECTRONIC_CABLE,baseline,17.99
R_2w5m3XJMrF4EdY0,SCREEN_PROTECTOR,treatment,9.99
R_2w5m3XJMrF4EdY0,SHOES,baseline,60.0
R_2w5nlHIgm7y2g6p,ELECTRONIC_CABLE,treatment,40.98
R_2w5nlHIgm7y2g6p,SCREEN_PROTECTOR,baseline,10.99
R_2w5nlHIgm7y2g6p,SHOES,treatment,59.5
R_2w6Kv77UCoeyLbP,CELLULAR_PHONE_CASE,treatment,17.93
R_2w6Kv77UCoeyLbP,ELECTRONIC_CABLE,treatment,6.99
R_2wAnAoyvBgQ4MSo,DISHWASHER_DETERGENT,treatment,12.19
R_2wAnAoyvBgQ4MSo,HERB,treatment,4.94
R_2wAnAoyvBgQ4MSo,PET_FOOD,baseline,31.43
R_2wFa9HKdZRkx33l,SHIRT,baseline,21.99
R_2wGEjtgdbDaipOu,DISHWASHER_DETERGENT,treatment,19.0
R_2wGEjtgdbDaipOu,SUGAR_CANDY,baseline,6.99
R_2wHPt5RsGv5et9d,PET_FOOD,baseline,7.12
R_2wHwNZWEecJflLc,CELLULAR_PHONE_CASE,treatment,9.99
R_2wHwNZWEecJflLc,SCREEN_PROTECTOR,baseline,7.95
R_2wHwNZWEecJflLc,SHOES,baseline,21.99
R_2wKo2LLVgp2Zxdz,SHOES,treatment,75.51
R_2wKuMmrh8yJ9vHi,CELLULAR_PHONE_CASE,treatment,10.99
R_2wQqVnIFDz7CVjp,ADHESIVE_TAPES,baseline,19.93
R_2wQqVnIFDz7CVjp,PROTECTIVE_GLOVE,treatment,25.98
R_2wQqVnIFDz7CVjp,SHOES,baseline,227.76999999999998
R_2wQqVnIFDz7CVjp,SKIN_CLEANING_AGENT,baseline,13.96
R_2wS6jGIOBEYFA6N,CELLULAR_PHONE_CASE,baseline,14.99
R_2wgkavEdhrRlvNM,COFFEE,baseline,4.79
R_2wgkavEdhrRlvNM,HERB,treatment,21.99
R_2wgkavEdhrRlvNM,PET_FOOD,baseline,49.98
R_2wgkavEdhrRlvNM,PET_FOOD,treatment,98.27
R_2wgkavEdhrRlvNM,SHIRT,baseline,41.34
R_2wgkavEdhrRlvNM,SHIRT,treatment,45.76
R_2wgkavEdhrRlvNM,SKIN_CLEANING_AGENT,baseline,4.99
R_2wgkavEdhrRlvNM,VITAMIN,baseline,38.05
R_2wgkavEdhrRlvNM,VITAMIN,treatment,73.86
R_2wi68bkschMNtqr,PET_FOOD,baseline,44.52
R_2wmLE1q4FIpfioi,DISHWARE_PLATE,treatment,25.01
R_2wmLE1q4FIpfioi,ELECTRONIC_CABLE,treatment,11.99
R_2wmLE1q4FIpfioi,PLANTER,baseline,8.99
R_2wmLE1q4FIpfioi,SHIRT,treatment,17.99
R_2wmLE1q4FIpfioi,SKIN_CLEANING_AGENT,baseline,8.77
R_2wmLE1q4FIpfioi,TOILET_PAPER,treatment,27.99
R_2wmLE1q4FIpfioi,VITAMIN,baseline,16.76
R_2wmLFQjrvMKTYQX,PET_FOOD,baseline,20.84
R_2woyYEH5qlAG264,SHOES,treatment,32.98
R_2wpJ0XbROzKmDK2,SHIRT,baseline,39.129999999999995
R_2wpJ0XbROzKmDK2,SHOES,baseline,107.03
R_2wpJ0XbROzKmDK2,VITAMIN,baseline,18.9
R_2wsgO78uo2UaxT6,VITAMIN,baseline,88.46000000000001
R_2wsgO78uo2UaxT6,VITAMIN,treatment,15.76
R_2wsihriTqG6n6Sj,ELECTRONIC_CABLE,baseline,11.04
R_2wtVmKidhQR0wju,SKIN_CLEANING_AGENT,baseline,4.33
R_2xK6jrLgatky4Bp,SKIN_CLEANING_AGENT,baseline,27.659999999999997
R_2xL72Ej7Q0oyU5W,CELLULAR_PHONE_CASE,treatment,26.880000000000003
R_2xL72Ej7Q0oyU5W,SCREEN_PROTECTOR,treatment,8.95
R_2xLEC9nd2M1jiu6,PET_FOOD,baseline,36.18
R_2xLEC9nd2M1jiu6,PET_FOOD,treatment,29.42
R_2xLvxRKX2448l9k,PET_FOOD,baseline,29.62
R_2xPnZcxP6mIbWhP,CELLULAR_PHONE_CASE,baseline,8.99
R_2xVNXylGNDbivoc,CELLULAR_PHONE_CASE,treatment,11.99
R_2xVNXylGNDbivoc,SCREEN_PROTECTOR,treatment,5.95
R_2xXeQ85UmTBGxcQ,PET_FOOD,treatment,48.99
R_2xxEyjhELW9C6aW,CELLULAR_PHONE_CASE,baseline,17.97
R_2xxEyjhELW9C6aW,CELLULAR_PHONE_CASE,treatment,8.99
R_2xxEyjhELW9C6aW,DISHWARE_PLATE,treatment,12.86
R_2xxEyjhELW9C6aW,SCREEN_PROTECTOR,baseline,15.98
R_2xxvsVGQ2kSdXpV,VITAMIN,baseline,6.52
R_2xyOF5gSbwSyBSo,ELECTRONIC_CABLE,baseline,3.05
R_2xzc7JBNEgYNAqY,SCREEN_PROTECTOR,baseline,15.98
R_2y1MJdiEIHh766D,FRUIT,baseline,202.82
R_2y1MJdiEIHh766D,FRUIT,treatment,38.44
R_2y1MJdiEIHh766D,HERB,baseline,2.98
R_2y1MJdiEIHh766D,HERB,treatment,105.00999999999999
R_2y1MJdiEIHh766D,SAUCE,baseline,42.52
R_2y1MJdiEIHh766D,SCREEN_PROTECTOR,baseline,9.95
R_2y1MJdiEIHh766D,SKIN_CLEANING_AGENT,baseline,9.23
R_2y1MJdiEIHh766D,SKIN_CLEANING_AGENT,treatment,53.72
R_2y1MJdiEIHh766D,SUGAR_CANDY,baseline,20.240000000000002
R_2y1MJdiEIHh766D,VITAMIN,baseline,18.66
R_2y1MJdiEIHh766D,VITAMIN,treatment,18.66
R_2y7p58Cp5veeRa6,HERB,baseline,11.3
R_2y8edrQ8p3nRu8v,SHIRT,treatment,19.95
R_2yaoRp2ppYTA5oe,FRUIT,treatment,16.38
R_2yaoRp2ppYTA5oe,PET_FOOD,baseline,92.86
R_2yeAMKzAkQCd3nW,SHOES,treatment,119.95
R_2yf8WeqtV2UO5SE,PET_FOOD,baseline,16.89
R_2yf8WeqtV2UO5SE,PLANTER,treatment,25.99
R_2ygdFv2BO8JcFgT,ELECTRONIC_CABLE,treatment,6.84
R_2ygdFv2BO8JcFgT,SHIRT,baseline,27.37
R_2ygdFv2BO8JcFgT,SKIN_CLEANING_AGENT,baseline,5.27
R_2yjckpDXWcsiLPz,CELLULAR_PHONE_CASE,baseline,8.98
R_2yjckpDXWcsiLPz,ELECTRONIC_CABLE,baseline,68.94
R_2yjckpDXWcsiLPz,SHIRT,baseline,29.48
R_2yjckpDXWcsiLPz,SHOES,baseline,26.99
R_2yjckpDXWcsiLPz,SKIN_CLEANING_AGENT,baseline,25.84
R_2yjckpDXWcsiLPz,SKIN_CLEANING_AGENT,treatment,11.98
R_2yjckpDXWcsiLPz,SUGAR_CANDY,baseline,13.63
R_2ylSbd8k18avYSm,DISHWARE_PLATE,baseline,7.95
R_2ylSbd8k18avYSm,ELECTRONIC_CABLE,baseline,4.99
R_2ylSbd8k18avYSm,PROTECTIVE_GLOVE,baseline,26.51
R_2ylSbd8k18avYSm,SCREEN_PROTECTOR,baseline,6.99
R_2yme87wMCEU528h,FLAVORED_DRINK_CONCENTRATE,treatment,17.99
R_2yplkUxhAWZaFUL,CELLULAR_PHONE_CASE,baseline,29.4
R_2yplkUxhAWZaFUL,ELECTRONIC_CABLE,baseline,7.96
R_2yplkUxhAWZaFUL,SCREEN_PROTECTOR,baseline,5.99
R_2yplkUxhAWZaFUL,SHIRT,treatment,5.99
R_2yplkUxhAWZaFUL,SUGAR_CANDY,treatment,13.39
R_2yq5wu0zOhPN1Vj,SHIRT,treatment,32.0
R_2yq5wu0zOhPN1Vj,SUGAR_CANDY,treatment,3.22
R_2yq5wu0zOhPN1Vj,VITAMIN,baseline,16.98
R_2ysGPQkluBNjsAX,PET_FOOD,baseline,9.97
R_2z5SzAhTBlLEuu2,SHIRT,treatment,4.49
R_2z6HVYTxer7XO12,CELLULAR_PHONE_CASE,baseline,19.98
R_2z6HVYTxer7XO12,SCREEN_PROTECTOR,baseline,7.99
R_2z6HVYTxer7XO12,SHIRT,baseline,11.99
R_2z6LiVVvQldVrWh,PET_FOOD,baseline,13.96
R_2z7rLZb69WuqDdf,FLAVORED_DRINK_CONCENTRATE,treatment,8.53
R_2z7rLZb69WuqDdf,SHIRT,baseline,9.99
R_2z7rLZb69WuqDdf,SHOES,baseline,38.97
R_2zAOD6IbPzXuthy,VITAMIN,baseline,14.099999999999998
R_2zARigFdY655hAS,ELECTRONIC_CABLE,baseline,8.49
R_2zARigFdY655hAS,SCREEN_PROTECTOR,baseline,8.99
R_2zCmQhJtrw3xBtV,ELECTRONIC_CABLE,treatment,8.52
R_2zCmQhJtrw3xBtV,SHIRT,baseline,10.32
R_2zD58KSXqhHfp5e,ADHESIVE_TAPES,baseline,14.77
R_2zD58KSXqhHfp5e,SHIRT,baseline,19.99
R_2zGs5827faHHXFy,PET_FOOD,treatment,57.99
R_2zMAiLMp7ySjdto,SHIRT,baseline,19.48
R_2zMAiLMp7ySjdto,SHIRT,treatment,38.0
R_2zMUSIO7EjyAEVO,PET_FOOD,baseline,19.99
R_2zMhh48pxUCJZoH,ADHESIVE_TAPES,treatment,3.69
R_2zMhh48pxUCJZoH,CELLULAR_PHONE_CASE,treatment,11.99
R_2zMhh48pxUCJZoH,FRUIT,treatment,1.09
R_2zMhh48pxUCJZoH,SKIN_CLEANING_AGENT,treatment,4.28
R_2zMhh48pxUCJZoH,TOILET_PAPER,treatment,5.99
R_2zNpJuWE3ykIlGh,SCREEN_PROTECTOR,baseline,7.95
R_2zRSCnBFbSgJpKM,ELECTRONIC_CABLE,treatment,19.98
R_2zRSCnBFbSgJpKM,SHIRT,treatment,13.95
R_2zSlTKG9lhZH3r9,SHIRT,baseline,25.99
R_2zYiVYVYRWyKzRl,SHIRT,baseline,31.04
R_2zZILpCYQulMji3,SUGAR_CANDY,baseline,5.48
R_2zZILpCYQulMji3,SUGAR_CANDY,treatment,8.72
R_2ze9t15YGQDJxR3,CELLULAR_PHONE_CASE,treatment,5.99
R_2ze9t15YGQDJxR3,DISHWASHER_DETERGENT,baseline,13.86
R_2ze9t15YGQDJxR3,ELECTRONIC_CABLE,baseline,17.18
R_2ze9t15YGQDJxR3,ELECTRONIC_CABLE,treatment,12.89
R_2ze9t15YGQDJxR3,SAUCE,baseline,6.04
R_2ze9t15YGQDJxR3,SHIRT,baseline,5.99
R_2ze9t15YGQDJxR3,SHOES,baseline,23.98
R_2ze9t15YGQDJxR3,SKIN_CLEANING_AGENT,baseline,16.330000000000002
R_2ze9t15YGQDJxR3,SUGAR_CANDY,baseline,1.88
R_2ze9t15YGQDJxR3,TOILET_PAPER,baseline,29.96
R_2ze9t15YGQDJxR3,VITAMIN,baseline,8.96
R_2zejCqxwLOr7Mrm,ELECTRONIC_CABLE,baseline,24.23
R_2zejCqxwLOr7Mrm,PET_FOOD,treatment,63.28
R_2znDusnDkfyOj3m,CELLULAR_PHONE_CASE,baseline,8.99
R_2znDusnDkfyOj3m,SHIRT,baseline,23.76
R_2zx8WHXVF7bHyh3,ELECTRONIC_CABLE,baseline,9.99
R_2zzG1u6pYDToyGD,ELECTRONIC_CABLE,baseline,17.45
R_2zzG1u6pYDToyGD,PET_FOOD,treatment,7.18
R_2zzG1u6pYDToyGD,SHIRT,baseline,22.07
R_2zzG1u6pYDToyGD,SKIN_CLEANING_AGENT,baseline,12.88
R_3006iqWvyrARyM5,PET_FOOD,treatment,20.99
R_3006iqWvyrARyM5,SHOES,baseline,29.99
R_301MA8iy9GwvVOe,COFFEE,treatment,42.95
R_301MA8iy9GwvVOe,SKIN_CLEANING_AGENT,treatment,25.0
R_301uq7vv7YTe7qQ,CELLULAR_PHONE_CASE,baseline,94.91
R_301uq7vv7YTe7qQ,DISHWARE_PLATE,baseline,10.39
R_301uq7vv7YTe7qQ,PET_FOOD,baseline,33.04
R_301uq7vv7YTe7qQ,PET_FOOD,treatment,9.98
R_301uq7vv7YTe7qQ,SHIRT,baseline,44.8
R_301uq7vv7YTe7qQ,SHOES,baseline,75.0
R_3093m6Spz9VzxAK,COFFEE,baseline,12.89
R_3093m6Spz9VzxAK,COFFEE,treatment,13.09
R_3093m6Spz9VzxAK,PET_FOOD,treatment,24.99
R_3093m6Spz9VzxAK,SHIRT,baseline,17.99
R_30f0gTKJr78YCy4,ADHESIVE_TAPES,baseline,10.0
R_30f0gTKJr78YCy4,PET_FOOD,treatment,14.129999999999999
R_30f0gTKJr78YCy4,SHIRT,baseline,54.97
R_30f0gTKJr78YCy4,SKIN_CLEANING_AGENT,baseline,31.0
R_30i8wBqfAJYMNTm,SKIN_CLEANING_AGENT,baseline,17.98
R_30i8wBqfAJYMNTm,SKIN_CLEANING_AGENT,treatment,14.879999999999999
R_30i8wBqfAJYMNTm,VITAMIN,treatment,24.95
R_30kPg5opkenrGPb,DISHWASHER_DETERGENT,treatment,5.36
R_30kPg5opkenrGPb,FRUIT,treatment,52.980000000000004
R_30kPg5opkenrGPb,HERB,treatment,6.96
R_30kPg5opkenrGPb,PROTECTIVE_GLOVE,treatment,33.21
R_30kPg5opkenrGPb,SHOES,baseline,122.03
R_30kPg5opkenrGPb,SKIN_CLEANING_AGENT,treatment,11.77
R_30qTlKzhdIqtgiz,PET_FOOD,baseline,11.64
R_30qTlKzhdIqtgiz,SHIRT,baseline,76.56
R_30qTlKzhdIqtgiz,SHOES,baseline,74.96
R_30tKJbqPUb129Xp,COFFEE,baseline,64.31
R_30tLi6WqLJxToYS,PET_FOOD,treatment,8.24
R_30uDhrRCQ3lqTNE,CELLULAR_PHONE_CASE,baseline,9.99
R_30v4IsTwlZaxIiR,SCREEN_PROTECTOR,baseline,17.84
R_31A7MK65zEMwnkX,CELLULAR_PHONE_CASE,treatment,8.99
R_31A7MK65zEMwnkX,PET_FOOD,treatment,9.97
R_31A7MK65zEMwnkX,SCREEN_PROTECTOR,baseline,15.93
R_31A7MK65zEMwnkX,VITAMIN,treatment,13.99
R_31ADYMez64zKe2X,ADHESIVE_TAPES,treatment,2.27
R_31ADYMez64zKe2X,CELLULAR_PHONE_CASE,treatment,7.98
R_31ADYMez64zKe2X,SUGAR_CANDY,treatment,13.56
R_31ADYMez64zKe2X,TOILET_PAPER,treatment,6.99
R_31EHJndIjqp0OfR,COFFEE,baseline,29.99
R_31EHJndIjqp0OfR,COFFEE,treatment,22.49
R_31EHJndIjqp0OfR,ELECTRONIC_CABLE,treatment,9.98
R_31FBFlPtMYUheEy,VITAMIN,treatment,15.88
R_31LYkoXpSf1q0Ne,CELLULAR_PHONE_CASE,baseline,11.19
R_31QS1Ms6iQEU3mI,CELLULAR_PHONE_CASE,baseline,8.99
R_31QS1Ms6iQEU3mI,COFFEE,baseline,57.98
R_31QS1Ms6iQEU3mI,COFFEE,treatment,59.98
R_31QS1Ms6iQEU3mI,PET_FOOD,baseline,13.74
R_31QS1Ms6iQEU3mI,PET_FOOD,treatment,15.97
R_31QS1Ms6iQEU3mI,SCREEN_PROTECTOR,baseline,4.98
R_31QS1Ms6iQEU3mI,SKIN_CLEANING_AGENT,baseline,5.98
R_31QS1Ms6iQEU3mI,VITAMIN,treatment,10.77
R_31SNC0DcyjBDcq3,ADHESIVE_TAPES,treatment,10.91
R_31SNC0DcyjBDcq3,ELECTRONIC_CABLE,treatment,9.99
R_31SNC0DcyjBDcq3,SCREEN_PROTECTOR,treatment,6.99
R_31SNC0DcyjBDcq3,SHIRT,baseline,15.96
R_31XTJUT1qHoBGRZ,ELECTRONIC_CABLE,baseline,12.98
R_31XTJUT1qHoBGRZ,PET_FOOD,baseline,70.83
R_31XTJUT1qHoBGRZ,SKIN_CLEANING_AGENT,baseline,30.74
R_31aclNgWw4mxrPd,SHIRT,baseline,13.99
R_31bj3K9VrF3xiPE,DISHWARE_PLATE,baseline,11.51
R_31bj3K9VrF3xiPE,ELECTRONIC_CABLE,baseline,6.9
R_31bj3K9VrF3xiPE,SAUCE,treatment,1.96
R_31bj3K9VrF3xiPE,TOILET_PAPER,treatment,111.66999999999999
R_31hZPGWuIvYTHZ9,PET_FOOD,baseline,15.719999999999999
R_31hZPGWuIvYTHZ9,PET_FOOD,treatment,7.470000000000001
R_31i2GAL8OJZdUqq,SCREEN_PROTECTOR,baseline,11.95
R_31i2GAL8OJZdUqq,SKIN_CLEANING_AGENT,baseline,24.0
R_31ixLIfyf3xt0RM,TOILET_PAPER,baseline,31.49
R_31n2MLk9w05iLzN,COFFEE,treatment,12.99
R_31n2MLk9w05iLzN,SKIN_CLEANING_AGENT,treatment,3.99
R_31nNPxjCXdDYRGk,DISHWASHER_DETERGENT,baseline,16.97
R_31nNPxjCXdDYRGk,ELECTRONIC_CABLE,baseline,7.49
R_31nNPxjCXdDYRGk,SHOES,treatment,144.9
R_31nNPxjCXdDYRGk,SKIN_CLEANING_AGENT,treatment,6.62
R_31nNPxjCXdDYRGk,VITAMIN,treatment,11.21
R_31ow00zD9f3PW6B,ELECTRONIC_CABLE,baseline,24.9
R_31pjiIS2z0L0g9l,ELECTRONIC_CABLE,baseline,6.29
R_31pjiIS2z0L0g9l,ELECTRONIC_CABLE,treatment,7.99
R_31pjiIS2z0L0g9l,SKIN_CLEANING_AGENT,treatment,8.99
R_31uVvT36jk3wlHm,SUGAR_CANDY,baseline,10.98
R_31vHYfmUkFAL7sQ,SHOES,treatment,44.68
R_31ycQ8SiOEF1cUN,ADHESIVE_TAPES,baseline,34.98
R_31ycQ8SiOEF1cUN,ELECTRONIC_CABLE,treatment,11.84
R_322sl9lkckDZD5Y,SHOES,baseline,46.97
R_325wPQDFbzpv3zZ,SHOES,baseline,77.47
R_325wPQDFbzpv3zZ,TOILET_PAPER,baseline,14.98
R_32MgYCncUh7NkQE,PET_FOOD,baseline,40.36
R_32Mm71oAJq2K9XK,CELLULAR_PHONE_CASE,baseline,11.99
R_32Mm71oAJq2K9XK,DISHWARE_PLATE,baseline,6.67
R_32Mm71oAJq2K9XK,DISHWARE_PLATE,treatment,151.96
R_32Mm71oAJq2K9XK,FLAVORED_DRINK_CONCENTRATE,baseline,34.99
R_32Mm71oAJq2K9XK,FLAVORED_DRINK_CONCENTRATE,treatment,34.95
R_32Mm71oAJq2K9XK,PET_FOOD,baseline,64.96
R_32Mm71oAJq2K9XK,PET_FOOD,treatment,8.92
R_32Mm71oAJq2K9XK,PLANTER,treatment,19.99
R_32Mm71oAJq2K9XK,SHIRT,baseline,270.3
R_32Mm71oAJq2K9XK,SHIRT,treatment,318.8
R_32Mm71oAJq2K9XK,SHOES,treatment,136.66
R_32Mm71oAJq2K9XK,SUGAR_CANDY,treatment,21.96
R_32PFJILCpebqj2I,ADHESIVE_TAPES,baseline,15.99
R_32PFJILCpebqj2I,CELLULAR_PHONE_CASE,baseline,11.99
R_32PFJILCpebqj2I,SCREEN_PROTECTOR,baseline,15.98
R_32R69KRWIzuH9Im,COFFEE,treatment,27.41
R_32RSCpvF0PqDFBp,ADHESIVE_TAPES,treatment,8.03
R_32RSCpvF0PqDFBp,PET_FOOD,treatment,16.99
R_32RSCpvF0PqDFBp,SAUCE,treatment,24.19
R_32RSCpvF0PqDFBp,SKIN_CLEANING_AGENT,treatment,12.84
R_32RSCpvF0PqDFBp,VITAMIN,baseline,11.7
R_32UZncFA03IrQwQ,DISHWASHER_DETERGENT,treatment,4.97
R_32UZncFA03IrQwQ,ELECTRONIC_CABLE,baseline,7.62
R_32UZncFA03IrQwQ,FLAVORED_DRINK_CONCENTRATE,treatment,13.26
R_32UZncFA03IrQwQ,PET_FOOD,baseline,19.78
R_32UZncFA03IrQwQ,PET_FOOD,treatment,139.51
R_32VcKmw1biSyknq,ELECTRONIC_CABLE,treatment,6.99
R_32VcKmw1biSyknq,PROTECTIVE_GLOVE,baseline,9.48
R_32VcKmw1biSyknq,SHOES,baseline,35.99
R_32VcKmw1biSyknq,VITAMIN,baseline,14.55
R_32VlHVeRo7xTWsZ,PROTECTIVE_GLOVE,treatment,13.99
R_32WrYe9Z7XWF8FL,ELECTRONIC_CABLE,treatment,83.85000000000001
R_32WrYe9Z7XWF8FL,PET_FOOD,baseline,82.88
R_32Wsk7ziaut6JrW,SHIRT,baseline,77.82
R_32Wsk7ziaut6JrW,SHOES,baseline,48.99
R_32WvdLjYpicai6o,PROTECTIVE_GLOVE,baseline,8.97
R_32WvdLjYpicai6o,PROTECTIVE_GLOVE,treatment,24.89
R_32WvdLjYpicai6o,SHIRT,baseline,33.980000000000004
R_32WvdLjYpicai6o,SHIRT,treatment,47.52
R_32WvdLjYpicai6o,SHOES,baseline,337.54
R_32WvdLjYpicai6o,SHOES,treatment,101.16
R_32WvdLjYpicai6o,SKIN_CLEANING_AGENT,treatment,7.8
R_333cPUAJRgYXqi1,DISHWASHER_DETERGENT,treatment,16.97
R_333cPUAJRgYXqi1,ELECTRONIC_CABLE,baseline,12.99
R_333cPUAJRgYXqi1,ELECTRONIC_CABLE,treatment,9.33
R_333cPUAJRgYXqi1,PROTECTIVE_GLOVE,treatment,7.0
R_333cPUAJRgYXqi1,SHOES,baseline,84.95
R_338AsE7QedeQ72w,CELLULAR_PHONE_CASE,treatment,27.99
R_33El0GX9AkXCVDU,CELLULAR_PHONE_CASE,baseline,22.98
R_33El0GX9AkXCVDU,COFFEE,baseline,92.12
R_33El0GX9AkXCVDU,COFFEE,treatment,43.99
R_33El0GX9AkXCVDU,SCREEN_PROTECTOR,baseline,6.99
R_33a2eGfoj5xSrE2,ELECTRONIC_CABLE,baseline,13.99
R_33a2eGfoj5xSrE2,ELECTRONIC_CABLE,treatment,15.99
R_33a2eGfoj5xSrE2,PET_FOOD,treatment,10.48
R_33a2eGfoj5xSrE2,SCREEN_PROTECTOR,treatment,4.9
R_33a2eGfoj5xSrE2,SHOES,treatment,24.99
R_33a2eGfoj5xSrE2,TOILET_PAPER,baseline,15.2
R_33d7M6Nr0oXVk6w,ELECTRONIC_CABLE,baseline,17.99
R_33d7M6Nr0oXVk6w,SKIN_CLEANING_AGENT,baseline,8.8
R_33d7M6Nr0oXVk6w,SKIN_CLEANING_AGENT,treatment,51.82
R_33dxSOlpYwYOjFE,PET_FOOD,treatment,6.32
R_33dxSOlpYwYOjFE,PROTECTIVE_GLOVE,treatment,11.99
R_33e7mSbpjZVKW82,ELECTRONIC_CABLE,baseline,18.99
R_33fh0DWssIsKwpU,ELECTRONIC_CABLE,baseline,6.99
R_33fh0DWssIsKwpU,PET_FOOD,treatment,8.49
R_33fmWkZdbFSdAqe,ADHESIVE_TAPES,baseline,11.59
R_33gqD4zbwgtDhQC,TOILET_PAPER,baseline,58.82
R_33jcUkAZ8knoq82,CELLULAR_PHONE_CASE,baseline,21.98
R_33jcUkAZ8knoq82,ELECTRONIC_CABLE,baseline,9.99
R_33jcUkAZ8knoq82,FRUIT,treatment,3.0
R_33jcUkAZ8knoq82,HERB,treatment,8.49
R_33jcUkAZ8knoq82,PET_FOOD,baseline,42.09
R_33jcUkAZ8knoq82,TOILET_PAPER,baseline,22.25
R_33jcUkAZ8knoq82,TOILET_PAPER,treatment,11.98
R_39HhVszlqdawZPP,PET_FOOD,baseline,13.74
R_39HhVszlqdawZPP,SCREEN_PROTECTOR,baseline,17.9
R_3C9mWQweEu6HA2J,HERB,baseline,2.72
R_3C9mWQweEu6HA2J,PET_FOOD,treatment,8.39
R_3C9mWQweEu6HA2J,SHOES,baseline,28.88
R_3C9mWQweEu6HA2J,VITAMIN,baseline,5.85
R_3CATeNn9pwYX3bv,VITAMIN,treatment,10.99
R_3CD6TeMBrOUiEmu,SHIRT,baseline,10.99
R_3CIrjNnjZFOVvWu,SCREEN_PROTECTOR,treatment,6.99
R_3CIrjNnjZFOVvWu,SKIN_CLEANING_AGENT,baseline,17.96
R_3CIrjNnjZFOVvWu,SKIN_CLEANING_AGENT,treatment,25.67
R_3CKmnc9zwNPauw5,SAUCE,baseline,19.200000000000003
R_3CKmnc9zwNPauw5,VITAMIN,baseline,29.96
R_3CVMAH13SNAWjLZ,PET_FOOD,treatment,8.32
R_3D0FIkesMnTGsnm,CELLULAR_PHONE_CASE,baseline,38.72
R_3D0FIkesMnTGsnm,ELECTRONIC_CABLE,baseline,12.99
R_3D624pTJqKkE6ko,SHIRT,baseline,7.75
R_3D624pTJqKkE6ko,SUGAR_CANDY,treatment,8.98
R_3D7xJuXSy25PXbg,ADHESIVE_TAPES,baseline,10.5
R_3D7xJuXSy25PXbg,DISHWASHER_DETERGENT,treatment,19.99
R_3D7xJuXSy25PXbg,PET_FOOD,baseline,37.56
R_3D7xJuXSy25PXbg,PET_FOOD,treatment,9.1
R_3D7xJuXSy25PXbg,SAUCE,baseline,9.95
R_3D8fwycJF7eksBo,ELECTRONIC_CABLE,baseline,6.98
R_3D8fwycJF7eksBo,PET_FOOD,baseline,21.14
R_3D8fwycJF7eksBo,SHIRT,baseline,19.99
R_3D8fwycJF7eksBo,SUGAR_CANDY,baseline,12.93
R_3Dbw2bzDMkmC4Kt,PROTECTIVE_GLOVE,treatment,6.45
R_3Dbw2bzDMkmC4Kt,SKIN_CLEANING_AGENT,treatment,17.04
R_3Dbw2bzDMkmC4Kt,TOILET_PAPER,baseline,18.86
R_3DdbPgFadLDrK7U,SHIRT,baseline,19.98
R_3Ddx3PF1GsBUbzX,COFFEE,baseline,61.82
R_3Ddx3PF1GsBUbzX,COFFEE,treatment,27.56
R_3DdxQK745EEWMzm,ELECTRONIC_CABLE,baseline,28.04
R_3DkfpeA5lhL0kXq,SKIN_CLEANING_AGENT,treatment,5.88
R_3DkmDzFowAbQ5vl,COFFEE,treatment,29.99
R_3DkmDzFowAbQ5vl,FRUIT,baseline,0.63
R_3DkmDzFowAbQ5vl,FRUIT,treatment,0.18
R_3DkmDzFowAbQ5vl,PET_FOOD,baseline,26.06
R_3DkmDzFowAbQ5vl,PET_FOOD,treatment,65.12
R_3DkmDzFowAbQ5vl,PROTECTIVE_GLOVE,treatment,12.7
R_3DkmDzFowAbQ5vl,SAUCE,baseline,1.99
R_3DkmDzFowAbQ5vl,SAUCE,treatment,9.75
R_3DkmDzFowAbQ5vl,SUGAR_CANDY,baseline,15.15
R_3DqB7pyNczSugtj,ADHESIVE_TAPES,baseline,4.99
R_3DqB7pyNczSugtj,ELECTRONIC_CABLE,treatment,13.99
R_3DqnvnWvqgEZVbO,FLAVORED_DRINK_CONCENTRATE,baseline,14.49
R_3DqnvnWvqgEZVbO,HERB,treatment,6.04
R_3DqnvnWvqgEZVbO,PROTECTIVE_GLOVE,treatment,19.99
R_3DqnvnWvqgEZVbO,SKIN_CLEANING_AGENT,baseline,10.91
R_3DteNZbN9pZ6q6A,CELLULAR_PHONE_CASE,baseline,16.95
R_3DteNZbN9pZ6q6A,SCREEN_PROTECTOR,baseline,7.29
R_3Dvf2b14COFZe0A,CELLULAR_PHONE_CASE,baseline,12.99
R_3Dvf2b14COFZe0A,COFFEE,baseline,5.95
R_3Dvf2b14COFZe0A,SHOES,baseline,53.99
R_3Dvf2b14COFZe0A,SHOES,treatment,89.95
R_3Dvf2b14COFZe0A,SKIN_CLEANING_AGENT,baseline,28.950000000000003
R_3Dvf2b14COFZe0A,SUGAR_CANDY,baseline,52.379999999999995
R_3EEkdVDJ2YHiSOj,SHIRT,baseline,28.979999999999997
R_3EF2sOVmTNA4e3u,CELLULAR_PHONE_CASE,baseline,26.990000000000002
R_3EF2sOVmTNA4e3u,PROTECTIVE_GLOVE,baseline,4.35
R_3EF2sOVmTNA4e3u,SCREEN_PROTECTOR,baseline,13.440000000000001
R_3EF584Zf9pAwkir,CELLULAR_PHONE_CASE,baseline,4.92
R_3EFsFPjORsZZZn5,COFFEE,baseline,23.12
R_3EFsFPjORsZZZn5,ELECTRONIC_CABLE,baseline,5.97
R_3EFsFPjORsZZZn5,PET_FOOD,baseline,49.0
R_3EFsFPjORsZZZn5,PET_FOOD,treatment,48.99
R_3EFsFPjORsZZZn5,TOILET_PAPER,baseline,83.97
R_3EKDuh477LRPL0t,CELLULAR_PHONE_CASE,treatment,9.99
R_3EKDuh477LRPL0t,PET_FOOD,baseline,40.76
R_3EMSI0TXB7sUjN4,DISHWASHER_DETERGENT,baseline,19.99
R_3EMSI0TXB7sUjN4,SHIRT,baseline,17.86
R_3EPPQDreWBHrYIN,CELLULAR_PHONE_CASE,treatment,36.0
R_3EPPQDreWBHrYIN,ELECTRONIC_CABLE,baseline,21.99
R_3EQ2dhEXGhy72Xx,DISHWASHER_DETERGENT,baseline,4.97
R_3EQ2dhEXGhy72Xx,PET_FOOD,baseline,8.68
R_3EQ2dhEXGhy72Xx,SUGAR_CANDY,treatment,4.54
R_3EQJpaOtt2aP8HS,VITAMIN,baseline,8.54
R_3ESEXAc9qI9Kwvu,SHIRT,treatment,13.07
R_3ESuELdvO5mTjxj,CELLULAR_PHONE_CASE,baseline,8.99
R_3EVY4NsMzRR1v2S,ELECTRONIC_CABLE,baseline,7.99
R_3EVY4NsMzRR1v2S,ELECTRONIC_CABLE,treatment,23.98
R_3EVY4NsMzRR1v2S,SAUCE,baseline,5.37
R_3EVY4NsMzRR1v2S,SHIRT,baseline,46.97
R_3EVY4NsMzRR1v2S,SUGAR_CANDY,treatment,18.4
R_3EWk755Ir7OPrZ4,PET_FOOD,treatment,47.79
R_3EWk755Ir7OPrZ4,SHOES,baseline,22.99
R_3EaRonpJ9uBZjbf,HERB,treatment,3.91
R_3EaRonpJ9uBZjbf,PET_FOOD,treatment,61.9
R_3Ebh099lpNz7iC2,ELECTRONIC_CABLE,baseline,8.99
R_3EbttwlSceKvWpl,ELECTRONIC_CABLE,treatment,14.49
R_3Ej8bcREI0F3eu5,CELLULAR_PHONE_CASE,baseline,10.99
R_3Ej8bcREI0F3eu5,PET_FOOD,treatment,9.29
R_3EjukyESzOBwlP3,SHIRT,baseline,23.98
R_3EjukyESzOBwlP3,SHIRT,treatment,9.99
R_3Em4Q2OBHB3m5rz,ADHESIVE_TAPES,baseline,8.0
R_3Em4Q2OBHB3m5rz,COFFEE,treatment,8.55
R_3Em4Q2OBHB3m5rz,ELECTRONIC_CABLE,treatment,9.44
R_3Em4Q2OBHB3m5rz,SKIN_CLEANING_AGENT,baseline,2.79
R_3Em4Q2OBHB3m5rz,VITAMIN,baseline,5.33
R_3EsC5YHmiHe5s54,SHIRT,treatment,19.19
R_3EsC5YHmiHe5s54,SKIN_CLEANING_AGENT,baseline,4.88
R_3EsC5YHmiHe5s54,SKIN_CLEANING_AGENT,treatment,3.76
R_3EstwwBJnGlJRF9,HERB,treatment,9.99
R_3EuLVznxdNt9ygD,ELECTRONIC_CABLE,treatment,12.99
R_3EuLVznxdNt9ygD,HERB,treatment,3.2
R_3EuLVznxdNt9ygD,SHOES,treatment,49.95
R_3F2RsXO9QCVRCrn,VITAMIN,baseline,27.310000000000002
R_3F4cWjtxeQOW5r7,ELECTRONIC_CABLE,treatment,13.99
R_3FLPTTSok3w7jnv,CELLULAR_PHONE_CASE,treatment,34.0
R_3FLPTTSok3w7jnv,PET_FOOD,baseline,49.96
R_3FLPTTSok3w7jnv,PET_FOOD,treatment,25.47
R_3FLPTTSok3w7jnv,SUGAR_CANDY,baseline,5.7
R_3FPeOTnJa3dJ112,HERB,treatment,11.45
R_3FPeOTnJa3dJ112,SKIN_CLEANING_AGENT,treatment,16.25
R_3FPeOTnJa3dJ112,VITAMIN,treatment,10.49
R_3FRSHAzxtL6ifms,ELECTRONIC_CABLE,baseline,9.99
R_3FRSHAzxtL6ifms,SKIN_CLEANING_AGENT,treatment,11.79
R_3FRSHAzxtL6ifms,TOILET_PAPER,baseline,22.25
R_3FRSHAzxtL6ifms,TOILET_PAPER,treatment,22.25
R_3FUNDRuv13pcDZN,ELECTRONIC_CABLE,treatment,13.99
R_3FUNDRuv13pcDZN,SKIN_CLEANING_AGENT,baseline,13.94
R_3FWCS2UtcCmpn3R,ADHESIVE_TAPES,treatment,7.86
R_3FWCS2UtcCmpn3R,CELLULAR_PHONE_CASE,treatment,16.62
R_3FWCS2UtcCmpn3R,COFFEE,treatment,26.07
R_3FWCS2UtcCmpn3R,DISHWASHER_DETERGENT,treatment,19.98
R_3FWCS2UtcCmpn3R,TOILET_PAPER,treatment,29.98
R_3G19QJlvJKiZq7Y,ELECTRONIC_CABLE,baseline,7.99
R_3G19QJlvJKiZq7Y,SHOES,baseline,63.21
R_3G1gYo1d23Zq8Np,ADHESIVE_TAPES,baseline,9.99
R_3G1gYo1d23Zq8Np,ADHESIVE_TAPES,treatment,19.96
R_3G1gYo1d23Zq8Np,FLAVORED_DRINK_CONCENTRATE,baseline,5.99
R_3G1gYo1d23Zq8Np,FRUIT,baseline,37.08
R_3G1gYo1d23Zq8Np,FRUIT,treatment,14.99
R_3G1gYo1d23Zq8Np,HERB,baseline,4.09
R_3G1gYo1d23Zq8Np,PET_FOOD,baseline,69.96
R_3G1gYo1d23Zq8Np,PET_FOOD,treatment,110.57
R_3G1gYo1d23Zq8Np,PROTECTIVE_GLOVE,treatment,40.989999999999995
R_3G1gYo1d23Zq8Np,SKIN_CLEANING_AGENT,baseline,19.12
R_3G1gYo1d23Zq8Np,VITAMIN,baseline,22.6
R_3G1gYo1d23Zq8Np,VITAMIN,treatment,27.85
R_3G1jK0qoLtI09ql,CELLULAR_PHONE_CASE,baseline,15.98
R_3G1jK0qoLtI09ql,CELLULAR_PHONE_CASE,treatment,13.85
R_3G1jK0qoLtI09ql,ELECTRONIC_CABLE,treatment,6.99
R_3G1jK0qoLtI09ql,SCREEN_PROTECTOR,baseline,12.98
R_3G2FrnXm2CdS0gc,VITAMIN,baseline,15.97
R_3G8qdj0XUDaKK0r,PET_FOOD,baseline,119.96
R_3G8qdj0XUDaKK0r,PET_FOOD,treatment,384.34000000000003
R_3GBS8tWaQz8xHPl,PET_FOOD,baseline,53.82
R_3GCXgWFPLgXAuFC,COFFEE,treatment,45.66
R_3GCXgWFPLgXAuFC,PET_FOOD,treatment,6.29
R_3GCXgWFPLgXAuFC,SHIRT,baseline,88.96
R_3GCXgWFPLgXAuFC,SHIRT,treatment,7.0
R_3GCXgWFPLgXAuFC,SKIN_CLEANING_AGENT,baseline,1.88
R_3GCXgWFPLgXAuFC,VITAMIN,treatment,8.01
R_3GD1CL4OyjglmbZ,SHIRT,baseline,41.98
R_3GdZzylMTi2YNBV,SHIRT,baseline,112.94
R_3GdZzylMTi2YNBV,SUGAR_CANDY,baseline,47.19
R_3Ge2RzIsoM2g5lL,SKIN_CLEANING_AGENT,baseline,7.24
R_3Ge2RzIsoM2g5lL,SKIN_CLEANING_AGENT,treatment,6.99
R_3GfYuThn4GzHiWO,CELLULAR_PHONE_CASE,treatment,13.99
R_3GiFHVWzYKHT1F5,FLAVORED_DRINK_CONCENTRATE,baseline,2.99
R_3GiFHVWzYKHT1F5,PET_FOOD,baseline,43.349999999999994
R_3GiFHVWzYKHT1F5,PET_FOOD,treatment,15.97
R_3GiFHVWzYKHT1F5,SHIRT,baseline,16.99
R_3GiWheWDtygg0V2,CELLULAR_PHONE_CASE,baseline,8.95
R_3GiWheWDtygg0V2,COFFEE,baseline,17.04
R_3GiWheWDtygg0V2,PET_FOOD,baseline,81.83
R_3GiWheWDtygg0V2,PET_FOOD,treatment,74.28999999999999
R_3GiWheWDtygg0V2,SCREEN_PROTECTOR,baseline,6.99
R_3GiWheWDtygg0V2,SHIRT,baseline,4.58
R_3GiWheWDtygg0V2,SHIRT,treatment,14.99
R_3GiWheWDtygg0V2,SKIN_CLEANING_AGENT,treatment,4.79
R_3GiWheWDtygg0V2,VITAMIN,baseline,9.04
R_3GkT1UsAPrEwdXE,HERB,baseline,21.78
R_3GkoSjGfb27dcFl,FLAVORED_DRINK_CONCENTRATE,baseline,31.32
R_3GkoSjGfb27dcFl,FLAVORED_DRINK_CONCENTRATE,treatment,17.88
R_3GlmpDF7aCOi9wA,PLANTER,baseline,13.75
R_3GlmpDF7aCOi9wA,SHOES,baseline,19.99
R_3GoVgnf4Ih55nVX,ELECTRONIC_CABLE,treatment,50.4
R_3GoVgnf4Ih55nVX,PET_FOOD,treatment,36.48
R_3GoVgnf4Ih55nVX,PLANTER,treatment,24.99
R_3GoVgnf4Ih55nVX,SCREEN_PROTECTOR,baseline,17.98
R_3GqfePl8gH1VWP1,COFFEE,treatment,35.0
R_3GqfePl8gH1VWP1,PET_FOOD,baseline,29.99
R_3Gvq8BkHNwpHB6L,SCREEN_PROTECTOR,baseline,16.97
R_3GwCCWUgtO6KqAH,CELLULAR_PHONE_CASE,baseline,19.99
R_3Gx4NtSW5BDHYaM,TOILET_PAPER,baseline,22.25
R_3HCGBIUl9rPEwFq,PET_FOOD,baseline,5.28
R_3HLKIA2u3ZnY9lM,PET_FOOD,baseline,104.83999999999999
R_3HLKIA2u3ZnY9lM,PET_FOOD,treatment,68.86
R_3HLKIA2u3ZnY9lM,SHOES,baseline,49.9
R_3HTY4DHoMm8pvu8,ADHESIVE_TAPES,baseline,4.85
R_3HTY4DHoMm8pvu8,ELECTRONIC_CABLE,baseline,11.99
R_3HTY4DHoMm8pvu8,SCREEN_PROTECTOR,baseline,14.97
R_3HTY4DHoMm8pvu8,SHIRT,treatment,22.799999999999997
R_3HTY4DHoMm8pvu8,SHOES,baseline,133.70999999999998
R_3HTY4DHoMm8pvu8,SHOES,treatment,29.95
R_3HTY4DHoMm8pvu8,TOILET_PAPER,baseline,56.9
R_3HTY4DHoMm8pvu8,TOILET_PAPER,treatment,58.98
R_3HTY4DHoMm8pvu8,VITAMIN,baseline,27.82
R_3HTY4DHoMm8pvu8,VITAMIN,treatment,16.28
R_3HUOVBSzChkQaNg,PROTECTIVE_GLOVE,baseline,14.99
R_3HYTI2GoQycZ7pm,CELLULAR_PHONE_CASE,baseline,17.99
R_3HYTI2GoQycZ7pm,TOILET_PAPER,treatment,5.99
R_3HZG1H0F4Gj7CvH,SKIN_CLEANING_AGENT,treatment,14.99
R_3HgZOjGq4Ny969k,CELLULAR_PHONE_CASE,treatment,16.99
R_3Hhlv3A6Jj4ne7z,CELLULAR_PHONE_CASE,treatment,11.99
R_3Hhlv3A6Jj4ne7z,ELECTRONIC_CABLE,baseline,12.99
R_3Hhlv3A6Jj4ne7z,SCREEN_PROTECTOR,treatment,7.99
R_3HhqYe5EEdoWMYK,SHOES,baseline,91.96
R_3HiRrH77MQBmCfY,HERB,baseline,6.99
R_3HiRrH77MQBmCfY,SCREEN_PROTECTOR,baseline,7.99
R_3HiRrH77MQBmCfY,SKIN_CLEANING_AGENT,baseline,10.88
R_3HigTq4itishziE,COFFEE,baseline,15.49
R_3HigTq4itishziE,COFFEE,treatment,15.49
R_3HigTq4itishziE,PLANTER,baseline,16.99
R_3HigTq4itishziE,SHOES,baseline,24.0
R_3Hjj9FarH3Iga6k,ELECTRONIC_CABLE,baseline,7.31
R_3Hjj9FarH3Iga6k,SKIN_CLEANING_AGENT,treatment,6.97
R_3HodEyIPSqvm8b2,PET_FOOD,baseline,15.29
R_3Hphzg7zu04Hgy1,SHIRT,treatment,17.99
R_3Hphzg7zu04Hgy1,TOILET_PAPER,baseline,14.98
R_3HzRfw5sNEvrFRf,ELECTRONIC_CABLE,baseline,6.99
R_3HzhKIwCcybjVbM,VITAMIN,baseline,38.97
R_3I0K5JAKywca6PU,CELLULAR_PHONE_CASE,treatment,8.99
R_3I0K5JAKywca6PU,DISHWASHER_DETERGENT,baseline,14.47
R_3I0K5JAKywca6PU,PET_FOOD,baseline,40.339999999999996
R_3I0K5JAKywca6PU,PET_FOOD,treatment,11.0
R_3IQQB0Dtvv9riqZ,CELLULAR_PHONE_CASE,baseline,8.99
R_3IQQB0Dtvv9riqZ,SHIRT,baseline,15.98
R_3ISSnemD96u33dk,SHOES,baseline,104.95
R_3ISSnemD96u33dk,SUGAR_CANDY,baseline,22.990000000000002
R_3IVPvJMvcpVLLvi,FRUIT,treatment,6.73
R_3IaGUIs83jpQZU4,COFFEE,baseline,24.97
R_3IaWiqm9a2BnlIF,ELECTRONIC_CABLE,baseline,26.96
R_3IaWiqm9a2BnlIF,ELECTRONIC_CABLE,treatment,10.99
R_3IaWiqm9a2BnlIF,SHOES,treatment,41.49
R_3Ib0CpTLQzDVjiC,SCREEN_PROTECTOR,baseline,5.95
R_3Ib0CpTLQzDVjiC,VITAMIN,baseline,6.29
R_3IcW0cCdlMnkeZO,COFFEE,treatment,5.59
R_3IcW0cCdlMnkeZO,ELECTRONIC_CABLE,baseline,5.6
R_3IcW0cCdlMnkeZO,ELECTRONIC_CABLE,treatment,19.67
R_3IcW0cCdlMnkeZO,FRUIT,treatment,2.99
R_3IcaxjmR6Rttxu2,ELECTRONIC_CABLE,treatment,14.49
R_3IsVeutDyfOL4I1,COFFEE,baseline,121.62
R_3IsVeutDyfOL4I1,COFFEE,treatment,87.14999999999999
R_3IsVeutDyfOL4I1,DISHWARE_PLATE,baseline,8.83
R_3IsVeutDyfOL4I1,FRUIT,baseline,31.720000000000002
R_3IsVeutDyfOL4I1,FRUIT,treatment,25.64
R_3IsVeutDyfOL4I1,HERB,baseline,0.79
R_3IsVeutDyfOL4I1,SHIRT,baseline,54.97
R_3IsVeutDyfOL4I1,SHOES,baseline,64.14
R_3IsVeutDyfOL4I1,SKIN_CLEANING_AGENT,baseline,4.19
R_3IsVeutDyfOL4I1,SKIN_CLEANING_AGENT,treatment,8.18
R_3IsVeutDyfOL4I1,TOILET_PAPER,treatment,12.48
R_3J4ALTpmi7dKg9w,ELECTRONIC_CABLE,treatment,33.96
R_3J4ALTpmi7dKg9w,SUGAR_CANDY,baseline,10.95
R_3J8UIMbwljBx6df,SHIRT,baseline,69.97
R_3J8UIMbwljBx6df,SHOES,baseline,53.59
R_3J8UIMbwljBx6df,VITAMIN,baseline,9.8
R_3J8fmsKlTE846m6,COFFEE,baseline,64.56
R_3J8fmsKlTE846m6,PET_FOOD,baseline,52.99
R_3J8fmsKlTE846m6,PET_FOOD,treatment,65.39
R_3J8fmsKlTE846m6,SHIRT,treatment,34.730000000000004
R_3J8fmsKlTE846m6,SHOES,treatment,99.96
R_3JErJ9sCmGtlJ5a,PROTECTIVE_GLOVE,treatment,18.24
R_3JErJ9sCmGtlJ5a,SCREEN_PROTECTOR,treatment,5.99
R_3JErJ9sCmGtlJ5a,SKIN_CLEANING_AGENT,baseline,15.96
R_3JErJ9sCmGtlJ5a,SKIN_CLEANING_AGENT,treatment,9.97
R_3JF2ybHtRoivZJX,SHIRT,baseline,15.99
R_3JF2ybHtRoivZJX,SHOES,baseline,101.08
R_3JIBjVcP4lFnfyw,SHIRT,baseline,14.99
R_3JIBjVcP4lFnfyw,SHOES,baseline,171.14000000000001
R_3JJfhp7Z7vUO8K2,ADHESIVE_TAPES,baseline,9.99
R_3JJfhp7Z7vUO8K2,PET_FOOD,baseline,4.89
R_3JJfhp7Z7vUO8K2,SHIRT,baseline,34.92
R_3JJfhp7Z7vUO8K2,SHOES,treatment,13.99
R_3JK3aP5uRxffXiy,SHOES,treatment,114.9
R_3JLAhdJnyyhPjVz,SHIRT,baseline,20.99
R_3JLyTBgWGl9Cl4Y,VITAMIN,baseline,9.12
R_3JLyTBgWGl9Cl4Y,VITAMIN,treatment,8.99
R_3JeCQU6faeEMOg5,DISHWASHER_DETERGENT,baseline,12.49
R_3JeCQU6faeEMOg5,PET_FOOD,baseline,216.26
R_3JeCQU6faeEMOg5,PET_FOOD,treatment,49.18
R_3JeIGQh3DalGv3u,SAUCE,baseline,8.48
R_3Jf3gqwVuaLfVPJ,SCREEN_PROTECTOR,baseline,4.98
R_3Jf3gqwVuaLfVPJ,SHOES,treatment,22.59
R_3Jf3gqwVuaLfVPJ,SKIN_CLEANING_AGENT,baseline,5.88
R_3JgTD4MtLbi3fNJ,PET_FOOD,treatment,59.94
R_3JjRmgOh3ZydDiW,TOILET_PAPER,treatment,16.42
R_3Jklf2dJGUb6Q1l,DISHWARE_PLATE,baseline,21.11
R_3Jklf2dJGUb6Q1l,ELECTRONIC_CABLE,baseline,15.99
R_3Jklf2dJGUb6Q1l,SAUCE,baseline,20.98
R_3Jl5q6tZJctgL8B,PET_FOOD,baseline,10.52
R_3Jl5q6tZJctgL8B,PET_FOOD,treatment,25.84
R_3Jl5q6tZJctgL8B,VITAMIN,treatment,10.99
R_3JnjKsPAuFGDhrx,ELECTRONIC_CABLE,baseline,5.99
R_3JnjKsPAuFGDhrx,PET_FOOD,baseline,8.24
R_3JnjKsPAuFGDhrx,PET_FOOD,treatment,8.24
R_3JnjKsPAuFGDhrx,SHIRT,baseline,27.49
R_3Jq0a5Bn6y6pYKy,ELECTRONIC_CABLE,baseline,55.6
R_3Jq0a5Bn6y6pYKy,PLANTER,treatment,25.99
R_3Jq0a5Bn6y6pYKy,SHIRT,baseline,13.98
R_3JqPfcG88XblHuE,COFFEE,treatment,8.56
R_3JqPfcG88XblHuE,DISHWASHER_DETERGENT,baseline,11.31
R_3JqPfcG88XblHuE,SCREEN_PROTECTOR,treatment,3.99
R_3JqPfcG88XblHuE,VITAMIN,baseline,10.99
R_3JqPfcG88XblHuE,VITAMIN,treatment,8.47
R_3Jx8193TYiav93D,PET_FOOD,treatment,8.92
R_3Jxiicg67etW2yt,COFFEE,baseline,22.44
R_3Jxiicg67etW2yt,COFFEE,treatment,11.22
R_3Jxiicg67etW2yt,PET_FOOD,baseline,23.99
R_3Jxiicg67etW2yt,SHIRT,baseline,17.68
R_3Jxiicg67etW2yt,SKIN_CLEANING_AGENT,baseline,37.5
R_3Jxiicg67etW2yt,SUGAR_CANDY,baseline,15.0
R_3Jxiicg67etW2yt,TOILET_PAPER,baseline,18.94
R_3Jxiicg67etW2yt,VITAMIN,baseline,29.94
R_3KCUnPI9FEz7vTo,ELECTRONIC_CABLE,treatment,10.99
R_3KCUnPI9FEz7vTo,VITAMIN,baseline,24.95
R_3KHiP9QpzA2COVL,SKIN_CLEANING_AGENT,baseline,13.64
R_3KI0Q5yJYxm1woD,ELECTRONIC_CABLE,baseline,8.49
R_3KI0m2aJJXPqdBf,PET_FOOD,baseline,34.98
R_3KI0m2aJJXPqdBf,SKIN_CLEANING_AGENT,baseline,19.88
R_3KO24XmGqUIwMZH,PROTECTIVE_GLOVE,baseline,8.76
R_3KO24XmGqUIwMZH,SHIRT,baseline,52.96
R_3KO24XmGqUIwMZH,VITAMIN,treatment,29.97
R_3KUPxp6T7nvXjXB,COFFEE,baseline,6.18
R_3KUPxp6T7nvXjXB,COFFEE,treatment,10.47
R_3KUPxp6T7nvXjXB,ELECTRONIC_CABLE,treatment,9.95
R_3KUPxp6T7nvXjXB,FRUIT,baseline,21.4
R_3KUPxp6T7nvXjXB,FRUIT,treatment,26.61
R_3KUPxp6T7nvXjXB,PET_FOOD,baseline,34.94
R_3KUPxp6T7nvXjXB,PET_FOOD,treatment,25.939999999999998
R_3KUPxp6T7nvXjXB,SAUCE,baseline,4.79
R_3KUPxp6T7nvXjXB,SAUCE,treatment,7.67
R_3KUPxp6T7nvXjXB,VITAMIN,baseline,34.44
R_3KpaTa6zCZitiZG,ADHESIVE_TAPES,baseline,3.62
R_3KpaTa6zCZitiZG,COFFEE,baseline,14.63
R_3KpaTa6zCZitiZG,COFFEE,treatment,15.65
R_3KpaTa6zCZitiZG,FLAVORED_DRINK_CONCENTRATE,baseline,2.98
R_3KpaTa6zCZitiZG,FLAVORED_DRINK_CONCENTRATE,treatment,25.97
R_3KpaTa6zCZitiZG,PET_FOOD,baseline,49.56
R_3KpaTa6zCZitiZG,PET_FOOD,treatment,33.78
R_3KpaTa6zCZitiZG,SHIRT,baseline,13.0
R_3KpaTa6zCZitiZG,SKIN_CLEANING_AGENT,treatment,18.58
R_3KpaTa6zCZitiZG,VITAMIN,baseline,9.77
R_3Krt2nhd2oxJXSf,ELECTRONIC_CABLE,baseline,9.99
R_3Krt2nhd2oxJXSf,SKIN_CLEANING_AGENT,baseline,6.47
R_3KvgBFUDLrixRfk,SHOES,baseline,108.88
R_3KxaCMXQTDz1Z7P,ADHESIVE_TAPES,baseline,9.99
R_3KxaCMXQTDz1Z7P,COFFEE,treatment,14.99
R_3KxaCMXQTDz1Z7P,ELECTRONIC_CABLE,baseline,11.04
R_3L20DbmNPSMtKUd,CELLULAR_PHONE_CASE,treatment,47.97
R_3L20DbmNPSMtKUd,ELECTRONIC_CABLE,treatment,8.99
R_3L20DbmNPSMtKUd,PET_FOOD,treatment,106.25
R_3L20DbmNPSMtKUd,SCREEN_PROTECTOR,treatment,7.95
R_3L20DbmNPSMtKUd,SHIRT,baseline,14.99
R_3L5tSFlgKbeAW9k,ELECTRONIC_CABLE,baseline,10.99
R_3L8dgu12mdk2UVH,PET_FOOD,baseline,30.380000000000003
R_3L8dgu12mdk2UVH,PET_FOOD,treatment,34.35
R_3L8dgu12mdk2UVH,TOILET_PAPER,treatment,19.99
R_3LXRVZSdJiqH63S,ELECTRONIC_CABLE,treatment,17.99
R_3LXRVZSdJiqH63S,SKIN_CLEANING_AGENT,treatment,9.0
R_3LXRVZSdJiqH63S,SUGAR_CANDY,treatment,7.9
R_3LXRVZSdJiqH63S,VITAMIN,baseline,10.29
R_3LXRVZSdJiqH63S,VITAMIN,treatment,5.99
R_3LYdNmkHeiaf2h0,PET_FOOD,baseline,124.78
R_3LYdNmkHeiaf2h0,PET_FOOD,treatment,24.99
R_3LYdNmkHeiaf2h0,SCREEN_PROTECTOR,baseline,7.78
R_3LigPLmiinkglRk,ADHESIVE_TAPES,baseline,23.98
R_3LigPLmiinkglRk,SHOES,baseline,29.99
R_3M0euO2kPnoHrdt,CELLULAR_PHONE_CASE,baseline,31.01
R_3M0euO2kPnoHrdt,SCREEN_PROTECTOR,baseline,5.99
R_3M0euO2kPnoHrdt,SKIN_CLEANING_AGENT,baseline,19.97
R_3M0euO2kPnoHrdt,SUGAR_CANDY,baseline,39.290000000000006
R_3M0euO2kPnoHrdt,TOILET_PAPER,baseline,27.49
R_3M0euO2kPnoHrdt,VITAMIN,baseline,15.95
R_3M39OCZGobXG2AN,COFFEE,baseline,40.99
R_3M39OCZGobXG2AN,COFFEE,treatment,47.98
R_3M39OCZGobXG2AN,PET_FOOD,baseline,13.22
R_3M39OCZGobXG2AN,PET_FOOD,treatment,19.98
R_3M3RSZ7wNRSaxNx,ELECTRONIC_CABLE,baseline,15.99
R_3M3vVQ0TvPk2NfE,ELECTRONIC_CABLE,baseline,4.94
R_3MDuxAwvPypEk9z,ELECTRONIC_CABLE,treatment,9.99
R_3MECZcMuape9CCg,PLANTER,treatment,22.99
R_3MGNtEcAhhmZgxr,SHOES,treatment,66.0
R_3MJrG4eo3Iyv7S6,CELLULAR_PHONE_CASE,baseline,13.99
R_3MJrG4eo3Iyv7S6,ELECTRONIC_CABLE,baseline,8.99
R_3MJrG4eo3Iyv7S6,SCREEN_PROTECTOR,baseline,25.66
R_3MJrG4eo3Iyv7S6,SCREEN_PROTECTOR,treatment,7.85
R_3MMW2ivCFCtjHIe,COFFEE,baseline,26.400000000000002
R_3MMW2ivCFCtjHIe,COFFEE,treatment,9.98
R_3MMW2ivCFCtjHIe,PET_FOOD,baseline,82.22
R_3MMW2ivCFCtjHIe,PET_FOOD,treatment,45.32
R_3MMW2ivCFCtjHIe,SAUCE,baseline,30.810000000000002
R_3MMW2ivCFCtjHIe,SKIN_CLEANING_AGENT,baseline,8.99
R_3Mc9nZhk6fg7b8z,ADHESIVE_TAPES,baseline,4.84
R_3Mc9nZhk6fg7b8z,SCREEN_PROTECTOR,treatment,5.39
R_3MhBAq6V6XHU9ln,ADHESIVE_TAPES,treatment,3.92
R_3MhBAq6V6XHU9ln,CELLULAR_PHONE_CASE,treatment,19.99
R_3MhBAq6V6XHU9ln,SUGAR_CANDY,treatment,30.99
R_3Mli97JX0WeLIos,PET_FOOD,treatment,20.97
R_3MnSLQdJkly3wfg,CELLULAR_PHONE_CASE,baseline,15.89
R_3MnSLQdJkly3wfg,PROTECTIVE_GLOVE,treatment,15.15
R_3MnSLQdJkly3wfg,SAUCE,treatment,3.84
R_3MnSLQdJkly3wfg,SHOES,baseline,29.99
R_3MnSLQdJkly3wfg,SKIN_CLEANING_AGENT,treatment,34.870000000000005
R_3MncA46G8CO8juo,CELLULAR_PHONE_CASE,treatment,13.99
R_3MncA46G8CO8juo,PET_FOOD,treatment,18.05
R_3MncA46G8CO8juo,VITAMIN,baseline,6.83
R_3MncA46G8CO8juo,VITAMIN,treatment,8.19
R_3MsYhJbREPDB9fd,SHOES,baseline,49.95
R_3MtDVQQzrp3Cm8d,ELECTRONIC_CABLE,baseline,6.99
R_3MtYWGuKtrJSCBg,ELECTRONIC_CABLE,baseline,5.97
R_3MyEdXOZ8P75S1V,CELLULAR_PHONE_CASE,baseline,18.98
R_3MyEdXOZ8P75S1V,PROTECTIVE_GLOVE,treatment,45.45
R_3MyEdXOZ8P75S1V,SCREEN_PROTECTOR,baseline,5.95
R_3MyEdXOZ8P75S1V,SHOES,treatment,12.5
R_3MyEdXOZ8P75S1V,SKIN_CLEANING_AGENT,treatment,20.97
R_3MzDO7u2oOPlJtF,SCREEN_PROTECTOR,treatment,7.47
R_3NDry1LyvCgVPFI,ADHESIVE_TAPES,baseline,15.99
R_3NDry1LyvCgVPFI,PET_FOOD,baseline,55.97
R_3NDry1LyvCgVPFI,PET_FOOD,treatment,48.99
R_3NEx511sPB1RbrL,ELECTRONIC_CABLE,treatment,7.99
R_3NFfURTsheBe5et,PET_FOOD,baseline,12.99
R_3NFfURTsheBe5et,SHIRT,baseline,12.99
R_3NFfURTsheBe5et,SHOES,baseline,46.9
R_3NFfURTsheBe5et,SHOES,treatment,64.99
R_3NFfURTsheBe5et,SKIN_CLEANING_AGENT,baseline,15.92
R_3NFfURTsheBe5et,SUGAR_CANDY,baseline,22.340000000000003
R_3NFfURTsheBe5et,VITAMIN,treatment,15.99
R_3NFhCSnuJa54Jn3,HERB,treatment,17.99
R_3NFhCSnuJa54Jn3,PROTECTIVE_GLOVE,treatment,15.99
R_3NFoQj51yPZZy6Y,FRUIT,treatment,3.99
R_3NHPsnCWAEa4CFk,SHOES,baseline,310.39
R_3NHPsnCWAEa4CFk,TOILET_PAPER,treatment,21.98
R_3NJWgs2w8GaQvxX,CELLULAR_PHONE_CASE,baseline,12.99
R_3NJWgs2w8GaQvxX,SCREEN_PROTECTOR,baseline,6.99
R_3NO5X4vYETLCQOg,ADHESIVE_TAPES,treatment,4.8
R_3NO5X4vYETLCQOg,ELECTRONIC_CABLE,baseline,5.83
R_3NO5X4vYETLCQOg,PET_FOOD,baseline,49.71
R_3NO5X4vYETLCQOg,PET_FOOD,treatment,230.99
R_3NO5X4vYETLCQOg,SKIN_CLEANING_AGENT,treatment,6.46
R_3NPnW7ko8nPUh0O,COFFEE,baseline,57.31
R_3NPnW7ko8nPUh0O,COFFEE,treatment,15.49
R_3NPnW7ko8nPUh0O,DISHWASHER_DETERGENT,baseline,36.959999999999994
R_3NQyjCbeWDx3POa,ADHESIVE_TAPES,baseline,9.49
R_3NQyjCbeWDx3POa,SKIN_CLEANING_AGENT,baseline,62.0
R_3NX1XMFeTwLlCt1,PET_FOOD,baseline,12.98
R_3NX1XMFeTwLlCt1,SCREEN_PROTECTOR,baseline,7.99
R_3NX1XMFeTwLlCt1,SHOES,baseline,110.19
R_3NX1XMFeTwLlCt1,SKIN_CLEANING_AGENT,baseline,15.95
R_3NwUrzA3eAsS3xO,SHIRT,baseline,19.99
R_3Ny7LIDPzlosF9p,CELLULAR_PHONE_CASE,treatment,43.31
R_3O1Xa8BQE2mdyzX,SUGAR_CANDY,baseline,43.98
R_3O2Hrt1JCQeiPEN,DISHWARE_PLATE,treatment,18.75
R_3O2Hrt1JCQeiPEN,FLAVORED_DRINK_CONCENTRATE,treatment,19.56
R_3O2Hrt1JCQeiPEN,PET_FOOD,baseline,241.56
R_3O2Hrt1JCQeiPEN,PET_FOOD,treatment,128.22
R_3O2Hrt1JCQeiPEN,SHOES,treatment,32.99
R_3O2Hrt1JCQeiPEN,SKIN_CLEANING_AGENT,baseline,11.82
R_3O2Hrt1JCQeiPEN,SUGAR_CANDY,baseline,12.15
R_3O2Hrt1JCQeiPEN,TOILET_PAPER,baseline,14.98
R_3O2Hrt1JCQeiPEN,TOILET_PAPER,treatment,22.25
R_3O7heagIMZY2HnD,PLANTER,baseline,13.99
R_3O9aPnM7ixjsbYK,COFFEE,treatment,33.99
R_3O9chQITD8LhmdS,SHIRT,baseline,179.93
R_3O9chQITD8LhmdS,SHIRT,treatment,72.96
R_3OcPFnYHBC8wrZe,CELLULAR_PHONE_CASE,treatment,7.99
R_3OcPFnYHBC8wrZe,TOILET_PAPER,treatment,54.98
R_3OcdDAmMMZQ0LEr,ELECTRONIC_CABLE,baseline,81.45
R_3OcdDAmMMZQ0LEr,ELECTRONIC_CABLE,treatment,8.85
R_3OfzFpZ2ea8383J,CELLULAR_PHONE_CASE,baseline,12.99
R_3OfzFpZ2ea8383J,SHIRT,baseline,10.99
R_3OiAK9V155cWEsy,CELLULAR_PHONE_CASE,baseline,11.99
R_3OiAK9V155cWEsy,SCREEN_PROTECTOR,baseline,10.99
R_3OiAK9V155cWEsy,SCREEN_PROTECTOR,treatment,7.99
R_3OkQef19KXJJE3U,SCREEN_PROTECTOR,treatment,6.69
R_3OluT425fgz9KxA,FLAVORED_DRINK_CONCENTRATE,treatment,35.15
R_3OluT425fgz9KxA,FRUIT,baseline,2.04
R_3OluT425fgz9KxA,HERB,baseline,0.99
R_3Or9OOyX38WzqCd,PET_FOOD,baseline,35.69
R_3P4w0wUKMuoJhEl,CELLULAR_PHONE_CASE,baseline,12.9
R_3P4w0wUKMuoJhEl,PET_FOOD,baseline,13.99
R_3P4w0wUKMuoJhEl,SAUCE,baseline,20.98
R_3P4w0wUKMuoJhEl,SCREEN_PROTECTOR,baseline,7.99
R_3P4w0wUKMuoJhEl,SHOES,treatment,44.95
R_3P4w0wUKMuoJhEl,SKIN_CLEANING_AGENT,treatment,25.97
R_3PAyJj7mQvMzMco,PET_FOOD,baseline,5.99
R_3PAyJj7mQvMzMco,SHOES,baseline,57.0
R_3PAyJj7mQvMzMco,SUGAR_CANDY,baseline,41.34
R_3PAyJj7mQvMzMco,VITAMIN,treatment,14.13
R_3PEU95PbgCXrIQl,CELLULAR_PHONE_CASE,baseline,29.57
R_3PEU95PbgCXrIQl,ELECTRONIC_CABLE,baseline,9.99
R_3PEU95PbgCXrIQl,SCREEN_PROTECTOR,baseline,6.88
R_3PF5obiVCGW1AU1,ADHESIVE_TAPES,baseline,5.94
R_3PF5obiVCGW1AU1,PET_FOOD,treatment,31.08
R_3PF5obiVCGW1AU1,SHIRT,baseline,26.75
R_3PF5obiVCGW1AU1,SHIRT,treatment,65.94
R_3PF5obiVCGW1AU1,SKIN_CLEANING_AGENT,treatment,6.89
R_3PF5obiVCGW1AU1,VITAMIN,treatment,7.38
R_3PKSsK5msA6hRyC,CELLULAR_PHONE_CASE,baseline,25.98
R_3PKSsK5msA6hRyC,PROTECTIVE_GLOVE,treatment,29.4
R_3PKSsK5msA6hRyC,SCREEN_PROTECTOR,treatment,8.89
R_3PKSsK5msA6hRyC,SKIN_CLEANING_AGENT,treatment,29.97
R_3PKSsK5msA6hRyC,VITAMIN,treatment,21.98
R_3PRLxszObeZONhd,HERB,baseline,9.0
R_3PTW4l8uG9RR8ea,PET_FOOD,treatment,36.98
R_3PTW4l8uG9RR8ea,SHOES,baseline,26.04
R_3PTYPbg6N9x8PBX,SHIRT,baseline,20.98
R_3PTYPbg6N9x8PBX,SHOES,baseline,29.99
R_3PTYPbg6N9x8PBX,SHOES,treatment,20.65
R_3PUi8o2if0JqKfl,ELECTRONIC_CABLE,baseline,24.46
R_3PUi8o2if0JqKfl,PROTECTIVE_GLOVE,baseline,49.199999999999996
R_3PUi8o2if0JqKfl,VITAMIN,treatment,12.22
R_3PZvezr4ITRkiKV,DISHWARE_PLATE,baseline,1.79
R_3PZvezr4ITRkiKV,HERB,baseline,3.14
R_3PZvezr4ITRkiKV,PET_FOOD,baseline,6.11
R_3PZvezr4ITRkiKV,PET_FOOD,treatment,9.41
R_3PZvezr4ITRkiKV,SAUCE,treatment,1.49
R_3Pb3ZhTNEh2L1XI,ADHESIVE_TAPES,baseline,11.59
R_3Pb3ZhTNEh2L1XI,SHOES,baseline,9.99
R_3Pb3ZhTNEh2L1XI,SKIN_CLEANING_AGENT,baseline,15.0
R_3PbL63xQilAzpWi,DISHWASHER_DETERGENT,baseline,16.97
R_3PbL63xQilAzpWi,SHOES,baseline,155.93
R_3PbL63xQilAzpWi,SKIN_CLEANING_AGENT,baseline,9.8
R_3PbL63xQilAzpWi,SUGAR_CANDY,baseline,63.92
R_3PbL63xQilAzpWi,TOILET_PAPER,baseline,26.24
R_3Pc1ZZfNy58AvgE,ELECTRONIC_CABLE,baseline,6.99
R_3PcameSHVD10BZP,COFFEE,baseline,28.3
R_3PcameSHVD10BZP,FLAVORED_DRINK_CONCENTRATE,treatment,12.34
R_3PcameSHVD10BZP,TOILET_PAPER,treatment,79.95
R_3PjHFe8fwwlXvCE,ELECTRONIC_CABLE,baseline,11.16
R_3PjHFe8fwwlXvCE,SUGAR_CANDY,baseline,24.97
R_3PjHFe8fwwlXvCE,VITAMIN,treatment,23.97
R_3Pp1NX5epN3lIb4,CELLULAR_PHONE_CASE,treatment,29.07
R_3Pp1NX5epN3lIb4,SHIRT,baseline,99.82000000000001
R_3PsF7MAkW3WdDqF,CELLULAR_PHONE_CASE,baseline,11.99
R_3PsF7MAkW3WdDqF,ELECTRONIC_CABLE,baseline,23.17
R_3PsF7MAkW3WdDqF,PET_FOOD,baseline,8.99
R_3PtxzLolCt3lmBm,SHOES,baseline,29.99
R_3PvFbT0TE2uKxjr,SHIRT,treatment,15.99
R_3Pwa112XZRRejbA,SHIRT,baseline,15.99
R_3PzBYWWdOt4AHEK,TOILET_PAPER,baseline,22.25
R_3QGLgxsFPE90Rle,CELLULAR_PHONE_CASE,baseline,12.99
R_3QGLgxsFPE90Rle,SCREEN_PROTECTOR,baseline,5.99
R_3QGLgxsFPE90Rle,SHIRT,baseline,44.370000000000005
R_3QGLgxsFPE90Rle,SHIRT,treatment,24.64
R_3QGLgxsFPE90Rle,VITAMIN,baseline,12.9
R_3QGLgxsFPE90Rle,VITAMIN,treatment,8.47
R_3QJoJ7B0hhY5b35,SHOES,treatment,21.99
R_3QJoJ7B0hhY5b35,SKIN_CLEANING_AGENT,baseline,5.39
R_3QKpKKG8iYUlGRz,SHOES,treatment,16.99
R_3QKrCMtmbxM5bhm,CELLULAR_PHONE_CASE,treatment,24.99
R_3QKrCMtmbxM5bhm,SCREEN_PROTECTOR,treatment,5.95
R_3QPk8nnI1s8wilh,PET_FOOD,baseline,10.74
R_3QQNjQSqHgdtjNM,SKIN_CLEANING_AGENT,treatment,4.97
R_3QQNjQSqHgdtjNM,TOILET_PAPER,baseline,22.25
R_3QVFRYnb5ltd95Y,SKIN_CLEANING_AGENT,baseline,6.99
R_3QWPI81N7eJPgeK,COFFEE,treatment,29.99
R_3QWPI81N7eJPgeK,SUGAR_CANDY,baseline,13.98
R_3QtdtxnX6fJnkNr,FRUIT,treatment,5.99
R_3QtdtxnX6fJnkNr,SKIN_CLEANING_AGENT,treatment,9.64
R_3R1KauXYVqtTkec,CELLULAR_PHONE_CASE,baseline,18.490000000000002
R_3R1KauXYVqtTkec,SHIRT,baseline,21.95
R_3R1KauXYVqtTkec,VITAMIN,baseline,11.97
R_3R3FfvTaRKxigNl,ELECTRONIC_CABLE,treatment,23.939999999999998
R_3R3FfvTaRKxigNl,SCREEN_PROTECTOR,baseline,7.58
R_3R4b0PxgHJiXxVD,CELLULAR_PHONE_CASE,baseline,22.78
R_3R4b0PxgHJiXxVD,CELLULAR_PHONE_CASE,treatment,15.99
R_3R4b0PxgHJiXxVD,DISHWARE_PLATE,baseline,29.99
R_3R4b0PxgHJiXxVD,DISHWASHER_DETERGENT,treatment,43.5
R_3R4b0PxgHJiXxVD,ELECTRONIC_CABLE,baseline,9.99
R_3R4b0PxgHJiXxVD,FLAVORED_DRINK_CONCENTRATE,baseline,6.94
R_3R4b0PxgHJiXxVD,PET_FOOD,baseline,11.64
R_3R4b0PxgHJiXxVD,PET_FOOD,treatment,11.64
R_3R4b0PxgHJiXxVD,SAUCE,treatment,14.52
R_3R4b0PxgHJiXxVD,SKIN_CLEANING_AGENT,treatment,2.19
R_3R4b0PxgHJiXxVD,VITAMIN,baseline,241.49
R_3R4b0PxgHJiXxVD,VITAMIN,treatment,209.81
R_3R8F2ljXMFXkGjC,ELECTRONIC_CABLE,baseline,32.7
R_3RdwBHMlPoUSOeR,PET_FOOD,treatment,48.78
R_3RfLXprdb86h0Lg,PET_FOOD,baseline,3.99
R_3RfLXprdb86h0Lg,TOILET_PAPER,treatment,24.62
R_3RkfNRfoCRk7p4x,DISHWARE_PLATE,treatment,15.65
R_3RkfNRfoCRk7p4x,FRUIT,treatment,1.18
R_3RkfNRfoCRk7p4x,HERB,treatment,4.77
R_3RkfNRfoCRk7p4x,PET_FOOD,treatment,17.58
R_3RkfNRfoCRk7p4x,SAUCE,treatment,2.94
R_3RkfNRfoCRk7p4x,SKIN_CLEANING_AGENT,treatment,7.97
R_3RkfNRfoCRk7p4x,VITAMIN,treatment,13.55
R_3RlIs1mAg1ZxULf,ELECTRONIC_CABLE,baseline,23.99
R_3RlPEZTmXzHZR6d,PET_FOOD,baseline,4.7
R_3Rlrr05USyXOeP7,SUGAR_CANDY,baseline,16.28
R_3Rlrr05USyXOeP7,TOILET_PAPER,treatment,29.23
R_3RmDOazalOu0F1L,PET_FOOD,baseline,12.99
R_3RmDOazalOu0F1L,SCREEN_PROTECTOR,treatment,15.98
R_3RmDOazalOu0F1L,SKIN_CLEANING_AGENT,treatment,6.79
R_3RpTNwsri1SSxeL,PET_FOOD,baseline,31.43
R_3RpTNwsri1SSxeL,PET_FOOD,treatment,28.42
R_3RpTNwsri1SSxeL,SHIRT,baseline,25.99
R_3Rr4DxDCdJFlHWR,DISHWARE_PLATE,baseline,15.49
R_3Rr4DxDCdJFlHWR,HERB,baseline,8.79
R_3Rr4DxDCdJFlHWR,PET_FOOD,baseline,33.97
R_3Rr4DxDCdJFlHWR,PET_FOOD,treatment,29.880000000000003
R_3Rr4DxDCdJFlHWR,SHOES,baseline,30.0
R_3Rr4DxDCdJFlHWR,VITAMIN,treatment,40.93
R_3Rw3zbPPknpjGh7,SHOES,baseline,48.95
R_3Rxv98PtW7DR9FN,ELECTRONIC_CABLE,baseline,6.49
R_3VRB9w5rAtqNoWt,SHIRT,treatment,5.67
R_3VRB9w5rAtqNoWt,VITAMIN,baseline,27.36
R_3VRB9w5rAtqNoWt,VITAMIN,treatment,18.76
R_3dE0RfwcH9QtTAr,COFFEE,baseline,31.96
R_3dE0RfwcH9QtTAr,COFFEE,treatment,29.88
R_3dE0RfwcH9QtTAr,PET_FOOD,baseline,6.39
R_3dE0RfwcH9QtTAr,PET_FOOD,treatment,5.43
R_3dE0RfwcH9QtTAr,SUGAR_CANDY,baseline,25.99
R_3dLIoluOWx9n4OG,ELECTRONIC_CABLE,baseline,11.99
R_3dMxsHfafDTHD6U,ADHESIVE_TAPES,baseline,9.79
R_3dRHP3N2CoZgNAg,PET_FOOD,baseline,74.45
R_3dRHP3N2CoZgNAg,VITAMIN,treatment,24.35
R_3dVMhrjV0qUkHSh,CELLULAR_PHONE_CASE,baseline,8.99
R_3dVMhrjV0qUkHSh,SCREEN_PROTECTOR,baseline,16.78
R_3dXndudJQLQ2S3A,CELLULAR_PHONE_CASE,baseline,11.99
R_3e5g4lvddcnjkoZ,ADHESIVE_TAPES,baseline,3.19
R_3e5g4lvddcnjkoZ,CELLULAR_PHONE_CASE,baseline,9.97
R_3e5g4lvddcnjkoZ,COFFEE,treatment,9.68
R_3e5g4lvddcnjkoZ,DISHWASHER_DETERGENT,treatment,8.49
R_3e5g4lvddcnjkoZ,FLAVORED_DRINK_CONCENTRATE,treatment,2.48
R_3e5g4lvddcnjkoZ,FRUIT,treatment,3.22
R_3e5g4lvddcnjkoZ,HERB,treatment,5.49
R_3e5g4lvddcnjkoZ,PET_FOOD,baseline,191.14
R_3e5g4lvddcnjkoZ,PET_FOOD,treatment,158.17000000000002
R_3e5g4lvddcnjkoZ,SAUCE,treatment,5.300000000000001
R_3e5g4lvddcnjkoZ,SHOES,treatment,16.73
R_3e5g4lvddcnjkoZ,TOILET_PAPER,baseline,22.79
R_3e5g4lvddcnjkoZ,TOILET_PAPER,treatment,11.93
R_3e5g4lvddcnjkoZ,VITAMIN,baseline,28.16
R_3e82J7pYxj5XP7j,ADHESIVE_TAPES,baseline,20.07
R_3e8qukcDiaT0D0g,PET_FOOD,baseline,33.98
R_3e8qukcDiaT0D0g,PET_FOOD,treatment,24.98
R_3e9NFDI84UCZTxa,FLAVORED_DRINK_CONCENTRATE,baseline,16.77
R_3e9ssv3i0aocZ2B,ELECTRONIC_CABLE,baseline,69.0
R_3e9ssv3i0aocZ2B,SHIRT,baseline,62.48
R_3e9ssv3i0aocZ2B,SHIRT,treatment,79.96
R_3e9ssv3i0aocZ2B,VITAMIN,baseline,39.37
R_3e9ssv3i0aocZ2B,VITAMIN,treatment,24.95
R_3ebnP0qUIQ7u38i,TOILET_PAPER,baseline,31.49
R_3eehQVQNcKmEJtd,SHOES,baseline,69.97
R_3eehQVQNcKmEJtd,SKIN_CLEANING_AGENT,baseline,27.94
R_3eh02tn8YjYcUoE,ADHESIVE_TAPES,baseline,6.95
R_3eh02tn8YjYcUoE,ELECTRONIC_CABLE,baseline,7.95
R_3eh02tn8YjYcUoE,SKIN_CLEANING_AGENT,baseline,14.95
R_3ehrwNfhcQWj8vd,ADHESIVE_TAPES,baseline,12.5
R_3ehrwNfhcQWj8vd,SHOES,treatment,33.71
R_3ek2QZ6sOxVMUof,FRUIT,baseline,7.76
R_3ek2QZ6sOxVMUof,FRUIT,treatment,4.44
R_3ek2QZ6sOxVMUof,PET_FOOD,baseline,5.76
R_3ek2QZ6sOxVMUof,PET_FOOD,treatment,10.42
R_3ek2QZ6sOxVMUof,SAUCE,baseline,1.99
R_3ek2QZ6sOxVMUof,SAUCE,treatment,2.29
R_3ek9YZGdsDHjUZf,ELECTRONIC_CABLE,baseline,25.130000000000003
R_3ek9YZGdsDHjUZf,PET_FOOD,baseline,62.88
R_3ek9YZGdsDHjUZf,PET_FOOD,treatment,77.72
R_3ek9YZGdsDHjUZf,SAUCE,treatment,29.99
R_3ek9YZGdsDHjUZf,SHOES,baseline,170.7
R_3emMy2Kk6GA8xPd,COFFEE,treatment,99.13
R_3emMy2Kk6GA8xPd,SCREEN_PROTECTOR,treatment,12.940000000000001
R_3emgkqNhDINyGIr,ELECTRONIC_CABLE,baseline,4.47
R_3emgkqNhDINyGIr,PET_FOOD,treatment,11.97
R_3emmbwwsXsxt4Oj,ELECTRONIC_CABLE,treatment,8.53
R_3emmbwwsXsxt4Oj,PET_FOOD,baseline,19.46
R_3emmbwwsXsxt4Oj,SAUCE,baseline,19.08
R_3emmbwwsXsxt4Oj,SCREEN_PROTECTOR,baseline,7.85
R_3ennfkrsSdTlmrJ,PET_FOOD,baseline,9.26
R_3ennfkrsSdTlmrJ,SCREEN_PROTECTOR,baseline,4.09
R_3enuyEOsaEVxTNX,ELECTRONIC_CABLE,baseline,21.98
R_3enuyEOsaEVxTNX,SHIRT,treatment,30.8
R_3enuyEOsaEVxTNX,SHOES,baseline,9.99
R_3enuyEOsaEVxTNX,SKIN_CLEANING_AGENT,baseline,8.04
R_3enuyEOsaEVxTNX,SUGAR_CANDY,baseline,14.65
R_3enuyEOsaEVxTNX,VITAMIN,baseline,29.86
R_3eqS2JnufvMcjz6,PET_FOOD,baseline,179.97
R_3eqS2JnufvMcjz6,PET_FOOD,treatment,11.43
R_3eqVHUBiQdiljFW,SHOES,baseline,122.0
R_3eqVHUBiQdiljFW,SKIN_CLEANING_AGENT,baseline,16.52
R_3eqVHUBiQdiljFW,VITAMIN,baseline,26.99
R_3ew6vwG8hpJavUw,DISHWASHER_DETERGENT,treatment,13.5
R_3ew6vwG8hpJavUw,FLAVORED_DRINK_CONCENTRATE,treatment,26.97
R_3ew6vwG8hpJavUw,PROTECTIVE_GLOVE,treatment,5.1
R_3exlTi02vMuoy59,SKIN_CLEANING_AGENT,treatment,19.0
R_3exlTi02vMuoy59,VITAMIN,treatment,38.71
R_3ez7TNnB78XtMa7,SCREEN_PROTECTOR,treatment,12.99
R_3ez7X26xdVCMrnF,SHOES,baseline,42.85
R_3ez95OwZzk9mqZY,COFFEE,baseline,23.99
R_3ez95OwZzk9mqZY,COFFEE,treatment,43.78
R_3ez95OwZzk9mqZY,DISHWASHER_DETERGENT,treatment,33.94
R_3ez95OwZzk9mqZY,FRUIT,baseline,9.68
R_3ez95OwZzk9mqZY,HERB,baseline,3.5700000000000003
R_3ez95OwZzk9mqZY,SAUCE,baseline,4.79
R_3ez95OwZzk9mqZY,SKIN_CLEANING_AGENT,treatment,8.92
R_3ez95OwZzk9mqZY,TOILET_PAPER,baseline,44.5
R_3ez95OwZzk9mqZY,TOILET_PAPER,treatment,44.5
R_3ezBqJzPjKM0Dfa,COFFEE,baseline,34.99
R_3ezBqJzPjKM0Dfa,PET_FOOD,baseline,11.99
R_3ezBqJzPjKM0Dfa,SAUCE,baseline,14.02
R_3ezBqJzPjKM0Dfa,SHIRT,baseline,29.060000000000002
R_3ezBqJzPjKM0Dfa,SHOES,baseline,96.34
R_3ezBqJzPjKM0Dfa,VITAMIN,baseline,11.95
R_3ezBqJzPjKM0Dfa,VITAMIN,treatment,31.96
R_3fB1NIeE1OGUd72,DISHWARE_PLATE,treatment,16.19
R_3fB1NIeE1OGUd72,SKIN_CLEANING_AGENT,baseline,16.0
R_3fBigsekvKSOhai,DISHWARE_PLATE,baseline,5.49
R_3fBigsekvKSOhai,SHOES,baseline,10.16
R_3fJXgeZMDEMzirc,SHIRT,treatment,20.99
R_3fJXgeZMDEMzirc,VITAMIN,baseline,14.25
R_3fSLnguIx13H2w4,CELLULAR_PHONE_CASE,baseline,6.99
R_3fV7ZzkNK2r0Q9f,FRUIT,baseline,10.379999999999999
R_3fV7ZzkNK2r0Q9f,FRUIT,treatment,3.58
R_3fV7ZzkNK2r0Q9f,SAUCE,baseline,4.58
R_3fV7ZzkNK2r0Q9f,SHOES,baseline,59.95
R_3fcOMdQm2jGBLKm,SCREEN_PROTECTOR,treatment,5.24
R_3fcOMdQm2jGBLKm,SHIRT,baseline,14.98
R_3fcOMdQm2jGBLKm,SHOES,baseline,60.38
R_3fcOMdQm2jGBLKm,SHOES,treatment,34.99
R_3fdWUgAWjxIhg6r,CELLULAR_PHONE_CASE,treatment,10.99
R_3ff9iXWRr8CwTNI,CELLULAR_PHONE_CASE,baseline,7.99
R_3ff9iXWRr8CwTNI,ELECTRONIC_CABLE,baseline,12.98
R_3ff9iXWRr8CwTNI,PET_FOOD,baseline,29.98
R_3ff9iXWRr8CwTNI,SHIRT,baseline,41.98
R_3ff9iXWRr8CwTNI,SKIN_CLEANING_AGENT,treatment,12.88
R_3ffp8zARsGqkOER,CELLULAR_PHONE_CASE,baseline,22.96
R_3ffp8zARsGqkOER,COFFEE,baseline,35.0
R_3ffp8zARsGqkOER,SHOES,baseline,80.0
R_3ffp8zARsGqkOER,SKIN_CLEANING_AGENT,baseline,10.77
R_3ffp8zARsGqkOER,VITAMIN,treatment,14.99
R_3fizn1i6awYRddw,CELLULAR_PHONE_CASE,baseline,19.99
R_3fvJ1CXv3szhsUO,SCREEN_PROTECTOR,baseline,4.99
R_3fxhcf9cnZWI5qg,DISHWARE_PLATE,baseline,21.98
R_3g1vpqtwzgBUs93,ELECTRONIC_CABLE,baseline,4.99
R_3g2bmHhnUgevJxp,ELECTRONIC_CABLE,baseline,19.99
R_3g2bmHhnUgevJxp,ELECTRONIC_CABLE,treatment,19.99
R_3g4JbArAZR7dsKo,ELECTRONIC_CABLE,treatment,19.98
R_3g6FdS9TC745S4Y,ELECTRONIC_CABLE,baseline,71.0
R_3g6FdS9TC745S4Y,SAUCE,baseline,9.69
R_3gLd8MIY73JqwAv,PET_FOOD,treatment,8.7
R_3gLd8MIY73JqwAv,SHOES,baseline,59.97
R_3gRFXl9yMJKKRf6,TOILET_PAPER,baseline,82.47
R_3gRcpaI5IB9yFr4,CELLULAR_PHONE_CASE,baseline,8.99
R_3gTrwWhEzAv6gzH,COFFEE,baseline,16.24
R_3gTrwWhEzAv6gzH,ELECTRONIC_CABLE,baseline,8.99
R_3gTrwWhEzAv6gzH,SHIRT,treatment,16.86
R_3gYHFD30WKpKPEh,ADHESIVE_TAPES,baseline,1.98
R_3gYHFD30WKpKPEh,COFFEE,treatment,13.47
R_3gYHFD30WKpKPEh,HERB,baseline,28.19
R_3gYgA0qpdE5xHQg,PET_FOOD,baseline,19.99
R_3h3VYxug5MmQXfO,CELLULAR_PHONE_CASE,baseline,10.99
R_3h3VvfXViksWH2f,SKIN_CLEANING_AGENT,treatment,6.99
R_3h4JnsfebywTUxX,ADHESIVE_TAPES,baseline,8.49
R_3h4JnsfebywTUxX,ADHESIVE_TAPES,treatment,31.810000000000002
R_3h4JnsfebywTUxX,PET_FOOD,baseline,38.94
R_3h4JnsfebywTUxX,SKIN_CLEANING_AGENT,treatment,20.99
R_3h9L8YKiEqpP51c,ELECTRONIC_CABLE,baseline,7.99
R_3hARpdMQV0f2vVj,SHOES,baseline,26.55
R_3hAWVPrKOvOzR1e,CELLULAR_PHONE_CASE,baseline,22.98
R_3hAWVPrKOvOzR1e,ELECTRONIC_CABLE,baseline,13.99
R_3hAWVPrKOvOzR1e,SCREEN_PROTECTOR,baseline,4.49
R_3hgutPlXDzG8Ydb,CELLULAR_PHONE_CASE,treatment,15.99
R_3hgutPlXDzG8Ydb,SCREEN_PROTECTOR,baseline,22.97
R_3hgutPlXDzG8Ydb,SKIN_CLEANING_AGENT,baseline,29.98
R_3hgutPlXDzG8Ydb,SUGAR_CANDY,baseline,32.97
R_3hgutPlXDzG8Ydb,TOILET_PAPER,baseline,22.25
R_3hgutPlXDzG8Ydb,VITAMIN,baseline,56.21
R_3hgutPlXDzG8Ydb,VITAMIN,treatment,29.71
R_3hmElrazixrEM9a,PROTECTIVE_GLOVE,treatment,44.349999999999994
R_3hnEZmoJLqoRGs0,CELLULAR_PHONE_CASE,baseline,14.99
R_3hnEZmoJLqoRGs0,TOILET_PAPER,treatment,12.95
R_3hosWdcmm0vvrdx,FRUIT,baseline,1.5
R_3hosWdcmm0vvrdx,PET_FOOD,baseline,116.96
R_3hosWdcmm0vvrdx,PET_FOOD,treatment,62.94
R_3hosWdcmm0vvrdx,SKIN_CLEANING_AGENT,baseline,41.74
R_3hosWdcmm0vvrdx,TOILET_PAPER,baseline,31.49
R_3hosWdcmm0vvrdx,TOILET_PAPER,treatment,31.49
R_3hosWdcmm0vvrdx,VITAMIN,baseline,14.97
R_3hourKKs4B7t7rW,CELLULAR_PHONE_CASE,baseline,9.95
R_3hsFBjto7aXqKY7,DISHWASHER_DETERGENT,treatment,19.99
R_3hsFBjto7aXqKY7,VITAMIN,baseline,46.15
R_3hsFBjto7aXqKY7,VITAMIN,treatment,11.99
R_3hsVlOFjszWOfLz,ELECTRONIC_CABLE,baseline,46.58
R_3iBTJp5gQIkRz2f,CELLULAR_PHONE_CASE,baseline,14.99
R_3iDN6fAYFJQiaBE,HERB,baseline,12.49
R_3iDN6fAYFJQiaBE,SAUCE,baseline,13.89
R_3iEBxv0adFMzSFz,SHIRT,baseline,23.99
R_3iFswoYyum23EOY,CELLULAR_PHONE_CASE,baseline,7.99
R_3iFswoYyum23EOY,SCREEN_PROTECTOR,baseline,6.99
R_3iIQ4QqxRoa0VFq,ELECTRONIC_CABLE,baseline,12.03
R_3iIQ4QqxRoa0VFq,PET_FOOD,baseline,124.4
R_3iIQ4QqxRoa0VFq,PET_FOOD,treatment,88.23
R_3iIQ4QqxRoa0VFq,VITAMIN,baseline,14.54
R_3iJPosktkZFzmM4,ADHESIVE_TAPES,baseline,5.99
R_3iJPosktkZFzmM4,ELECTRONIC_CABLE,baseline,11.99
R_3iJPosktkZFzmM4,SHIRT,baseline,16.99
R_3iJPosktkZFzmM4,SHIRT,treatment,58.39
R_3iJPosktkZFzmM4,SHOES,baseline,18.99
R_3iJQyWNMMY0KRV5,ELECTRONIC_CABLE,baseline,7.99
R_3iJyVGzX7fyajRz,ELECTRONIC_CABLE,treatment,19.04
R_3iUbXeyRSJrM5mX,ELECTRONIC_CABLE,treatment,7.0
R_3iXBbGjxutYhcDe,FRUIT,baseline,3.87
R_3iXBbGjxutYhcDe,SAUCE,baseline,2.29
R_3ind2rov7WpB4Kv,CELLULAR_PHONE_CASE,baseline,6.98
R_3ipMSGFZREpVy5r,CELLULAR_PHONE_CASE,baseline,9.8
R_3ipMSGFZREpVy5r,SHIRT,treatment,20.49
R_3ipMSGFZREpVy5r,VITAMIN,baseline,14.72
R_3ixOwXLuUfjiWS8,CELLULAR_PHONE_CASE,treatment,20.98
R_3ixOwXLuUfjiWS8,SCREEN_PROTECTOR,treatment,23.98
R_3ixOwXLuUfjiWS8,SHOES,treatment,48.74
R_3ixUxNOUiEYD7KJ,SHIRT,baseline,35.739999999999995
R_3iydBpfsKD9jRTq,PET_FOOD,treatment,4.58
R_3iz0BqWx9Y3Zy8z,PET_FOOD,baseline,48.32
R_3iz0BqWx9Y3Zy8z,SKIN_CLEANING_AGENT,baseline,2.19
R_3j7FIUaHsWq2DDI,CELLULAR_PHONE_CASE,baseline,45.62
R_3j7FIUaHsWq2DDI,HERB,treatment,5.69
R_3j7FIUaHsWq2DDI,PET_FOOD,treatment,108.61
R_3j7FIUaHsWq2DDI,SKIN_CLEANING_AGENT,treatment,8.49
R_3j7FIUaHsWq2DDI,VITAMIN,treatment,19.99
R_3j85NmXEyjQjcD3,PROTECTIVE_GLOVE,baseline,11.89
R_3jSAmu0UzDwnhQD,CELLULAR_PHONE_CASE,baseline,15.99
R_3jSAmu0UzDwnhQD,FLAVORED_DRINK_CONCENTRATE,baseline,17.04
R_3jSAmu0UzDwnhQD,SKIN_CLEANING_AGENT,baseline,7.97
R_3jSvX9tw2goV083,CELLULAR_PHONE_CASE,treatment,13.99
R_3jSvX9tw2goV083,PET_FOOD,baseline,16.59
R_3jSvX9tw2goV083,SKIN_CLEANING_AGENT,baseline,4.55
R_3jV8kPp6atdc32x,ELECTRONIC_CABLE,baseline,7.99
R_3jV8kPp6atdc32x,FRUIT,baseline,12.56
R_3jV8kPp6atdc32x,FRUIT,treatment,12.06
R_3jV8kPp6atdc32x,HERB,baseline,2.49
R_3jV8kPp6atdc32x,HERB,treatment,4.99
R_3jWrXCIXh4o7xqF,ADHESIVE_TAPES,baseline,8.97
R_3jWrXCIXh4o7xqF,PET_FOOD,baseline,6.08
R_3jWrXCIXh4o7xqF,PET_FOOD,treatment,27.98
R_3jWrXCIXh4o7xqF,SHOES,treatment,57.47
R_3jdjdovzQan3OW9,CELLULAR_PHONE_CASE,baseline,10.49
R_3jdjdovzQan3OW9,SCREEN_PROTECTOR,baseline,5.99
R_3k5JabbpW5kTO7M,PET_FOOD,baseline,36.25
R_3k5JabbpW5kTO7M,TOILET_PAPER,baseline,115.67
R_3k6ex1IXMmkUR1Q,PET_FOOD,baseline,33.98
R_3k6ex1IXMmkUR1Q,PET_FOOD,treatment,28.09
R_3k85Clfjw382OSO,CELLULAR_PHONE_CASE,baseline,8.45
R_3k85Clfjw382OSO,FRUIT,baseline,1.15
R_3k85Clfjw382OSO,SCREEN_PROTECTOR,baseline,5.85
R_3k85Clfjw382OSO,SKIN_CLEANING_AGENT,baseline,7.34
R_3k85Clfjw382OSO,TOILET_PAPER,baseline,21.12
R_3kA4mCLxijsl1ir,ELECTRONIC_CABLE,baseline,14.06
R_3kAKNNSrZk6Lyna,SHOES,baseline,12.77
R_3kFE2p3j4I8dh9B,ELECTRONIC_CABLE,treatment,9.99
R_3kFE2p3j4I8dh9B,SCREEN_PROTECTOR,treatment,8.99
R_3kFWVmVTlcPA1P1,SKIN_CLEANING_AGENT,baseline,22.7
R_3kHCld4gRZS9Tqy,SKIN_CLEANING_AGENT,baseline,6.97
R_3kM9FhqXba9VXRS,SHIRT,treatment,15.99
R_3kc6o6p4Ocxztg0,PET_FOOD,baseline,31.47
R_3kc6o6p4Ocxztg0,PET_FOOD,treatment,31.47
R_3kc6o6p4Ocxztg0,TOILET_PAPER,treatment,22.25
R_3kgLsDZZFZldraK,SHIRT,treatment,12.99
R_3kp1cu1nmAKu6mC,CELLULAR_PHONE_CASE,baseline,24.98
R_3kp1cu1nmAKu6mC,ELECTRONIC_CABLE,baseline,15.97
R_3kp1cu1nmAKu6mC,SCREEN_PROTECTOR,baseline,7.99
R_3kueJwyzqVs2sxR,DISHWARE_PLATE,baseline,11.16
R_3kueJwyzqVs2sxR,ELECTRONIC_CABLE,baseline,15.66
R_3kzVEThiLAGUkjx,VITAMIN,baseline,16.09
R_3lK5ONceMua8L4O,CELLULAR_PHONE_CASE,baseline,7.99
R_3lK5ONceMua8L4O,SHIRT,baseline,96.46
R_3lK5ONceMua8L4O,SKIN_CLEANING_AGENT,treatment,4.79
R_3lLhrGoskvkadDT,CELLULAR_PHONE_CASE,treatment,9.99
R_3lLhrGoskvkadDT,DISHWARE_PLATE,baseline,9.99
R_3lLhrGoskvkadDT,SCREEN_PROTECTOR,treatment,9.99
R_3lLhrGoskvkadDT,VITAMIN,treatment,79.95
R_3lMKtOCLCABbZLU,SAUCE,treatment,16.88
R_3lMKtOCLCABbZLU,SKIN_CLEANING_AGENT,treatment,12.46
R_3lMPFMytHOig2HO,PET_FOOD,treatment,51.99
R_3lQCvBUTlCoreQq,ELECTRONIC_CABLE,baseline,12.99
R_3lQgsLNb8aWjfC8,ELECTRONIC_CABLE,treatment,32.98
R_3lQgsLNb8aWjfC8,TOILET_PAPER,treatment,19.99
R_3lRLul7FhL1NHBx,FLAVORED_DRINK_CONCENTRATE,treatment,4.96
R_3lRLul7FhL1NHBx,SKIN_CLEANING_AGENT,baseline,12.99
R_3lRLul7FhL1NHBx,SKIN_CLEANING_AGENT,treatment,0.9
R_3lSOzZGBy8Hzfuz,SCREEN_PROTECTOR,baseline,5.45
R_3lWxO0nhBqkpb9Y,DISHWARE_PLATE,baseline,11.49
R_3lWxO0nhBqkpb9Y,SKIN_CLEANING_AGENT,treatment,9.9
R_3lXswIAy7Qq6UEZ,PET_FOOD,baseline,25.88
R_3lXswIAy7Qq6UEZ,SAUCE,treatment,67.81
R_3lXswIAy7Qq6UEZ,TOILET_PAPER,baseline,22.25
R_3lYUnPKDsGA54tw,PET_FOOD,treatment,9.82
R_3lYUnPKDsGA54tw,SHIRT,baseline,80.94
R_3lYoNCIklsOH7sq,DISHWASHER_DETERGENT,baseline,23.98
R_3lYoNCIklsOH7sq,FRUIT,treatment,0.88
R_3lYoNCIklsOH7sq,SHIRT,baseline,164.85
R_3lYoNCIklsOH7sq,SKIN_CLEANING_AGENT,baseline,14.9
R_3lYoNCIklsOH7sq,SKIN_CLEANING_AGENT,treatment,6.75
R_3lYoNCIklsOH7sq,TOILET_PAPER,baseline,31.49
R_3lYoNCIklsOH7sq,VITAMIN,baseline,18.66
R_3lrG75UCQA6dT2c,ADHESIVE_TAPES,baseline,4.99
R_3lrG75UCQA6dT2c,COFFEE,baseline,5.49
R_3lrG75UCQA6dT2c,FRUIT,baseline,136.07
R_3lrG75UCQA6dT2c,FRUIT,treatment,6.29
R_3lrG75UCQA6dT2c,HERB,baseline,24.35
R_3lrG75UCQA6dT2c,SAUCE,baseline,10.58
R_3lrG75UCQA6dT2c,SHIRT,baseline,89.0
R_3lrG75UCQA6dT2c,SKIN_CLEANING_AGENT,baseline,1.79
R_3lrG75UCQA6dT2c,VITAMIN,baseline,19.97
R_3lsIXjO5GDQo8ab,CELLULAR_PHONE_CASE,baseline,18.95
R_3lsIXjO5GDQo8ab,COFFEE,baseline,24.98
R_3lsIXjO5GDQo8ab,PET_FOOD,treatment,24.26
R_3lsIXjO5GDQo8ab,SCREEN_PROTECTOR,baseline,6.99
R_3lt1ZPBv09u1seD,CELLULAR_PHONE_CASE,baseline,23.240000000000002
R_3lt1ZPBv09u1seD,ELECTRONIC_CABLE,treatment,12.99
R_3lt1ZPBv09u1seD,FLAVORED_DRINK_CONCENTRATE,treatment,7.09
R_3lt1ZPBv09u1seD,SCREEN_PROTECTOR,baseline,5.89
R_3lxcBC8s5fXjDkC,SCREEN_PROTECTOR,baseline,4.98
R_3m1Oe7DVV8jKYGf,DISHWASHER_DETERGENT,baseline,19.99
R_3m1Oe7DVV8jKYGf,PET_FOOD,baseline,95.13
R_3m1Oe7DVV8jKYGf,PET_FOOD,treatment,17.2
R_3m1Oe7DVV8jKYGf,SHOES,baseline,41.99
R_3m1Oe7DVV8jKYGf,VITAMIN,baseline,12.42
R_3m3H4mwZ2snYFua,ADHESIVE_TAPES,baseline,12.99
R_3m3H4mwZ2snYFua,PET_FOOD,treatment,40.06
R_3m3H4mwZ2snYFua,SHIRT,baseline,49.0
R_3m3H4mwZ2snYFua,SKIN_CLEANING_AGENT,baseline,11.0
R_3m3H4mwZ2snYFua,TOILET_PAPER,treatment,18.86
R_3mA8FkeMLPmxavv,SUGAR_CANDY,baseline,44.050000000000004
R_3mA8FkeMLPmxavv,TOILET_PAPER,treatment,29.98
R_3mZSKZJM87PlEZg,SKIN_CLEANING_AGENT,treatment,13.27
R_3mejZzk0xiVLYS7,PROTECTIVE_GLOVE,treatment,12.99
R_3mknIzzCIrBk3h8,PET_FOOD,baseline,10.0
R_3mlroE78njuHGCJ,PET_FOOD,treatment,39.7
R_3mlroE78njuHGCJ,SAUCE,treatment,1.49
R_3mlwxxcokGLq899,SHIRT,treatment,93.96
R_3mm166mlwrLpf6y,COFFEE,baseline,39.0
R_3mm166mlwrLpf6y,HERB,treatment,9.96
R_3mm166mlwrLpf6y,SAUCE,treatment,35.71
R_3mm166mlwrLpf6y,SHOES,treatment,38.0
R_3mm166mlwrLpf6y,VITAMIN,baseline,8.49
R_3mm166mlwrLpf6y,VITAMIN,treatment,6.99
R_3mmCGclG1nJL4uv,ELECTRONIC_CABLE,baseline,16.29
R_3mmCGclG1nJL4uv,ELECTRONIC_CABLE,treatment,12.99
R_3mmCGclG1nJL4uv,PET_FOOD,baseline,95.6
R_3mmCGclG1nJL4uv,PET_FOOD,treatment,111.44
R_3mmCGclG1nJL4uv,SHIRT,baseline,14.95
R_3mmCGclG1nJL4uv,SHOES,treatment,100.77
R_3mmCGclG1nJL4uv,SKIN_CLEANING_AGENT,treatment,6.970000000000001
R_3mmCGclG1nJL4uv,TOILET_PAPER,baseline,22.25
R_3mmCGclG1nJL4uv,VITAMIN,treatment,13.25
R_3mmIIMQ7oHxgBJh,ELECTRONIC_CABLE,treatment,9.99
R_3n0Eenx5FMskTrD,CELLULAR_PHONE_CASE,treatment,5.99
R_3n0jPS1ErTK9Izh,ELECTRONIC_CABLE,baseline,8.99
R_3n0jPS1ErTK9Izh,VITAMIN,baseline,11.99
R_3n17fNI56KA8rTV,SCREEN_PROTECTOR,treatment,8.88
R_3n17fNI56KA8rTV,VITAMIN,treatment,8.01
R_3n2bkmbpmkU4gYf,CELLULAR_PHONE_CASE,baseline,6.99
R_3n5zOvmozURNzXz,HERB,treatment,4.72
R_3n5zOvmozURNzXz,SHIRT,treatment,40.85
R_3n5zOvmozURNzXz,SKIN_CLEANING_AGENT,baseline,21.69
R_3n91eij0t6iYpZA,SHIRT,baseline,33.47
R_3n9iNltLsRTp5H8,ELECTRONIC_CABLE,baseline,8.99
R_3nA7SneXu81knN1,ELECTRONIC_CABLE,treatment,8.95
R_3nA7SneXu81knN1,SHOES,baseline,11.47
R_3nDh4AoRXRSEbiR,ADHESIVE_TAPES,treatment,10.99
R_3nDh4AoRXRSEbiR,FLAVORED_DRINK_CONCENTRATE,baseline,43.98
R_3nH1Odp9Yjm86gN,ELECTRONIC_CABLE,treatment,4.99
R_3nH1Odp9Yjm86gN,PROTECTIVE_GLOVE,treatment,10.99
R_3nH1Odp9Yjm86gN,SAUCE,baseline,9.58
R_3nH1Odp9Yjm86gN,SHIRT,treatment,47.97
R_3nJBlarikgnKpF2,TOILET_PAPER,baseline,29.39
R_3nJBlarikgnKpF2,VITAMIN,baseline,9.38
R_3nMiRw4shx6bl2P,COFFEE,baseline,29.99
R_3nMiRw4shx6bl2P,COFFEE,treatment,59.98
R_3nMiRw4shx6bl2P,FRUIT,baseline,29.97
R_3nMiRw4shx6bl2P,FRUIT,treatment,37.730000000000004
R_3nMiRw4shx6bl2P,HERB,baseline,13.940000000000001
R_3nMiRw4shx6bl2P,SAUCE,treatment,10.99
R_3nN7gDrlTTNu9A9,SHOES,baseline,18.17
R_3nPGwtXdnEI5Stq,ELECTRONIC_CABLE,baseline,5.94
R_3nSJD4LXFEuAzcy,CELLULAR_PHONE_CASE,baseline,16.99
R_3nTTyw1tM8Efnek,CELLULAR_PHONE_CASE,baseline,11.99
R_3nTTyw1tM8Efnek,ELECTRONIC_CABLE,baseline,5.97
R_3nTTyw1tM8Efnek,SAUCE,baseline,11.0
R_3nTTyw1tM8Efnek,SCREEN_PROTECTOR,baseline,6.89
R_3nVmjXQINxwevge,PET_FOOD,baseline,16.62
R_3nVmjXQINxwevge,PET_FOOD,treatment,33.0
R_3nVmjXQINxwevge,TOILET_PAPER,baseline,25.18
R_3niVeTkRSeDZf6H,ADHESIVE_TAPES,treatment,8.06
R_3niVeTkRSeDZf6H,SAUCE,treatment,63.16
R_3niVeTkRSeDZf6H,SUGAR_CANDY,treatment,31.269999999999996
R_3niVeTkRSeDZf6H,TOILET_PAPER,treatment,24.87
R_3niVeTkRSeDZf6H,VITAMIN,treatment,13.99
R_3nj9YnMVuMuQpRk,SHOES,treatment,39.2
R_3nk4HEEc5QZPZNL,PET_FOOD,baseline,22.29
R_3nkjCzQkrOsAEgE,HERB,treatment,1.04
R_3nkjCzQkrOsAEgE,PET_FOOD,treatment,10.87
R_3nkr0un2kC3hqTW,SCREEN_PROTECTOR,treatment,6.99
R_3nkr0un2kC3hqTW,SKIN_CLEANING_AGENT,baseline,15.95
R_3nowc1UudxHQnVQ,SHIRT,baseline,19.99
R_3nqGVGe1oo00hRC,COFFEE,treatment,12.18
R_3nqGVGe1oo00hRC,DISHWASHER_DETERGENT,baseline,17.28
R_3nqGVGe1oo00hRC,PET_FOOD,treatment,4.82
R_3nqGVGe1oo00hRC,VITAMIN,baseline,7.64
R_3nqGVGe1oo00hRC,VITAMIN,treatment,35.98
R_3nqGzFeKv4VVOck,CELLULAR_PHONE_CASE,baseline,8.5
R_3nqGzFeKv4VVOck,COFFEE,baseline,57.5
R_3nqGzFeKv4VVOck,VITAMIN,baseline,11.99
R_3oHHllow10IADbd,SKIN_CLEANING_AGENT,treatment,29.99
R_3oHHllow10IADbd,VITAMIN,baseline,15.95
R_3oHHllow10IADbd,VITAMIN,treatment,16.5
R_3oI6mZDt47OaXO5,SHIRT,baseline,9.09
R_3oN20rTIYxBeZez,ELECTRONIC_CABLE,baseline,10.71
R_3oN20rTIYxBeZez,SHIRT,baseline,14.95
R_3oN20rTIYxBeZez,SHOES,baseline,16.99
R_3oO3DoeTgXHrEzx,CELLULAR_PHONE_CASE,baseline,38.11
R_3oO3DoeTgXHrEzx,COFFEE,baseline,31.39
R_3oO3DoeTgXHrEzx,DISHWASHER_DETERGENT,baseline,14.99
R_3oO3DoeTgXHrEzx,ELECTRONIC_CABLE,baseline,7.46
R_3oO3DoeTgXHrEzx,PET_FOOD,baseline,64.39
R_3oO3DoeTgXHrEzx,PET_FOOD,treatment,16.65
R_3oO3DoeTgXHrEzx,PROTECTIVE_GLOVE,treatment,91.54
R_3oO3DoeTgXHrEzx,SKIN_CLEANING_AGENT,treatment,18.89
R_3oO3DoeTgXHrEzx,TOILET_PAPER,baseline,22.25
R_3oQSXNZTcp9yWWl,ELECTRONIC_CABLE,baseline,23.98
R_3oQSXNZTcp9yWWl,VITAMIN,treatment,51.5
R_3oRbWw6Brl9Zczg,ELECTRONIC_CABLE,treatment,24.99
R_3oT1WH4NoaCSLkH,DISHWARE_PLATE,treatment,23.99
R_3oT1WH4NoaCSLkH,ELECTRONIC_CABLE,baseline,13.99
R_3oT1WH4NoaCSLkH,ELECTRONIC_CABLE,treatment,10.98
R_3oT1WH4NoaCSLkH,SHOES,baseline,59.0
R_3oT1WH4NoaCSLkH,SKIN_CLEANING_AGENT,treatment,42.769999999999996
R_3oT1WH4NoaCSLkH,VITAMIN,baseline,9.38
R_3oWR9kYBU1EeED4,PET_FOOD,baseline,26.740000000000002
R_3oWSVjKtFIw0OE8,ADHESIVE_TAPES,baseline,13.76
R_3oWSVjKtFIw0OE8,CELLULAR_PHONE_CASE,baseline,21.84
R_3oWSVjKtFIw0OE8,CELLULAR_PHONE_CASE,treatment,16.99
R_3oWSVjKtFIw0OE8,SCREEN_PROTECTOR,baseline,8.95
R_3ozIrQp8CaQst7P,SHIRT,treatment,16.5
R_3ozIrQp8CaQst7P,VITAMIN,baseline,81.0
R_3ozIrQp8CaQst7P,VITAMIN,treatment,27.0
R_3p8NxlNJ9iNJgDQ,CELLULAR_PHONE_CASE,baseline,12.99
R_3p8Rjor8VyZP2Qp,ELECTRONIC_CABLE,baseline,12.260000000000002
R_3p8Rjor8VyZP2Qp,SHOES,baseline,29.96
R_3papb8tA6MhY9Ga,FRUIT,treatment,11.49
R_3papb8tA6MhY9Ga,PLANTER,treatment,32.84
R_3papb8tA6MhY9Ga,VITAMIN,baseline,23.68
R_3peWF42INuePUWA,ELECTRONIC_CABLE,treatment,34.92
R_3peWF42INuePUWA,PROTECTIVE_GLOVE,treatment,9.95
R_3peWF42INuePUWA,SHIRT,baseline,79.91
R_3peWF42INuePUWA,SHOES,baseline,118.99
R_3pg3JqNkeNbi2fG,ELECTRONIC_CABLE,treatment,7.99
R_3pgz8gQSJhNTWpR,SKIN_CLEANING_AGENT,baseline,18.98
R_3phESUXircSC3Za,SCREEN_PROTECTOR,baseline,5.99
R_3phESUXircSC3Za,SCREEN_PROTECTOR,treatment,5.38
R_3pm4Od2kUSXlZgY,CELLULAR_PHONE_CASE,baseline,7.99
R_3pm4Od2kUSXlZgY,SAUCE,baseline,5.99
R_3pm4Od2kUSXlZgY,SCREEN_PROTECTOR,baseline,5.95
R_3pm4Od2kUSXlZgY,VITAMIN,baseline,11.61
R_3pmeuOmzM4r5gMS,ELECTRONIC_CABLE,baseline,10.63
R_3pmeuOmzM4r5gMS,PROTECTIVE_GLOVE,treatment,7.95
R_3pnIBXBzl395hK3,CELLULAR_PHONE_CASE,baseline,47.84
R_3pnIBXBzl395hK3,ELECTRONIC_CABLE,baseline,11.99
R_3pnIBXBzl395hK3,ELECTRONIC_CABLE,treatment,17.99
R_3pnIBXBzl395hK3,PET_FOOD,baseline,12.99
R_3pnIBXBzl395hK3,PET_FOOD,treatment,12.99
R_3pnIBXBzl395hK3,VITAMIN,treatment,14.97
R_3pne9eBIH77fjaj,VITAMIN,baseline,14.95
R_3pumITxLvdUqvpM,SHIRT,baseline,18.75
R_3pumITxLvdUqvpM,SKIN_CLEANING_AGENT,treatment,48.87
R_3q7gu78u8KAWt33,SAUCE,baseline,22.25
R_3q9idVBBCxBY9hK,ADHESIVE_TAPES,treatment,8.99
R_3q9idVBBCxBY9hK,CELLULAR_PHONE_CASE,baseline,7.99
R_3q9idVBBCxBY9hK,DISHWASHER_DETERGENT,treatment,3.77
R_3q9idVBBCxBY9hK,ELECTRONIC_CABLE,baseline,8.99
R_3q9idVBBCxBY9hK,FRUIT,treatment,30.95
R_3q9idVBBCxBY9hK,SCREEN_PROTECTOR,baseline,5.95
R_3qCm8Efo8tECGQ5,ELECTRONIC_CABLE,baseline,6.99
R_3qCqvLjperlj7Ab,SCREEN_PROTECTOR,treatment,8.99
R_3qIPMah81MezsJn,SHOES,treatment,67.48
R_3qKXjhdktmyhWbC,SHOES,baseline,41.4
R_3qNCb8RtOhoCGRu,CELLULAR_PHONE_CASE,treatment,9.99
R_3qP8tODbwi66o3t,PET_FOOD,baseline,80.94
R_3qP8tODbwi66o3t,PET_FOOD,treatment,69.07000000000001
R_3qP8tODbwi66o3t,TOILET_PAPER,treatment,22.25
R_3qP8tODbwi66o3t,VITAMIN,baseline,16.49
R_3qPsTalTDEfqa1D,ELECTRONIC_CABLE,baseline,5.99
R_3qPsTalTDEfqa1D,VITAMIN,baseline,4.35
R_3qPsTalTDEfqa1D,VITAMIN,treatment,35.44
R_3qPt2VOIZdr6Kio,CELLULAR_PHONE_CASE,baseline,21.05
R_3qPt2VOIZdr6Kio,PET_FOOD,treatment,5.59
R_3qTFp0FJqUeMhVZ,DISHWASHER_DETERGENT,baseline,3.15
R_3qTFp0FJqUeMhVZ,ELECTRONIC_CABLE,baseline,16.99
R_3qTFp0FJqUeMhVZ,PET_FOOD,baseline,3.58
R_3qTFp0FJqUeMhVZ,PET_FOOD,treatment,11.28
R_3qTFp0FJqUeMhVZ,SHIRT,treatment,43.980000000000004
R_3qTFp0FJqUeMhVZ,SHOES,treatment,47.13
R_3qTFp0FJqUeMhVZ,SKIN_CLEANING_AGENT,baseline,17.65
R_3qTFp0FJqUeMhVZ,SKIN_CLEANING_AGENT,treatment,13.46
R_3qTFp0FJqUeMhVZ,VITAMIN,baseline,11.99
R_3qVzNrS8zs5FU1Q,COFFEE,baseline,9.79
R_3qVzNrS8zs5FU1Q,COFFEE,treatment,4.99
R_3qVzNrS8zs5FU1Q,ELECTRONIC_CABLE,baseline,6.99
R_3qVzNrS8zs5FU1Q,PET_FOOD,baseline,24.86
R_3qVzNrS8zs5FU1Q,PET_FOOD,treatment,21.69
R_3qVzNrS8zs5FU1Q,SHIRT,baseline,11.85
R_3qVzNrS8zs5FU1Q,SKIN_CLEANING_AGENT,treatment,25.24
R_3qWelyoPjmQzdkZ,SHOES,treatment,39.99
R_3qWnPpXqudB3ETJ,CELLULAR_PHONE_CASE,baseline,22.98
R_3qWnPpXqudB3ETJ,ELECTRONIC_CABLE,baseline,27.58
R_3qasyWogYKMo0FR,ADHESIVE_TAPES,baseline,4.21
R_3qasyWogYKMo0FR,CELLULAR_PHONE_CASE,baseline,7.99
R_3qasyWogYKMo0FR,PET_FOOD,baseline,63.28
R_3qasyWogYKMo0FR,PET_FOOD,treatment,31.64
R_3qasyWogYKMo0FR,SHOES,baseline,96.53
R_3qe2tDpGxexEAso,SAUCE,treatment,9.43
R_3qjvaF4zWZz3obB,SHIRT,baseline,172.85999999999999
R_3qjvaF4zWZz3obB,SHOES,baseline,200.0
R_3qkEGX8vtVYvd7v,DISHWASHER_DETERGENT,baseline,16.13
R_3qkEGX8vtVYvd7v,DISHWASHER_DETERGENT,treatment,14.99
R_3qkEGX8vtVYvd7v,SHOES,baseline,51.98
R_3qkEGX8vtVYvd7v,SKIN_CLEANING_AGENT,baseline,9.81
R_3qlnIILTEuzSyGe,COFFEE,baseline,5.83
R_3qlnIILTEuzSyGe,FRUIT,baseline,34.9
R_3qlnIILTEuzSyGe,FRUIT,treatment,33.7
R_3qlnIILTEuzSyGe,PET_FOOD,baseline,23.42
R_3qlnIILTEuzSyGe,PET_FOOD,treatment,19.2
R_3qlnIILTEuzSyGe,SAUCE,baseline,2.44
R_3qlnIILTEuzSyGe,SHIRT,baseline,12.99
R_3qlnIILTEuzSyGe,SHIRT,treatment,17.97
R_3qlnIILTEuzSyGe,VITAMIN,baseline,2.0
R_3qqdzQnCaBYHx9o,COFFEE,treatment,25.49
R_3qqdzQnCaBYHx9o,DISHWASHER_DETERGENT,treatment,14.99
R_3qqdzQnCaBYHx9o,SKIN_CLEANING_AGENT,treatment,12.0
R_3qqdzQnCaBYHx9o,VITAMIN,treatment,22.67
R_3r26NAbVnDpIxzF,PET_FOOD,baseline,88.88
R_3rHSccsh0mlkeuy,ELECTRONIC_CABLE,baseline,9.99
R_3rHSccsh0mlkeuy,PROTECTIVE_GLOVE,baseline,8.5
R_3rHSccsh0mlkeuy,PROTECTIVE_GLOVE,treatment,6.95
R_3rHSccsh0mlkeuy,SHIRT,baseline,16.99
R_3rOK8HzVPg119X1,PET_FOOD,baseline,109.98
R_3rOl9sFF0CCPbS8,ELECTRONIC_CABLE,treatment,10.79
R_3rUnUmjbfgYFmMs,PET_FOOD,baseline,37.99
R_3rUnUmjbfgYFmMs,VITAMIN,baseline,29.5
R_3rUnUmjbfgYFmMs,VITAMIN,treatment,32.75
R_3rV7kPHe9hVsMee,ADHESIVE_TAPES,baseline,10.99
R_3rV7kPHe9hVsMee,PET_FOOD,baseline,86.44
R_3rV7kPHe9hVsMee,PET_FOOD,treatment,44.22
R_3rV7kPHe9hVsMee,SCREEN_PROTECTOR,baseline,9.49
R_3rV7kPHe9hVsMee,SHIRT,baseline,19.95
R_3rV7kPHe9hVsMee,VITAMIN,treatment,26.060000000000002
R_3rYy57gChE2lQau,CELLULAR_PHONE_CASE,treatment,16.99
R_3rYy57gChE2lQau,ELECTRONIC_CABLE,treatment,50.96
R_3rZHdmB75jSgwhr,FRUIT,baseline,20.66
R_3rZHdmB75jSgwhr,FRUIT,treatment,1.39
R_3rZHdmB75jSgwhr,HERB,baseline,0.6
R_3rZHdmB75jSgwhr,SAUCE,baseline,4.62
R_3rZHdmB75jSgwhr,SAUCE,treatment,2.99
R_3rZHdmB75jSgwhr,SHOES,baseline,164.48
R_3rZHdmB75jSgwhr,SKIN_CLEANING_AGENT,baseline,10.32
R_3rZHdmB75jSgwhr,SKIN_CLEANING_AGENT,treatment,18.15
R_3rduFoUv0EnQBUd,VITAMIN,treatment,3.87
R_3s02y9lg8GCo9q0,COFFEE,baseline,66.0
R_3s02y9lg8GCo9q0,SKIN_CLEANING_AGENT,baseline,9.08
R_3s02y9lg8GCo9q0,VITAMIN,baseline,14.98
R_3s60LmlFm5fAEP5,ELECTRONIC_CABLE,baseline,6.95
R_3s60LmlFm5fAEP5,SKIN_CLEANING_AGENT,treatment,23.92
R_3s6ANl73k2a38Oz,CELLULAR_PHONE_CASE,baseline,12.8
R_3s6ANl73k2a38Oz,CELLULAR_PHONE_CASE,treatment,43.07
R_3s6ANl73k2a38Oz,ELECTRONIC_CABLE,treatment,5.49
R_3s6ANl73k2a38Oz,SCREEN_PROTECTOR,baseline,8.99
R_3s6ANl73k2a38Oz,SCREEN_PROTECTOR,treatment,6.95
R_3s6ANl73k2a38Oz,SKIN_CLEANING_AGENT,baseline,29.94
R_3s7w6IA2Y8hDm2M,PET_FOOD,baseline,5.22
R_3s7w6IA2Y8hDm2M,PET_FOOD,treatment,13.61
R_3sBwcb32R5nqsRR,ELECTRONIC_CABLE,baseline,7.99
R_3sBz3iR6jcNfJzt,SUGAR_CANDY,baseline,12.08
R_3saDhTbVfCKMgwp,FLAVORED_DRINK_CONCENTRATE,baseline,30.240000000000002
R_3saDhTbVfCKMgwp,FLAVORED_DRINK_CONCENTRATE,treatment,30.240000000000002
R_3saDhTbVfCKMgwp,SAUCE,treatment,9.95
R_3sbM1ke1qD79iaT,CELLULAR_PHONE_CASE,baseline,39.0
R_3sbM1ke1qD79iaT,SHIRT,treatment,50.0
R_3sdlCCNvlHBl0o0,ELECTRONIC_CABLE,baseline,8.78
R_3sjK6pL9ltjhOzg,SHIRT,baseline,14.23
R_3smN8FyXWC5rBu2,ELECTRONIC_CABLE,baseline,9.66
R_3smN8FyXWC5rBu2,PET_FOOD,treatment,20.0
R_3smN8FyXWC5rBu2,VITAMIN,baseline,15.76
R_3socPWD3wXD0iDP,CELLULAR_PHONE_CASE,baseline,12.99
R_3socPWD3wXD0iDP,COFFEE,treatment,25.99
R_3socPWD3wXD0iDP,DISHWASHER_DETERGENT,baseline,16.97
R_3socPWD3wXD0iDP,ELECTRONIC_CABLE,baseline,11.49
R_3socPWD3wXD0iDP,PET_FOOD,treatment,19.86
R_3socPWD3wXD0iDP,SHIRT,baseline,27.0
R_3socPWD3wXD0iDP,TOILET_PAPER,baseline,40.68
R_3socPWD3wXD0iDP,VITAMIN,baseline,41.160000000000004
R_3sp0qsXaE11taC1,ELECTRONIC_CABLE,baseline,19.94
R_3spECEC106iOjR7,PET_FOOD,baseline,10.15
R_3spECEC106iOjR7,PET_FOOD,treatment,13.5
R_3stAiMHJQ77sLcB,SHOES,baseline,124.95
R_3szyDycEZFXRxYc,CELLULAR_PHONE_CASE,baseline,10.99
R_3szyDycEZFXRxYc,COFFEE,baseline,34.99
R_3szyDycEZFXRxYc,COFFEE,treatment,34.99
R_3szyDycEZFXRxYc,FRUIT,baseline,11.8
R_3szyDycEZFXRxYc,SHIRT,baseline,17.95
R_3wT1t9duSUIPC5b,HERB,treatment,19.99
R_3wT1t9duSUIPC5b,PET_FOOD,baseline,58.45
R_3wT1t9duSUIPC5b,PET_FOOD,treatment,24.53
R_3xhEVxZPfs1wthv,CELLULAR_PHONE_CASE,baseline,13.99
R_3xhEVxZPfs1wthv,ELECTRONIC_CABLE,baseline,9.99
R_3xhEVxZPfs1wthv,SCREEN_PROTECTOR,baseline,6.89
R_3yP0dCEmw3NO8lH,PET_FOOD,baseline,56.269999999999996
R_3yP0dCEmw3NO8lH,PET_FOOD,treatment,33.98
R_40engukXSxhrtF7,COFFEE,treatment,16.380000000000003
R_40engukXSxhrtF7,SAUCE,baseline,2.39
R_43dTW1DrJmC9aGl,CELLULAR_PHONE_CASE,baseline,31.560000000000002
R_43dTW1DrJmC9aGl,DISHWASHER_DETERGENT,treatment,19.99
R_43dTW1DrJmC9aGl,PET_FOOD,treatment,14.32
R_43dTW1DrJmC9aGl,PROTECTIVE_GLOVE,treatment,5.1
R_43dTW1DrJmC9aGl,SCREEN_PROTECTOR,baseline,6.99
R_43dTW1DrJmC9aGl,SHOES,baseline,14.85
R_43dTW1DrJmC9aGl,TOILET_PAPER,treatment,22.25
R_43dTW1DrJmC9aGl,VITAMIN,baseline,73.05000000000001
R_43dTW1DrJmC9aGl,VITAMIN,treatment,34.76
R_4GHk9bPqF1805s5,PET_FOOD,baseline,51.129999999999995
R_4GHk9bPqF1805s5,PET_FOOD,treatment,99.97999999999999
R_4H1P1VB5jWW4sY9,ELECTRONIC_CABLE,baseline,3.9
R_4H1P1VB5jWW4sY9,TOILET_PAPER,baseline,12.48
R_4JBCc8ejkMh89Bn,VITAMIN,baseline,7.64
R_4MDPHLoOHFEre49,ELECTRONIC_CABLE,baseline,9.99
R_4ONrU60VenuwARr,SHOES,baseline,52.46
R_4PC8xUs7y9n494R,ELECTRONIC_CABLE,treatment,6.93
R_4PhRzF4UI9ooLh7,DISHWASHER_DETERGENT,treatment,15.88
R_4PhRzF4UI9ooLh7,ELECTRONIC_CABLE,baseline,108.71
R_4PhRzF4UI9ooLh7,ELECTRONIC_CABLE,treatment,7.59
R_4PhRzF4UI9ooLh7,PET_FOOD,baseline,5.19
R_4PhRzF4UI9ooLh7,PROTECTIVE_GLOVE,baseline,13.93
R_4PhRzF4UI9ooLh7,VITAMIN,baseline,27.729999999999997
R_4T5RGwzoLEPKSxH,CELLULAR_PHONE_CASE,baseline,10.99
R_4T5RGwzoLEPKSxH,COFFEE,baseline,22.0
R_4T5RGwzoLEPKSxH,ELECTRONIC_CABLE,treatment,5.99
R_4T5RGwzoLEPKSxH,VITAMIN,baseline,14.99
R_4TMdmQ1SjGtT6Ex,PET_FOOD,treatment,22.49
R_4TMdmQ1SjGtT6Ex,SAUCE,baseline,10.26
R_4TMdmQ1SjGtT6Ex,SCREEN_PROTECTOR,treatment,9.99
R_4TMdmQ1SjGtT6Ex,SHIRT,baseline,9.95
R_4TMdmQ1SjGtT6Ex,SHOES,treatment,13.89
R_4YffpNflRodsWJ3,CELLULAR_PHONE_CASE,baseline,10.49
R_4ZKWBs8TstBB0Pv,CELLULAR_PHONE_CASE,baseline,12.99
R_4ZKWBs8TstBB0Pv,ELECTRONIC_CABLE,baseline,11.99
R_4ZKWBs8TstBB0Pv,SHIRT,baseline,34.98
R_51FoqOStg2LJqq5,VITAMIN,baseline,19.97
R_54MGsoCtfFnpLoJ,HERB,baseline,4.98
R_54MGsoCtfFnpLoJ,HERB,treatment,1.34
R_54MGsoCtfFnpLoJ,SAUCE,baseline,3.1900000000000004
R_54MGsoCtfFnpLoJ,VITAMIN,baseline,15.99
R_55BKHeW1aOzYOUp,SHIRT,treatment,13.99
R_55BKHeW1aOzYOUp,SHOES,baseline,64.99
R_5BBYw4vnadHFJND,ELECTRONIC_CABLE,baseline,9.99
R_5dnnO2In2cjMUCZ,DISHWARE_PLATE,baseline,9.99
R_5hf4PIgMvDvKkIF,CELLULAR_PHONE_CASE,treatment,6.99
R_5hf4PIgMvDvKkIF,ELECTRONIC_CABLE,baseline,10.19
R_5hf4PIgMvDvKkIF,ELECTRONIC_CABLE,treatment,14.99
R_5hf4PIgMvDvKkIF,FRUIT,baseline,3.0
R_5hf4PIgMvDvKkIF,PET_FOOD,baseline,2.84
R_5hf4PIgMvDvKkIF,PROTECTIVE_GLOVE,baseline,8.5
R_5hf4PIgMvDvKkIF,SCREEN_PROTECTOR,treatment,34.9
R_5hf4PIgMvDvKkIF,SHIRT,baseline,59.620000000000005
R_5hf4PIgMvDvKkIF,SHIRT,treatment,25.56
R_5hf4PIgMvDvKkIF,TOILET_PAPER,baseline,6.48
R_5hf4PIgMvDvKkIF,VITAMIN,baseline,86.24000000000001
R_5jBIUuJMIveh2sV,PET_FOOD,baseline,164.6
R_5jBIUuJMIveh2sV,PET_FOOD,treatment,2.55
R_5o8k0eov3gjR9Yd,ADHESIVE_TAPES,baseline,5.28
R_5o8k0eov3gjR9Yd,CELLULAR_PHONE_CASE,baseline,7.99
R_5o8k0eov3gjR9Yd,SCREEN_PROTECTOR,baseline,5.95
R_5oJ5K2mLMySYVVf,SHIRT,baseline,13.07
R_5oK9SmlCA2Td9rb,VITAMIN,baseline,15.66
R_5tqaZiTOhDvSZRn,CELLULAR_PHONE_CASE,baseline,10.99
R_5tqaZiTOhDvSZRn,ELECTRONIC_CABLE,baseline,8.69
R_5tqaZiTOhDvSZRn,SCREEN_PROTECTOR,baseline,6.99
R_5tqaZiTOhDvSZRn,SHIRT,baseline,17.96
R_5tqaZiTOhDvSZRn,SHOES,baseline,83.84
R_5u1j9x0AEArQHSN,SCREEN_PROTECTOR,baseline,11.99
R_5u1j9x0AEArQHSN,SCREEN_PROTECTOR,treatment,11.99
R_5u8bbS9uywwIU6d,ELECTRONIC_CABLE,treatment,15.99
R_5u8bbS9uywwIU6d,FLAVORED_DRINK_CONCENTRATE,baseline,3.8
R_5u8bbS9uywwIU6d,PET_FOOD,baseline,9.5
R_5u8bbS9uywwIU6d,PLANTER,baseline,43.89
R_5u8bbS9uywwIU6d,PLANTER,treatment,24.99
R_5uabKnJBMc7HyEN,CELLULAR_PHONE_CASE,baseline,15.99
R_5uabKnJBMc7HyEN,COFFEE,treatment,25.82
R_5uabKnJBMc7HyEN,SHIRT,baseline,15.99
R_5uabKnJBMc7HyEN,SHOES,baseline,52.099999999999994
R_5vBegJGWq4ssxxv,CELLULAR_PHONE_CASE,baseline,9.95
R_5vBegJGWq4ssxxv,PROTECTIVE_GLOVE,baseline,13.93
R_5vBegJGWq4ssxxv,SCREEN_PROTECTOR,baseline,9.99
R_5vBegJGWq4ssxxv,SHIRT,baseline,50.61
R_5vBegJGWq4ssxxv,SKIN_CLEANING_AGENT,baseline,19.16
R_6AqJMmFQ2N3H7G1,CELLULAR_PHONE_CASE,baseline,8.39
R_6AqJMmFQ2N3H7G1,SCREEN_PROTECTOR,baseline,5.99
R_6AqJMmFQ2N3H7G1,SHOES,baseline,36.06
R_6FFYPC0OsCgV4Rz,FRUIT,baseline,4.09
R_6FFYPC0OsCgV4Rz,SAUCE,baseline,1.79
R_6FFYPC0OsCgV4Rz,VITAMIN,baseline,14.98
R_6Jw0sPgGkHLnKkp,SHIRT,baseline,13.99
R_6Jw0sPgGkHLnKkp,SHIRT,treatment,4.98
R_6Ll5Mpx90m0Csz7,COFFEE,baseline,38.43
R_6Ll5Mpx90m0Csz7,COFFEE,treatment,23.96
R_6Ll5Mpx90m0Csz7,TOILET_PAPER,baseline,31.49
R_6PPrjURdBcjGlFv,SKIN_CLEANING_AGENT,baseline,11.91
R_6PyY0OpZk0HtKmJ,PET_FOOD,baseline,31.43
R_6PyY0OpZk0HtKmJ,PET_FOOD,treatment,9.78
R_6RVtg146Q76aRTH,COFFEE,baseline,22.49
R_6RVtg146Q76aRTH,ELECTRONIC_CABLE,baseline,8.99
R_6RnwaFhoku7DJ5v,COFFEE,treatment,5.74
R_6RnwaFhoku7DJ5v,HERB,treatment,10.98
R_6RpwKYK0Mr2zKBH,PET_FOOD,baseline,47.36
R_6RpwKYK0Mr2zKBH,PET_FOOD,treatment,20.4
R_6RpwKYK0Mr2zKBH,SHOES,baseline,29.99
R_6SbhJD23U5a2YJX,CELLULAR_PHONE_CASE,baseline,35.99
R_6SbhJD23U5a2YJX,SHIRT,baseline,54.75
R_6SbhJD23U5a2YJX,SHIRT,treatment,13.99
R_6SbhJD23U5a2YJX,SKIN_CLEANING_AGENT,baseline,12.88
R_6X3q4ykD7atEx1L,CELLULAR_PHONE_CASE,baseline,13.99
R_6X3q4ykD7atEx1L,ELECTRONIC_CABLE,treatment,5.85
R_6XWHYtEspxUVIkx,PROTECTIVE_GLOVE,treatment,33.99
R_6Y8B3R1iIUjRAXv,SCREEN_PROTECTOR,baseline,6.99
R_6YaXLSLSVlLGVGN,SKIN_CLEANING_AGENT,treatment,9.82
R_6fzbeTqbnF0kBih,ELECTRONIC_CABLE,treatment,15.99
R_6gwxeBuC9V7nKsF,FRUIT,baseline,3.81
R_6gwxeBuC9V7nKsF,PLANTER,treatment,20.99
R_6gwxeBuC9V7nKsF,SCREEN_PROTECTOR,baseline,26.99
R_6gwxeBuC9V7nKsF,SHOES,treatment,83.96
R_6gwxeBuC9V7nKsF,TOILET_PAPER,baseline,8.46
R_6lN81T97jE0mRWh,ELECTRONIC_CABLE,treatment,7.99
R_6lN81T97jE0mRWh,SKIN_CLEANING_AGENT,treatment,9.87
R_6m1QCIXstgjIo4p,ELECTRONIC_CABLE,baseline,20.48
R_6og1V0SdfhCA0pj,PET_FOOD,baseline,63.36
R_6og1V0SdfhCA0pj,PET_FOOD,treatment,20.17
R_6og1V0SdfhCA0pj,VITAMIN,treatment,8.4
R_6oiX8teN1cKlcZj,DISHWASHER_DETERGENT,baseline,4.93
R_6oiX8teN1cKlcZj,DISHWASHER_DETERGENT,treatment,14.1
R_6oiX8teN1cKlcZj,PET_FOOD,baseline,17.25
R_6oiX8teN1cKlcZj,PET_FOOD,treatment,41.94
R_6oiX8teN1cKlcZj,SHOES,baseline,21.99
R_6tG1HcvdSCJZ25r,SCREEN_PROTECTOR,baseline,7.99
R_6tG1HcvdSCJZ25r,SHIRT,baseline,229.99
R_7QmyMWZwMl9q2KR,CELLULAR_PHONE_CASE,baseline,5.94
R_7QmyMWZwMl9q2KR,SCREEN_PROTECTOR,treatment,8.99
R_7QmyMWZwMl9q2KR,SUGAR_CANDY,treatment,7.75
R_7U8XoGp9dZJoxIB,PET_FOOD,treatment,28.36
R_7VE7AAGZ5n3WvIt,ADHESIVE_TAPES,baseline,12.99
R_7VE7AAGZ5n3WvIt,CELLULAR_PHONE_CASE,baseline,13.99
R_7VE7AAGZ5n3WvIt,SHOES,baseline,51.85
R_7VE7AAGZ5n3WvIt,SUGAR_CANDY,baseline,8.98
R_7WFNeA48pQKxNFT,SHOES,baseline,25.0
R_7ZH1uBNuL9RQ2K5,PET_FOOD,baseline,23.119999999999997
R_7ZH1uBNuL9RQ2K5,PET_FOOD,treatment,36.3
R_7ZH1uBNuL9RQ2K5,SHOES,baseline,32.98
R_82FcUS7YwWY5VlL,PET_FOOD,baseline,7.99
R_82JzK2I5EzjMiCR,SHOES,baseline,40.16
R_85OdkeCoFP5daLL,SAUCE,baseline,14.4
R_89aTM1JXN8SWr3b,PET_FOOD,baseline,10.78
R_89aTM1JXN8SWr3b,SHIRT,baseline,47.98
R_8CXcySQawXPuJwJ,CELLULAR_PHONE_CASE,baseline,10.99
R_8CXcySQawXPuJwJ,COFFEE,baseline,22.49
R_8CXcySQawXPuJwJ,FLAVORED_DRINK_CONCENTRATE,treatment,13.96
R_8CXcySQawXPuJwJ,PET_FOOD,treatment,12.47
R_8CXcySQawXPuJwJ,SAUCE,treatment,35.269999999999996
R_8CXcySQawXPuJwJ,SHIRT,treatment,27.3
R_8CXcySQawXPuJwJ,SKIN_CLEANING_AGENT,baseline,48.02
R_8CXcySQawXPuJwJ,SUGAR_CANDY,treatment,21.14
R_8CXcySQawXPuJwJ,TOILET_PAPER,baseline,18.48
R_8IbYFRjJvCXVtHX,SHIRT,baseline,28.979999999999997
R_8eKGNVrEIgSCi09,SHOES,baseline,69.99
R_8eKGNVrEIgSCi09,TOILET_PAPER,treatment,19.36
R_8eV1MpUczuxdP4l,ELECTRONIC_CABLE,baseline,8.99
R_8eV1MpUczuxdP4l,TOILET_PAPER,treatment,28.8
R_8eV1MpUczuxdP4l,VITAMIN,treatment,38.94
R_8hJoBZ9EnImCSxX,ELECTRONIC_CABLE,treatment,6.98
R_8igkqu4jEaogJzj,SHOES,baseline,63.980000000000004
R_8joNCHQszTby2Rz,SCREEN_PROTECTOR,treatment,3.99
R_8p1MahUdaghpbgJ,FRUIT,baseline,4.54
R_8p1MahUdaghpbgJ,HERB,baseline,2.69
R_8p1MahUdaghpbgJ,PET_FOOD,baseline,8.790000000000001
R_8p1MahUdaghpbgJ,SAUCE,baseline,7.2
R_8pMsG4P0RqzoSlz,ADHESIVE_TAPES,treatment,12.59
R_8pMsG4P0RqzoSlz,PROTECTIVE_GLOVE,treatment,12.49
R_8pMsG4P0RqzoSlz,TOILET_PAPER,treatment,25.18
R_8qRoOOEPN9hzPl7,ADHESIVE_TAPES,treatment,12.99
R_8qRoOOEPN9hzPl7,PET_FOOD,baseline,137.97
R_8qRoOOEPN9hzPl7,PET_FOOD,treatment,71.99
R_8ro09iHf6361XLX,COFFEE,baseline,61.959999999999994
R_8ro09iHf6361XLX,COFFEE,treatment,26.98
R_8ro09iHf6361XLX,FRUIT,treatment,8.97
R_8ro09iHf6361XLX,PET_FOOD,baseline,4.84
R_8ro09iHf6361XLX,SKIN_CLEANING_AGENT,treatment,4.99
R_8ro09iHf6361XLX,TOILET_PAPER,baseline,22.25
R_8tXaTutYvYjPOoh,DISHWARE_PLATE,baseline,2.0
R_8vnpSkm79W7Jsv7,ELECTRONIC_CABLE,baseline,34.46
R_8vnpSkm79W7Jsv7,PET_FOOD,baseline,19.08
R_8vnpSkm79W7Jsv7,PET_FOOD,treatment,19.08
R_8wRttNX3JNWugRr,COFFEE,baseline,38.43
R_8wRttNX3JNWugRr,SHIRT,baseline,11.9
R_8wRttNX3JNWugRr,SUGAR_CANDY,baseline,12.5
R_8xg4H4866B3fAKR,CELLULAR_PHONE_CASE,baseline,33.9
R_8xg4H4866B3fAKR,CELLULAR_PHONE_CASE,treatment,25.98
R_8xg4H4866B3fAKR,SHOES,treatment,49.61
R_9BHb7AqpZz3bNPH,CELLULAR_PHONE_CASE,baseline,5.99
R_9BHb7AqpZz3bNPH,ELECTRONIC_CABLE,baseline,6.59
R_9BHb7AqpZz3bNPH,SUGAR_CANDY,treatment,17.310000000000002
R_9BuaSujzfvulXoJ,CELLULAR_PHONE_CASE,treatment,39.64
R_9BuaSujzfvulXoJ,PET_FOOD,baseline,19.73
R_9BuaSujzfvulXoJ,PET_FOOD,treatment,18.08
R_9BuaSujzfvulXoJ,SCREEN_PROTECTOR,treatment,12.39
R_9BuaSujzfvulXoJ,SKIN_CLEANING_AGENT,treatment,2.5
R_9BuaSujzfvulXoJ,SUGAR_CANDY,baseline,6.41
R_9BuaSujzfvulXoJ,TOILET_PAPER,baseline,15.97
R_9BuaSujzfvulXoJ,VITAMIN,baseline,9.99
R_9BuaSujzfvulXoJ,VITAMIN,treatment,21.95
R_9GKdL1PctL2H4OJ,COFFEE,baseline,6.48
R_9GKdL1PctL2H4OJ,DISHWASHER_DETERGENT,treatment,4.6
R_9GKdL1PctL2H4OJ,FLAVORED_DRINK_CONCENTRATE,treatment,7.96
R_9GKdL1PctL2H4OJ,HERB,baseline,8.0
R_9GKdL1PctL2H4OJ,HERB,treatment,24.61
R_9GKdL1PctL2H4OJ,SAUCE,baseline,10.969999999999999
R_9GKdL1PctL2H4OJ,SAUCE,treatment,6.5
R_9GKdL1PctL2H4OJ,SHOES,baseline,89.95
R_9GKdL1PctL2H4OJ,SKIN_CLEANING_AGENT,treatment,1.98
R_9GKdL1PctL2H4OJ,TOILET_PAPER,baseline,13.3
R_9GKdL1PctL2H4OJ,TOILET_PAPER,treatment,56.9
R_9GKdL1PctL2H4OJ,VITAMIN,baseline,8.47
R_9GKdL1PctL2H4OJ,VITAMIN,treatment,14.99
R_9L8Lum5AaHh6bq9,CELLULAR_PHONE_CASE,baseline,13.85
R_9L8Lum5AaHh6bq9,SAUCE,treatment,22.73
R_9M43XaNdATGedPz,VITAMIN,baseline,19.98
R_9S5ZvGThjyy3CAF,CELLULAR_PHONE_CASE,treatment,15.99
R_9S5ZvGThjyy3CAF,SHIRT,baseline,39.79
R_9S5ZvGThjyy3CAF,VITAMIN,baseline,35.97
R_9U2pxdANhXddsKB,SHIRT,baseline,8.18
R_9WS203RWpPonQgF,ELECTRONIC_CABLE,baseline,32.69
R_9WS203RWpPonQgF,PET_FOOD,baseline,60.0
R_9mGmhKxB10zJtHr,SHIRT,baseline,8.32
R_9nKhCJegREGhqjD,ADHESIVE_TAPES,baseline,3.58
R_9nKhCJegREGhqjD,ELECTRONIC_CABLE,baseline,12.99
R_9piETGB9s3Vxj2h,SHOES,baseline,50.26
R_9ppTjfBQZZs42WJ,PET_FOOD,baseline,9.58
R_9ppTjfBQZZs42WJ,SHIRT,baseline,115.74
R_9ppTjfBQZZs42WJ,SHIRT,treatment,11.41
R_9ppTjfBQZZs42WJ,SHOES,baseline,225.82
R_9vudhfLDxozbpex,SHOES,baseline,24.45
R_9vudhfLDxozbpex,SKIN_CLEANING_AGENT,baseline,15.98
R_9yOmfJyU0rNZGW5,ADHESIVE_TAPES,treatment,10.24
R_9yOmfJyU0rNZGW5,ELECTRONIC_CABLE,baseline,136.47
R_9yOmfJyU0rNZGW5,PET_FOOD,treatment,56.3
R_9yOmfJyU0rNZGW5,SHIRT,baseline,21.98
R_9yOmfJyU0rNZGW5,SHIRT,treatment,14.95
R_A0ZwhLeBVySdW8N,CELLULAR_PHONE_CASE,baseline,11.99
R_A0ZwhLeBVySdW8N,ELECTRONIC_CABLE,baseline,11.04
R_A0ZwhLeBVySdW8N,SCREEN_PROTECTOR,treatment,8.99
R_A0ZwhLeBVySdW8N,SKIN_CLEANING_AGENT,baseline,27.58
R_A0ZwhLeBVySdW8N,VITAMIN,baseline,15.95
R_A1fku0XPEwwfhC1,SHIRT,baseline,12.99
R_A1h0ov6aU9SU4Rr,ADHESIVE_TAPES,baseline,2.59
R_A1h0ov6aU9SU4Rr,SHIRT,baseline,18.98
R_A1h0ov6aU9SU4Rr,SUGAR_CANDY,treatment,33.36
R_A5Mg9h1PiJL0Wyd,CELLULAR_PHONE_CASE,baseline,38.97
R_A5Mg9h1PiJL0Wyd,PET_FOOD,baseline,37.11
R_A5Mg9h1PiJL0Wyd,PET_FOOD,treatment,54.87
R_A5Mg9h1PiJL0Wyd,SCREEN_PROTECTOR,baseline,7.85
R_A5Mg9h1PiJL0Wyd,SKIN_CLEANING_AGENT,baseline,8.13
R_A5sbkTmUYGXhO3n,ELECTRONIC_CABLE,treatment,6.99
R_A5sbkTmUYGXhO3n,PET_FOOD,baseline,186.44
R_A5sbkTmUYGXhO3n,PET_FOOD,treatment,151.9
R_A5sbkTmUYGXhO3n,SHOES,treatment,73.80000000000001
R_A5sbkTmUYGXhO3n,VITAMIN,treatment,9.99
R_A71XT7YTRmekJTX,CELLULAR_PHONE_CASE,baseline,14.9
R_A71XT7YTRmekJTX,SCREEN_PROTECTOR,treatment,5.49
R_A71XT7YTRmekJTX,SHIRT,baseline,13.99
R_A71XT7YTRmekJTX,SHOES,baseline,44.95
R_AEBbAiW2xdXI2at,CELLULAR_PHONE_CASE,baseline,30.979999999999997
R_AEBbAiW2xdXI2at,SHOES,baseline,17.99
R_AKBlDprDMrv4M7v,COFFEE,baseline,25.18
R_AKBlDprDMrv4M7v,COFFEE,treatment,37.519999999999996
R_AKBlDprDMrv4M7v,PET_FOOD,baseline,115.4
R_AKBlDprDMrv4M7v,PET_FOOD,treatment,99.87
R_AKBlDprDMrv4M7v,SHOES,treatment,59.95
R_AKBlDprDMrv4M7v,VITAMIN,baseline,9.38
R_AKyBiF8m5KxkO7n,SCREEN_PROTECTOR,baseline,8.95
R_AM0OvM0F9kBvqal,COFFEE,baseline,59.98
R_AM0OvM0F9kBvqal,DISHWASHER_DETERGENT,treatment,16.97
R_AM0OvM0F9kBvqal,HERB,treatment,20.810000000000002
R_AM0OvM0F9kBvqal,PET_FOOD,baseline,142.79000000000002
R_AM0OvM0F9kBvqal,PET_FOOD,treatment,52.1
R_AM0OvM0F9kBvqal,SKIN_CLEANING_AGENT,treatment,18.88
R_AM0OvM0F9kBvqal,SUGAR_CANDY,baseline,10.56
R_AM0OvM0F9kBvqal,TOILET_PAPER,baseline,53.98
R_AaonteE1s65CVYR,SAUCE,baseline,3.7199999999999998
R_AbNNlwZIzJdqqVH,PLANTER,treatment,8.49
R_AbNNlwZIzJdqqVH,SHIRT,treatment,44.97
R_AbNNlwZIzJdqqVH,SUGAR_CANDY,treatment,15.95
R_AmMCFCEBSSiRhLz,SAUCE,treatment,7.96
R_AmMCFCEBSSiRhLz,SKIN_CLEANING_AGENT,baseline,18.95
R_AmMCFCEBSSiRhLz,SUGAR_CANDY,treatment,22.509999999999998
R_AmMCFCEBSSiRhLz,VITAMIN,treatment,59.25
R_Amq2LudEdwYblXX,CELLULAR_PHONE_CASE,baseline,14.51
R_Amq2LudEdwYblXX,CELLULAR_PHONE_CASE,treatment,9.95
R_Amq2LudEdwYblXX,ELECTRONIC_CABLE,baseline,11.99
R_Amq2LudEdwYblXX,SCREEN_PROTECTOR,treatment,6.99
R_Amq2LudEdwYblXX,SHIRT,treatment,7.61
R_Amq2LudEdwYblXX,SHOES,treatment,44.95
R_Amq2LudEdwYblXX,TOILET_PAPER,baseline,20.91
R_Amq2LudEdwYblXX,VITAMIN,baseline,11.52
R_Amq2LudEdwYblXX,VITAMIN,treatment,11.52
R_AnaWB7jLK3Qzjih,SCREEN_PROTECTOR,baseline,10.99
R_Ap2HcvpPLRDJv9L,CELLULAR_PHONE_CASE,baseline,9.99
R_ApVmIUhdKhewFtn,SAUCE,treatment,6.1
R_AvRRr0KV8ofOyl3,PET_FOOD,treatment,22.87
R_AyrDDOTLBwloO5P,CELLULAR_PHONE_CASE,baseline,11.45
R_BD2Y3Wa4pXBIsCd,ELECTRONIC_CABLE,treatment,9.99
R_BD2Y3Wa4pXBIsCd,SKIN_CLEANING_AGENT,baseline,7.74
R_BE9pJxDxFuncF3j,SHIRT,baseline,10.99
R_BEQWMs4OT1kbHGx,CELLULAR_PHONE_CASE,treatment,8.99
R_BFUS5gkEHAjnNVT,SCREEN_PROTECTOR,treatment,8.99
R_BGsKBYUEvyTRtUR,CELLULAR_PHONE_CASE,baseline,18.99
R_BIZy0TcvR27RwIh,COFFEE,baseline,12.96
R_BIZy0TcvR27RwIh,COFFEE,treatment,5.59
R_BIZy0TcvR27RwIh,FRUIT,baseline,35.04
R_BIZy0TcvR27RwIh,FRUIT,treatment,37.69
R_BIZy0TcvR27RwIh,PET_FOOD,baseline,17.98
R_BIZy0TcvR27RwIh,SAUCE,baseline,9.11
R_BIZy0TcvR27RwIh,SKIN_CLEANING_AGENT,baseline,13.0
R_BLHSjhNDo0SfXd7,CELLULAR_PHONE_CASE,baseline,27.98
R_BPpVPmbTpGsXK1z,SHIRT,treatment,74.94
R_BPpVPmbTpGsXK1z,TOILET_PAPER,treatment,6.99
R_BVssGO3SDM9uIXD,CELLULAR_PHONE_CASE,baseline,17.97
R_BVssGO3SDM9uIXD,CELLULAR_PHONE_CASE,treatment,11.99
R_BVssGO3SDM9uIXD,SCREEN_PROTECTOR,baseline,5.95
R_BWAjcs1sKUc6NQl,FLAVORED_DRINK_CONCENTRATE,baseline,15.98
R_BWAjcs1sKUc6NQl,PET_FOOD,treatment,23.41
R_BWAjcs1sKUc6NQl,PROTECTIVE_GLOVE,treatment,19.99
R_BWAjcs1sKUc6NQl,SAUCE,baseline,12.09
R_BWAjcs1sKUc6NQl,SKIN_CLEANING_AGENT,treatment,9.97
R_BWAjcs1sKUc6NQl,VITAMIN,baseline,15.99
R_BWbBjrNuPF35sTn,ELECTRONIC_CABLE,baseline,9.99
R_BWhnv4EdbhSS6rf,CELLULAR_PHONE_CASE,treatment,4.99
R_BWhnv4EdbhSS6rf,COFFEE,baseline,30.88
R_BWhnv4EdbhSS6rf,COFFEE,treatment,13.47
R_BWhnv4EdbhSS6rf,DISHWASHER_DETERGENT,baseline,16.13
R_BWhnv4EdbhSS6rf,FLAVORED_DRINK_CONCENTRATE,baseline,15.9
R_BWhnv4EdbhSS6rf,FLAVORED_DRINK_CONCENTRATE,treatment,5.96
R_BWhnv4EdbhSS6rf,HERB,baseline,11.48
R_BWhnv4EdbhSS6rf,HERB,treatment,9.99
R_BWhnv4EdbhSS6rf,PET_FOOD,baseline,72.47
R_BWhnv4EdbhSS6rf,PET_FOOD,treatment,18.66
R_BWhnv4EdbhSS6rf,SHIRT,treatment,11.05
R_BWhnv4EdbhSS6rf,SHOES,baseline,69.38
R_BWhnv4EdbhSS6rf,SKIN_CLEANING_AGENT,baseline,10.49
R_BWhnv4EdbhSS6rf,SUGAR_CANDY,treatment,8.69
R_BWhnv4EdbhSS6rf,TOILET_PAPER,baseline,11.98
R_BWhnv4EdbhSS6rf,TOILET_PAPER,treatment,47.94
R_BY99IwiFiWwa8c9,COFFEE,treatment,34.46
R_BY99IwiFiWwa8c9,ELECTRONIC_CABLE,treatment,6.99
R_BY99IwiFiWwa8c9,PET_FOOD,treatment,10.5
R_BY99IwiFiWwa8c9,TOILET_PAPER,baseline,27.49
R_BY99IwiFiWwa8c9,VITAMIN,treatment,23.18
R_BYr5WwayMBf66SR,SHIRT,treatment,19.95
R_BYr5WwayMBf66SR,TOILET_PAPER,treatment,35.99
R_C1gEwoKxaLBh0eR,PET_FOOD,baseline,16.98
R_C2cxEkvsW2SCiIx,SUGAR_CANDY,treatment,14.0
R_C3LV91JA6qhi32V,ELECTRONIC_CABLE,baseline,6.95
R_C3LfLBkg9TFvQnD,SHIRT,baseline,15.99
R_C46bB8ihQWceG9r,ELECTRONIC_CABLE,baseline,22.99
R_C4wcuNpetPCSHy9,ELECTRONIC_CABLE,treatment,43.11
R_C4wcuNpetPCSHy9,SHIRT,baseline,37.98
R_C7bztkUY2YELJMB,ADHESIVE_TAPES,baseline,9.79
R_C7bztkUY2YELJMB,COFFEE,baseline,10.850000000000001
R_C7bztkUY2YELJMB,ELECTRONIC_CABLE,baseline,7.59
R_C7bztkUY2YELJMB,PET_FOOD,baseline,1.73
R_C7bztkUY2YELJMB,SUGAR_CANDY,baseline,2.19
R_CZAtNBjMUIwIHnz,SKIN_CLEANING_AGENT,treatment,7.48
R_CaF1pc8CnyWJvCp,ELECTRONIC_CABLE,baseline,15.0
R_CdkexeCTNy6chYR,PET_FOOD,treatment,27.810000000000002
R_CdkexeCTNy6chYR,VITAMIN,treatment,18.57
R_Cgbr25P8IQSFnr3,CELLULAR_PHONE_CASE,treatment,21.98
R_D0Igocfec79s8eJ,COFFEE,baseline,25.44
R_D8LcojwusttCWaJ,ADHESIVE_TAPES,treatment,22.23
R_D8LcojwusttCWaJ,CELLULAR_PHONE_CASE,baseline,20.98
R_D8LcojwusttCWaJ,HERB,treatment,9.95
R_D8LcojwusttCWaJ,PET_FOOD,baseline,98.91999999999999
R_D8LcojwusttCWaJ,SCREEN_PROTECTOR,baseline,23.85
R_D8LcojwusttCWaJ,SUGAR_CANDY,baseline,9.98
R_DA9TRokxEawYko1,SHIRT,treatment,19.99
R_DA9TRokxEawYko1,VITAMIN,baseline,9.23
R_DBhzVeGIG4SLSYV,ADHESIVE_TAPES,treatment,5.64
R_DBhzVeGIG4SLSYV,CELLULAR_PHONE_CASE,baseline,11.99
R_DBhzVeGIG4SLSYV,ELECTRONIC_CABLE,baseline,15.99
R_DBhzVeGIG4SLSYV,PET_FOOD,treatment,14.4
R_DBhzVeGIG4SLSYV,SKIN_CLEANING_AGENT,treatment,10.47
R_DBhzVeGIG4SLSYV,SUGAR_CANDY,baseline,15.92
R_DBhzVeGIG4SLSYV,SUGAR_CANDY,treatment,12.98
R_DBhzVeGIG4SLSYV,VITAMIN,baseline,4.99
R_DHIYV6xHDSph77H,CELLULAR_PHONE_CASE,baseline,12.49
R_DM3u1ro7eb4ws93,PROTECTIVE_GLOVE,baseline,8.99
R_DM3u1ro7eb4ws93,TOILET_PAPER,baseline,28.9
R_DTrD9QIw8cM6tUJ,SHIRT,baseline,12.85
R_DTrD9QIw8cM6tUJ,SKIN_CLEANING_AGENT,baseline,11.45
R_Djcs43mP6ReoYgN,ELECTRONIC_CABLE,treatment,14.99
R_Djcs43mP6ReoYgN,PET_FOOD,baseline,75.45
R_Djcs43mP6ReoYgN,PET_FOOD,treatment,31.64
R_Djcs43mP6ReoYgN,SKIN_CLEANING_AGENT,baseline,6.99
R_Dk08oiknq542ECt,TOILET_PAPER,baseline,50.22
R_Dk08oiknq542ECt,TOILET_PAPER,treatment,50.22
R_DlcSFSP5pIpvtdf,SKIN_CLEANING_AGENT,treatment,29.99
R_DpNpJSwByhJOFrP,ELECTRONIC_CABLE,baseline,17.99
R_Dpf63KlGHpm0Lw5,SAUCE,baseline,31.89
R_Dpf63KlGHpm0Lw5,SAUCE,treatment,19.92
R_Dpf63KlGHpm0Lw5,SKIN_CLEANING_AGENT,baseline,9.97
R_Dpf63KlGHpm0Lw5,SKIN_CLEANING_AGENT,treatment,9.97
R_Dpf63KlGHpm0Lw5,SUGAR_CANDY,treatment,7.65
R_DqTqoF539jfSsLf,SKIN_CLEANING_AGENT,baseline,6.97
R_Dw30GgKFkKsUqT7,ELECTRONIC_CABLE,baseline,9.99
R_Dw30GgKFkKsUqT7,PET_FOOD,baseline,22.49
R_Dw30GgKFkKsUqT7,PET_FOOD,treatment,58.760000000000005
R_Dw30GgKFkKsUqT7,SHIRT,treatment,11.99
R_Dw30GgKFkKsUqT7,SKIN_CLEANING_AGENT,treatment,30.96
R_Dw30GgKFkKsUqT7,TOILET_PAPER,treatment,59.32
R_NWM1oHODdHb0YPD,HERB,treatment,14.97
R_NWRR48qozQZO8g1,SUGAR_CANDY,baseline,7.97
R_O1j7YshNZJCDX9v,PET_FOOD,treatment,13.29
R_O1nG8RWb88sBQU9,CELLULAR_PHONE_CASE,baseline,22.6
R_O1nG8RWb88sBQU9,DISHWARE_PLATE,baseline,9.97
R_O1nG8RWb88sBQU9,DISHWARE_PLATE,treatment,10.48
R_O1nG8RWb88sBQU9,FLAVORED_DRINK_CONCENTRATE,baseline,2.27
R_O1nG8RWb88sBQU9,PET_FOOD,baseline,34.72
R_O1nG8RWb88sBQU9,PET_FOOD,treatment,7.29
R_O1nG8RWb88sBQU9,SKIN_CLEANING_AGENT,baseline,6.4
R_O1nG8RWb88sBQU9,TOILET_PAPER,baseline,35.74
R_O24aqc9u4zpgNFv,SHIRT,baseline,15.99
R_O24aqc9u4zpgNFv,SHOES,baseline,58.8
R_O24aqc9u4zpgNFv,SKIN_CLEANING_AGENT,baseline,14.0
R_O24aqc9u4zpgNFv,SUGAR_CANDY,baseline,17.4
R_O6ZX76mggPnAOfD,ADHESIVE_TAPES,treatment,7.99
R_O6ZX76mggPnAOfD,SKIN_CLEANING_AGENT,treatment,5.97
R_O8Qf4CzkJ7AbF2p,SKIN_CLEANING_AGENT,treatment,10.719999999999999
R_O8Wb9DhS9QWdXnb,COFFEE,treatment,8.94
R_O8Wb9DhS9QWdXnb,FRUIT,treatment,2.51
R_O8Wb9DhS9QWdXnb,PLANTER,baseline,25.99
R_O8Wb9DhS9QWdXnb,SAUCE,treatment,6.15
R_O8Wb9DhS9QWdXnb,SKIN_CLEANING_AGENT,baseline,11.99
R_O8Wb9DhS9QWdXnb,SUGAR_CANDY,treatment,11.97
R_O8Wb9DhS9QWdXnb,VITAMIN,baseline,24.05
R_O9FzIlCvCxllJSN,ELECTRONIC_CABLE,baseline,6.95
R_OGN3QDO9930tfAl,SUGAR_CANDY,baseline,51.8
R_OOOuKdWYnL8wYG5,SHIRT,treatment,152.02
R_OOOuKdWYnL8wYG5,SHOES,treatment,49.95
R_OOOuKdWYnL8wYG5,VITAMIN,baseline,9.12
R_OOOuKdWYnL8wYG5,VITAMIN,treatment,15.74
R_OPfbKZtf2Azgit3,SKIN_CLEANING_AGENT,baseline,18.400000000000002
R_OQeQHVDhrK9ane1,SCREEN_PROTECTOR,baseline,9.95
R_OdTirYYBS6ms6nn,COFFEE,baseline,149.23000000000002
R_OdTirYYBS6ms6nn,PET_FOOD,baseline,28.99
R_OdTirYYBS6ms6nn,SKIN_CLEANING_AGENT,baseline,42.0
R_Odixb15Ykmxb0Dn,DISHWASHER_DETERGENT,treatment,25.0
R_Odixb15Ykmxb0Dn,HERB,treatment,10.53
R_OfntYUzw43qHbuF,CELLULAR_PHONE_CASE,baseline,8.99
R_OfntYUzw43qHbuF,SHOES,baseline,21.99
R_Og8Cqd3iUgldHRn,COFFEE,baseline,9.96
R_Og8Cqd3iUgldHRn,PROTECTIVE_GLOVE,baseline,5.1
R_Og8Cqd3iUgldHRn,PROTECTIVE_GLOVE,treatment,5.1
R_Og8Cqd3iUgldHRn,TOILET_PAPER,baseline,7.94
R_Og8sDefGp0SvLl7,COFFEE,baseline,7.66
R_Og8sDefGp0SvLl7,COFFEE,treatment,9.29
R_OkSi9IxX5ddzzl7,ELECTRONIC_CABLE,baseline,22.97
R_OkSi9IxX5ddzzl7,SHIRT,baseline,83.75
R_Okx3CWwKxUas8i5,PET_FOOD,baseline,39.75
R_Okx3CWwKxUas8i5,PET_FOOD,treatment,41.980000000000004
R_Olj6s3oDUk1tpsJ,COFFEE,treatment,3.72
R_Om5DLvyVK2GS8Mh,COFFEE,baseline,24.05
R_Om5DLvyVK2GS8Mh,SHIRT,baseline,13.78
R_Om5DLvyVK2GS8Mh,SHOES,baseline,88.95
R_OoCZrVwXnQOuoOl,CELLULAR_PHONE_CASE,baseline,8.98
R_OoCZrVwXnQOuoOl,DISHWASHER_DETERGENT,baseline,16.97
R_OoCZrVwXnQOuoOl,PET_FOOD,baseline,109.69
R_OoCZrVwXnQOuoOl,SKIN_CLEANING_AGENT,baseline,8.99
R_OoCZrVwXnQOuoOl,VITAMIN,baseline,5.66
R_OoCZrVwXnQOuoOl,VITAMIN,treatment,80.48
R_OqFCNCGYAFOqwAp,FLAVORED_DRINK_CONCENTRATE,treatment,5.92
R_Oqwn8h7JmD9kZLr,ELECTRONIC_CABLE,baseline,23.98
R_OwFousWyWRNjaoN,VITAMIN,baseline,47.86
R_OwFousWyWRNjaoN,VITAMIN,treatment,22.67
R_OxNH1wcmFs7pICR,DISHWASHER_DETERGENT,treatment,24.26
R_OxNH1wcmFs7pICR,FRUIT,treatment,0.98
R_OxNH1wcmFs7pICR,PET_FOOD,baseline,33.99
R_OxNH1wcmFs7pICR,PET_FOOD,treatment,45.63
R_OxNH1wcmFs7pICR,TOILET_PAPER,baseline,43.72
R_OxNH1wcmFs7pICR,TOILET_PAPER,treatment,28.8
R_PBgcVvIiLghAouJ,PLANTER,baseline,11.99
R_PHakyxXHbSs3Wil,SCREEN_PROTECTOR,treatment,15.7
R_PHgbX4EoPqUsLjb,CELLULAR_PHONE_CASE,baseline,13.59
R_PHgbX4EoPqUsLjb,SCREEN_PROTECTOR,baseline,12.98
R_PIhjSFbZrFzqmf7,SHIRT,baseline,13.95
R_PIhjSFbZrFzqmf7,SHIRT,treatment,12.99
R_PRvq5W0QfrLLHoJ,SHIRT,baseline,28.98
R_PSPzdKfQKjUwhHP,ELECTRONIC_CABLE,baseline,7.41
R_PSgcRvjngEuUFC9,ELECTRONIC_CABLE,baseline,10.99
R_PTBypKcn9Vjypup,CELLULAR_PHONE_CASE,baseline,14.99
R_PTBypKcn9Vjypup,SCREEN_PROTECTOR,baseline,4.99
R_PTBypKcn9Vjypup,SHOES,baseline,58.98
R_PZK5ZHQaJY6ymWd,ADHESIVE_TAPES,treatment,4.84
R_PZK5ZHQaJY6ymWd,ELECTRONIC_CABLE,treatment,10.98
R_PZK5ZHQaJY6ymWd,PET_FOOD,treatment,26.479999999999997
R_PvwULHwARcFwOXv,CELLULAR_PHONE_CASE,baseline,23.97
R_PwlnzzccUMXV0n7,COFFEE,baseline,74.96
R_PwlnzzccUMXV0n7,COFFEE,treatment,43.37
R_PwlnzzccUMXV0n7,ELECTRONIC_CABLE,baseline,95.84
R_PwlnzzccUMXV0n7,FRUIT,baseline,4.83
R_PwlnzzccUMXV0n7,FRUIT,treatment,1.53
R_PwlnzzccUMXV0n7,HERB,baseline,7.71
R_PwlnzzccUMXV0n7,SAUCE,treatment,25.68
R_PwlnzzccUMXV0n7,TOILET_PAPER,baseline,37.230000000000004
R_PwlnzzccUMXV0n7,VITAMIN,baseline,39.94
R_PwlnzzccUMXV0n7,VITAMIN,treatment,19.97
R_PzynrAQBzRiPa93,SHOES,baseline,36.25
R_Q0VlYv4XDFK34mR,SHOES,baseline,58.88
R_Q4ZjTFeyiC5kgQV,VITAMIN,baseline,19.98
R_Q4ZjTFeyiC5kgQV,VITAMIN,treatment,65.87
R_Q4bzbtEeez3se3v,PET_FOOD,baseline,22.380000000000003
R_Q4bzbtEeez3se3v,PET_FOOD,treatment,28.95
R_Q6WPHvxgbOBjvZ7,ELECTRONIC_CABLE,baseline,9.99
R_Q6WPHvxgbOBjvZ7,HERB,baseline,6.4
R_Q6WrmxiECmUv68N,CELLULAR_PHONE_CASE,baseline,5.99
R_Q6uIjCCdaCmL0dP,ELECTRONIC_CABLE,baseline,9.99
R_Q6uIjCCdaCmL0dP,HERB,treatment,3.99
R_Q6uIjCCdaCmL0dP,PROTECTIVE_GLOVE,treatment,17.0
R_Q6uIjCCdaCmL0dP,SHIRT,baseline,25.99
R_Q9Qz1yZfznfUdbj,CELLULAR_PHONE_CASE,baseline,12.99
R_Q9Qz1yZfznfUdbj,SHIRT,baseline,15.99
R_Q9Qz1yZfznfUdbj,VITAMIN,baseline,44.7
R_Q9pXsMC9dL6xx7j,HERB,treatment,17.939999999999998
R_QfvAxCxCdb6YwUh,COFFEE,treatment,9.93
R_QfvAxCxCdb6YwUh,SHIRT,baseline,49.0
R_QfvAxCxCdb6YwUh,VITAMIN,baseline,7.19
R_QlCM5cyqADTpz0J,COFFEE,treatment,33.0
R_QlCM5cyqADTpz0J,PET_FOOD,baseline,27.09
R_QlCM5cyqADTpz0J,PET_FOOD,treatment,5.99
R_QlCM5cyqADTpz0J,PLANTER,baseline,23.99
R_QlCM5cyqADTpz0J,SHIRT,baseline,14.98
R_QlCM5cyqADTpz0J,SHIRT,treatment,20.5
R_QlwQMfafZZuwTM5,ELECTRONIC_CABLE,treatment,6.78
R_Qol5y4tCXYb9Ihb,PET_FOOD,baseline,40.89
R_Qol5y4tCXYb9Ihb,PET_FOOD,treatment,40.89
R_Qol5y4tCXYb9Ihb,SHIRT,baseline,30.979999999999997
R_Qol5y4tCXYb9Ihb,SHOES,baseline,12.98
R_Qp7pqfzWe3Qmcrn,ELECTRONIC_CABLE,treatment,19.99
R_Qp7pqfzWe3Qmcrn,PET_FOOD,baseline,49.98
R_Qp7pqfzWe3Qmcrn,PET_FOOD,treatment,23.99
R_Qp7pqfzWe3Qmcrn,VITAMIN,treatment,39.99
R_R38GYKD6oUDOIF3,SCREEN_PROTECTOR,treatment,6.89
R_R38GYKD6oUDOIF3,SUGAR_CANDY,baseline,11.28
R_R38GYKD6oUDOIF3,SUGAR_CANDY,treatment,11.28
R_R3TxodwIFRR70s1,SCREEN_PROTECTOR,treatment,7.99
R_R3TxodwIFRR70s1,SKIN_CLEANING_AGENT,treatment,1.74
R_R3TxodwIFRR70s1,VITAMIN,treatment,7.38
R_R4fpnxUUupS13Mt,CELLULAR_PHONE_CASE,baseline,19.99
R_R4fpnxUUupS13Mt,ELECTRONIC_CABLE,treatment,9.99
R_R4fpnxUUupS13Mt,SHIRT,treatment,20.0
R_R4fpnxUUupS13Mt,SKIN_CLEANING_AGENT,baseline,25.0
R_R4fpnxUUupS13Mt,SUGAR_CANDY,baseline,10.99
R_R8FquFTs5uv64G5,CELLULAR_PHONE_CASE,baseline,15.98
R_R8sct72XDNoSEJb,ELECTRONIC_CABLE,treatment,12.0
R_R8sct72XDNoSEJb,PET_FOOD,treatment,10.65
R_R8sct72XDNoSEJb,VITAMIN,treatment,9.36
R_RCVXIEUXgJrUx4R,COFFEE,baseline,4.1
R_RCVXIEUXgJrUx4R,COFFEE,treatment,34.93
R_RCVXIEUXgJrUx4R,ELECTRONIC_CABLE,baseline,9.99
R_RCVXIEUXgJrUx4R,SAUCE,baseline,2.47
R_RCVXIEUXgJrUx4R,SKIN_CLEANING_AGENT,baseline,6.99
R_RIab1TrbMHv4dm9,FLAVORED_DRINK_CONCENTRATE,treatment,12.99
R_RIab1TrbMHv4dm9,PROTECTIVE_GLOVE,treatment,12.7
R_RIab1TrbMHv4dm9,SCREEN_PROTECTOR,treatment,9.99
R_RK5cwWjrNzWCfLj,SKIN_CLEANING_AGENT,baseline,14.26
R_RK5cwWjrNzWCfLj,VITAMIN,baseline,28.33
R_RLDhRWGJ2OGQan7,ELECTRONIC_CABLE,baseline,7.99
R_RLDhRWGJ2OGQan7,HERB,baseline,10.9
R_RLDhRWGJ2OGQan7,PET_FOOD,baseline,50.82000000000001
R_RLDhRWGJ2OGQan7,PET_FOOD,treatment,44.88
R_RLDhRWGJ2OGQan7,VITAMIN,treatment,12.59
R_RPruSl134deuxOh,ELECTRONIC_CABLE,baseline,9.97
R_RPudbSO1mm9KZSp,COFFEE,baseline,16.57
R_RRdfI1nTggkIRdD,TOILET_PAPER,treatment,26.24
R_RRg5d7PYVofKVR7,ELECTRONIC_CABLE,baseline,7.99
R_RRg5d7PYVofKVR7,SCREEN_PROTECTOR,baseline,7.99
R_RRg5d7PYVofKVR7,SHIRT,baseline,20.79
R_RUiKvns4bLPdv1v,PET_FOOD,baseline,19.46
R_RUiKvns4bLPdv1v,PET_FOOD,treatment,20.99
R_RUm7V3LssbCRwQh,PET_FOOD,treatment,43.3
R_RaeWxaWjb7z8CLT,COFFEE,treatment,8.99
R_RekNI4I8FXKS9lT,ELECTRONIC_CABLE,baseline,4.99
R_RfThNEyjDIX9xwl,ADHESIVE_TAPES,baseline,11.28
R_RfThNEyjDIX9xwl,VITAMIN,treatment,9.97
R_RlSNQ6510NQghgZ,COFFEE,baseline,5.59
R_RlSNQ6510NQghgZ,PET_FOOD,baseline,56.3
R_RlSNQ6510NQghgZ,PET_FOOD,treatment,47.31
R_RlSNQ6510NQghgZ,SKIN_CLEANING_AGENT,baseline,4.19
R_RlSNQ6510NQghgZ,TOILET_PAPER,baseline,9.78
R_RlYyUhsDFvyGwX7,COFFEE,treatment,25.87
R_RlYyUhsDFvyGwX7,SKIN_CLEANING_AGENT,baseline,26.7
R_RlYyUhsDFvyGwX7,VITAMIN,treatment,41.95
R_RrAzSSEpdQYcUx3,ADHESIVE_TAPES,baseline,19.8
R_RrAzSSEpdQYcUx3,CELLULAR_PHONE_CASE,baseline,12.99
R_RrAzSSEpdQYcUx3,COFFEE,baseline,31.98
R_RrAzSSEpdQYcUx3,ELECTRONIC_CABLE,baseline,29.99
R_RrAzSSEpdQYcUx3,ELECTRONIC_CABLE,treatment,11.0
R_RrAzSSEpdQYcUx3,PET_FOOD,baseline,174.64
R_RrAzSSEpdQYcUx3,SCREEN_PROTECTOR,treatment,6.99
R_RsM6KRZLojriHU5,CELLULAR_PHONE_CASE,baseline,15.99
R_Rz7BADJXe1GMWQ1,SHIRT,baseline,19.95
R_SDngZDpmHNEeIBH,ELECTRONIC_CABLE,treatment,12.77
R_SDxHC9YZwYTKedz,ELECTRONIC_CABLE,baseline,15.0
R_SE2qI33L0z1rw2J,HERB,baseline,9.95
R_SE2qI33L0z1rw2J,SAUCE,baseline,14.92
R_SE2qI33L0z1rw2J,SKIN_CLEANING_AGENT,baseline,2.19
R_SE8gIJVx1g0m6T7,SHIRT,baseline,27.25
R_SGAAoUST7I3bMpr,CELLULAR_PHONE_CASE,baseline,23.979999999999997
R_SGAAoUST7I3bMpr,ELECTRONIC_CABLE,baseline,7.64
R_SH9KwMo2tRoWdJn,SHIRT,baseline,35.98
R_SH9KwMo2tRoWdJn,SKIN_CLEANING_AGENT,baseline,5.99
R_SNUZbqGQUi0m9yh,SHOES,baseline,39.0
R_SPgUY20fCYUgXtf,SHOES,baseline,59.97
R_SPgUY20fCYUgXtf,SKIN_CLEANING_AGENT,baseline,11.28
R_SV0JxIoAjGBzoyJ,TOILET_PAPER,treatment,25.99
R_SVHcBOlErkMEJjP,COFFEE,treatment,30.23
R_SVHcBOlErkMEJjP,ELECTRONIC_CABLE,baseline,30.48
R_SVHcBOlErkMEJjP,SHOES,treatment,45.49
R_SVmBvLv4VYHH09X,PET_FOOD,treatment,31.96
R_SVmBvLv4VYHH09X,VITAMIN,baseline,27.95
R_SZxS1wRL7j2vEk1,SHOES,baseline,29.99
R_T1tQcAWNuIjTeGB,SHIRT,baseline,39.98
R_T4THXKAQCwg9ZXb,SHIRT,baseline,27.98
R_T5DC7dqaf9rgfPr,PET_FOOD,baseline,16.9
R_T5DC7dqaf9rgfPr,PET_FOOD,treatment,39.36
R_T7M3PV3PTCNrGxz,ELECTRONIC_CABLE,baseline,6.98
R_TaWqCKHh5CNkWhb,ELECTRONIC_CABLE,baseline,39.78
R_TaWqCKHh5CNkWhb,PET_FOOD,baseline,11.42
R_TaWqCKHh5CNkWhb,PET_FOOD,treatment,13.29
R_TcSJ9ex2QSL6adP,CELLULAR_PHONE_CASE,baseline,10.99
R_TcSJ9ex2QSL6adP,SHIRT,treatment,16.99
R_TcjKmH0V8Aiprbj,CELLULAR_PHONE_CASE,baseline,6.99
R_ThYIl4DOmKJ6ADv,SHIRT,baseline,59.99
R_ThYIl4DOmKJ6ADv,SHIRT,treatment,59.99
R_Thedjrv7zp1BGwh,PET_FOOD,baseline,31.64
R_Thn6rAkosxWmMVz,CELLULAR_PHONE_CASE,treatment,11.99
R_Thn6rAkosxWmMVz,SCREEN_PROTECTOR,treatment,7.29
R_TiKImT7l7MFo2id,SHIRT,treatment,19.99
R_TmUTipQ7flj3x5f,ELECTRONIC_CABLE,baseline,17.94
R_TmZ0K9e559ejvl7,SHIRT,baseline,33.98
R_TmZ0K9e559ejvl7,SHOES,treatment,190.67000000000002
R_TnZKYgbGLyAswBH,PLANTER,baseline,10.98
R_TtK3Qkb3c3EIeoV,ADHESIVE_TAPES,baseline,2.97
R_TtjiPpPxtkd5Vnz,PET_FOOD,treatment,66.4
R_TtjiPpPxtkd5Vnz,VITAMIN,treatment,14.99
R_TwkOLlpYpSqvIUp,COFFEE,treatment,20.95
R_TwqkiWpv7r8ygAV,PET_FOOD,baseline,86.71000000000001
R_TwqkiWpv7r8ygAV,PET_FOOD,treatment,47.85
R_UDu8kaov2do91g5,SHIRT,treatment,22.99
R_UEke64xAaOG3mTf,SHIRT,baseline,19.99
R_UEke64xAaOG3mTf,SHOES,baseline,56.97
R_UGXkmUaPs73P0KB,PET_FOOD,baseline,21.14
R_UGXkmUaPs73P0KB,VITAMIN,treatment,7.39
R_UJy9bvJSlz6m5bP,PET_FOOD,treatment,14.48
R_UJy9bvJSlz6m5bP,PLANTER,treatment,8.42
R_UJy9bvJSlz6m5bP,SHOES,baseline,33.98
R_UJy9bvJSlz6m5bP,SKIN_CLEANING_AGENT,treatment,7.99
R_UJy9bvJSlz6m5bP,SUGAR_CANDY,baseline,8.98
R_UJy9bvJSlz6m5bP,TOILET_PAPER,treatment,22.25
R_ULx5LxsLFAmehW1,ELECTRONIC_CABLE,baseline,9.5
R_ULx5LxsLFAmehW1,ELECTRONIC_CABLE,treatment,25.060000000000002
R_UMB3TmQ4xi2VrUJ,ELECTRONIC_CABLE,baseline,8.99
R_UPXamGKtmf4RVIZ,SUGAR_CANDY,treatment,19.759999999999998
R_UQoYDne6ZzayUxP,SCREEN_PROTECTOR,baseline,7.85
R_URRtiKcS7CPrnwd,FRUIT,baseline,31.68
R_URRtiKcS7CPrnwd,SCREEN_PROTECTOR,baseline,6.99
R_USJD2iFMcaC6Wjf,ELECTRONIC_CABLE,baseline,6.99
R_USJD2iFMcaC6Wjf,SCREEN_PROTECTOR,baseline,17.88
R_USc2JrcVi09Tvln,CELLULAR_PHONE_CASE,baseline,49.99
R_USc2JrcVi09Tvln,ELECTRONIC_CABLE,treatment,9.98
R_USc2JrcVi09Tvln,PROTECTIVE_GLOVE,treatment,9.48
R_USc2JrcVi09Tvln,SCREEN_PROTECTOR,baseline,6.99
R_USc2JrcVi09Tvln,SUGAR_CANDY,baseline,14.09
R_UVM6YBvaArzpRjb,ADHESIVE_TAPES,treatment,7.96
R_UVM6YBvaArzpRjb,DISHWARE_PLATE,baseline,4.69
R_UVM6YBvaArzpRjb,FLAVORED_DRINK_CONCENTRATE,baseline,14.77
R_UVM6YBvaArzpRjb,FRUIT,baseline,15.29
R_UVM6YBvaArzpRjb,PET_FOOD,baseline,46.230000000000004
R_UVM6YBvaArzpRjb,PET_FOOD,treatment,45.5
R_UVM6YBvaArzpRjb,SAUCE,baseline,21.18
R_UVyQeFE7FoVZziN,CELLULAR_PHONE_CASE,baseline,12.6
R_UWl7Tnh9WjcOABH,ELECTRONIC_CABLE,treatment,15.99
R_UWl7Tnh9WjcOABH,FRUIT,baseline,11.88
R_UWl7Tnh9WjcOABH,HERB,baseline,2.99
R_UWl7Tnh9WjcOABH,PET_FOOD,treatment,20.23
R_UWl7Tnh9WjcOABH,TOILET_PAPER,baseline,5.99
R_UWoHCQ8zPRgM7hD,TOILET_PAPER,treatment,40.51
R_UZ8htLc08E86uE9,ELECTRONIC_CABLE,treatment,11.35
R_UZ8htLc08E86uE9,SCREEN_PROTECTOR,baseline,37.95
R_UaUT55gxGPcEyR3,VITAMIN,baseline,4.98
R_Ui78k1hRGuGWhln,SKIN_CLEANING_AGENT,treatment,17.88
R_UiGJcgWtDtZPfih,CELLULAR_PHONE_CASE,treatment,49.95
R_UlOQHrMf1EiWKQx,SKIN_CLEANING_AGENT,baseline,19.6
R_UrQfognZjR4q5CF,ELECTRONIC_CABLE,baseline,10.99
R_UxUPzvBlS75I6ul,PET_FOOD,baseline,32.87
R_UxUPzvBlS75I6ul,PET_FOOD,treatment,31.64
R_UxVZdLDXWoy4nO9,CELLULAR_PHONE_CASE,treatment,7.99
R_UxpqIzxxhvziAa5,VITAMIN,baseline,9.38
R_V1EWFs6tkv2DaMN,SHIRT,baseline,22.99
R_V1EWFs6tkv2DaMN,VITAMIN,baseline,59.97
R_V1EWFs6tkv2DaMN,VITAMIN,treatment,34.96
R_V416ZQ4Q4ElD1yF,PET_FOOD,baseline,69.94
R_V416ZQ4Q4ElD1yF,TOILET_PAPER,baseline,19.99
R_V43VJZ8PVo1w0ff,CELLULAR_PHONE_CASE,treatment,7.99
R_V43VJZ8PVo1w0ff,ELECTRONIC_CABLE,treatment,12.98
R_V43VJZ8PVo1w0ff,HERB,treatment,46.0
R_V43VJZ8PVo1w0ff,VITAMIN,treatment,16.97
R_VL9AaDH7tfS4d8Z,VITAMIN,baseline,24.599999999999998
R_VLmTvhwazA2Ng9X,PET_FOOD,treatment,31.94
R_VLmTvhwazA2Ng9X,SHIRT,treatment,20.0
R_VLmTvhwazA2Ng9X,SHOES,treatment,30.99
R_W3empn2lGXa2u3v,PET_FOOD,treatment,12.96
R_W80kzJbCa8CD9UB,ELECTRONIC_CABLE,baseline,30.47
R_W80kzJbCa8CD9UB,ELECTRONIC_CABLE,treatment,8.0
R_Wd4NW3fCsUmgTfz,CELLULAR_PHONE_CASE,baseline,37.98
R_Wd4NW3fCsUmgTfz,ELECTRONIC_CABLE,baseline,16.49
R_Wd4NW3fCsUmgTfz,SHIRT,treatment,21.0
R_WdjRiujyi439QUV,SHIRT,baseline,10.99
R_WeUTXBXyijB097X,COFFEE,treatment,12.99
R_WeUTXBXyijB097X,TOILET_PAPER,treatment,25.18
R_WerZwuLkMK4zfVf,PET_FOOD,baseline,8.24
R_WerZwuLkMK4zfVf,PET_FOOD,treatment,25.83
R_WerZwuLkMK4zfVf,SAUCE,baseline,13.98
R_WerZwuLkMK4zfVf,SCREEN_PROTECTOR,baseline,5.99
R_WerZwuLkMK4zfVf,SHIRT,baseline,31.93
R_WerZwuLkMK4zfVf,SHOES,baseline,36.0
R_WfcQjcLLrgyyhZD,CELLULAR_PHONE_CASE,baseline,7.29
R_WfcQjcLLrgyyhZD,CELLULAR_PHONE_CASE,treatment,7.99
R_WfcQjcLLrgyyhZD,ELECTRONIC_CABLE,baseline,7.99
R_WfcQjcLLrgyyhZD,ELECTRONIC_CABLE,treatment,7.99
R_WfcQjcLLrgyyhZD,SHIRT,baseline,22.93
R_Wflh7jXpugM20Dv,COFFEE,baseline,12.98
R_Wflh7jXpugM20Dv,COFFEE,treatment,9.93
R_Wflh7jXpugM20Dv,FLAVORED_DRINK_CONCENTRATE,baseline,29.910000000000004
R_Wflh7jXpugM20Dv,FLAVORED_DRINK_CONCENTRATE,treatment,33.07
R_Wflh7jXpugM20Dv,PET_FOOD,baseline,13.23
R_Wflh7jXpugM20Dv,PET_FOOD,treatment,34.14
R_WiHgd4U8fkn5ZsZ,ELECTRONIC_CABLE,treatment,8.49
R_Wj4UUQUNrJKEYKJ,COFFEE,baseline,26.99
R_Wj4UUQUNrJKEYKJ,DISHWARE_PLATE,baseline,39.98
R_Wj4UUQUNrJKEYKJ,SCREEN_PROTECTOR,baseline,17.9
R_Wj4UUQUNrJKEYKJ,TOILET_PAPER,baseline,26.99
R_WlmRXQCE6kRjeeJ,HERB,treatment,12.99
R_WlmRXQCE6kRjeeJ,SCREEN_PROTECTOR,baseline,6.95
R_WlmRXQCE6kRjeeJ,SUGAR_CANDY,baseline,5.3
R_WqHyMGcSkgIXRw5,ELECTRONIC_CABLE,baseline,15.99
R_Wvek6KTbhuRTUxb,SCREEN_PROTECTOR,treatment,9.99
R_WwInNEyYEbNjgWt,CELLULAR_PHONE_CASE,baseline,9.99
R_WwInNEyYEbNjgWt,SHOES,baseline,61.85
R_Wx1K66mKsCdbnXz,CELLULAR_PHONE_CASE,treatment,13.99
R_Wx1K66mKsCdbnXz,SAUCE,baseline,4.88
R_Wx1K66mKsCdbnXz,SCREEN_PROTECTOR,treatment,19.84
R_Wx1K66mKsCdbnXz,SUGAR_CANDY,baseline,6.98
R_WxNO6Oe6xqGi15T,DISHWASHER_DETERGENT,baseline,8.48
R_WxNO6Oe6xqGi15T,ELECTRONIC_CABLE,baseline,32.99
R_XAphEY817eORyx3,SKIN_CLEANING_AGENT,treatment,14.64
R_XBcuYV8ItZHNRIZ,PET_FOOD,treatment,19.2
R_XBcuYV8ItZHNRIZ,SKIN_CLEANING_AGENT,treatment,15.39
R_XBcuYV8ItZHNRIZ,TOILET_PAPER,treatment,17.5
R_XFB8SnqP21l7p8R,HERB,treatment,1.99
R_XGKozLuGXZzktCF,COFFEE,treatment,38.15
R_XGKozLuGXZzktCF,FRUIT,treatment,41.99
R_XGKozLuGXZzktCF,HERB,treatment,11.69
R_XGKozLuGXZzktCF,SAUCE,treatment,38.99
R_XGKozLuGXZzktCF,SHOES,baseline,28.99
R_XGKozLuGXZzktCF,SHOES,treatment,342.19
R_XGKozLuGXZzktCF,SKIN_CLEANING_AGENT,treatment,19.37
R_XLNqrCKqhDiXYc1,SKIN_CLEANING_AGENT,treatment,0.99
R_XNiuJCcVUXlLUYx,CELLULAR_PHONE_CASE,baseline,6.99
R_XNiuJCcVUXlLUYx,ELECTRONIC_CABLE,baseline,12.89
R_XNiuJCcVUXlLUYx,PROTECTIVE_GLOVE,baseline,9.19
R_XNiuJCcVUXlLUYx,SHIRT,baseline,19.5
R_XNiuJCcVUXlLUYx,SHOES,baseline,37.99
R_XSQ0rtJL82sO48h,CELLULAR_PHONE_CASE,baseline,8.99
R_XSQ0rtJL82sO48h,SCREEN_PROTECTOR,baseline,15.98
R_XSQ0rtJL82sO48h,SHIRT,baseline,5.99
R_XSu10jIDimUl5m1,SCREEN_PROTECTOR,treatment,7.29
R_XSu10jIDimUl5m1,SHIRT,baseline,14.99
R_XSu10jIDimUl5m1,SHOES,baseline,19.99
R_XSu10jIDimUl5m1,TOILET_PAPER,baseline,44.5
R_XSu10jIDimUl5m1,TOILET_PAPER,treatment,22.25
R_XSu10jIDimUl5m1,VITAMIN,baseline,57.63
R_XUhit9pAXhD746B,ELECTRONIC_CABLE,baseline,12.99
R_XX2kFbi9VPxFWLf,CELLULAR_PHONE_CASE,baseline,9.99
R_XX4679ZDUYaKZTb,CELLULAR_PHONE_CASE,treatment,26.96
R_XX4679ZDUYaKZTb,SHIRT,baseline,6.37
R_XXow2gO79y4faxj,CELLULAR_PHONE_CASE,treatment,22.97
R_XXow2gO79y4faxj,SCREEN_PROTECTOR,treatment,17.939999999999998
R_XXow2gO79y4faxj,SKIN_CLEANING_AGENT,baseline,5.5
R_XYTa0bvoaQqev3r,ELECTRONIC_CABLE,treatment,1.99
R_XYTa0bvoaQqev3r,PET_FOOD,baseline,3.92
R_XYeZSVkzBQBQtBD,ELECTRONIC_CABLE,treatment,19.94
R_XYeZSVkzBQBQtBD,SHIRT,baseline,41.53
R_XYsrPCXL5N6boad,SKIN_CLEANING_AGENT,baseline,39.0
R_Xhz81T9LodPX0KB,COFFEE,baseline,25.79
R_Xhz81T9LodPX0KB,FLAVORED_DRINK_CONCENTRATE,treatment,2.98
R_Xhz81T9LodPX0KB,PET_FOOD,baseline,44.0
R_Xhz81T9LodPX0KB,PET_FOOD,treatment,17.01
R_Xhz81T9LodPX0KB,SHOES,baseline,36.54
R_Xhz81T9LodPX0KB,SUGAR_CANDY,treatment,3.59
R_Xhz81T9LodPX0KB,TOILET_PAPER,baseline,18.47
R_Xhz81T9LodPX0KB,TOILET_PAPER,treatment,8.61
R_Xhz81T9LodPX0KB,VITAMIN,treatment,8.97
R_Xjn66iH08ck5oPL,CELLULAR_PHONE_CASE,baseline,19.96
R_Xjn66iH08ck5oPL,DISHWASHER_DETERGENT,baseline,15.12
R_Xjn66iH08ck5oPL,PET_FOOD,baseline,14.290000000000001
R_Xjn66iH08ck5oPL,PET_FOOD,treatment,7.12
R_Xjn66iH08ck5oPL,SAUCE,baseline,6.21
R_Xjn66iH08ck5oPL,SHIRT,baseline,34.98
R_Xjn66iH08ck5oPL,SKIN_CLEANING_AGENT,treatment,14.85
R_Xjn66iH08ck5oPL,TOILET_PAPER,baseline,5.99
R_Xjn66iH08ck5oPL,VITAMIN,baseline,21.24
R_Xjn66iH08ck5oPL,VITAMIN,treatment,11.62
R_Xk42yW3pfoWC6Ih,SHIRT,baseline,15.98
R_Xk42yW3pfoWC6Ih,SKIN_CLEANING_AGENT,treatment,8.99
R_Xnxbf5uRDYJ5tvz,PET_FOOD,baseline,14.04
R_XpHv6ZEKCuud0Gt,PET_FOOD,treatment,23.97
R_XsIUODlniv0lMu5,SUGAR_CANDY,baseline,23.96
R_Xt4H8BJ1Vx7ws8h,FRUIT,treatment,0.95
R_Xt4H8BJ1Vx7ws8h,SKIN_CLEANING_AGENT,baseline,5.38
R_Xt4H8BJ1Vx7ws8h,VITAMIN,baseline,21.2
R_XtYIlnjI6etRnGh,PET_FOOD,baseline,15.690000000000001
R_XtYIlnjI6etRnGh,PET_FOOD,treatment,8.99
R_XtYIlnjI6etRnGh,SAUCE,treatment,2.19
R_XuCuybjxPer1OeJ,CELLULAR_PHONE_CASE,treatment,16.99
R_XuCuybjxPer1OeJ,SCREEN_PROTECTOR,treatment,6.48
R_XvQvSZcUpzRXxrr,DISHWASHER_DETERGENT,treatment,3.77
R_XwiCirQyfwJzVtv,SHOES,baseline,28.9
R_XwiCirQyfwJzVtv,TOILET_PAPER,treatment,23.39
R_Y327gjLqd4iezqV,ELECTRONIC_CABLE,baseline,12.99
R_Y3TdYiBodZOLXlT,CELLULAR_PHONE_CASE,baseline,7.81
R_Y4Y0rnYYDKTzxM5,PET_FOOD,baseline,15.76
R_Y4aBj5VuuQKYcq5,VITAMIN,baseline,38.0
R_Y4aBj5VuuQKYcq5,VITAMIN,treatment,45.0
R_Y4jCkfTFzvtw5SF,CELLULAR_PHONE_CASE,treatment,9.19
R_Y4jCkfTFzvtw5SF,ELECTRONIC_CABLE,baseline,9.99
R_Y4jCkfTFzvtw5SF,HERB,treatment,6.37
R_Y4jCkfTFzvtw5SF,PET_FOOD,baseline,31.84
R_Y4jCkfTFzvtw5SF,PET_FOOD,treatment,28.76
R_Y9umn8jRAhKJgTn,ELECTRONIC_CABLE,baseline,5.98
R_Y9umn8jRAhKJgTn,SHIRT,baseline,5.98
R_YPSS9WRS3ZVKQPn,PET_FOOD,baseline,20.43
R_YPSS9WRS3ZVKQPn,SKIN_CLEANING_AGENT,treatment,5.95
R_YSl6RLgAiesofPH,CELLULAR_PHONE_CASE,baseline,10.99
R_YSl6RLgAiesofPH,ELECTRONIC_CABLE,baseline,10.99
R_YSl6RLgAiesofPH,PET_FOOD,baseline,11.98
R_YSl6RLgAiesofPH,PET_FOOD,treatment,6.44
R_YVNaznCASVojYKB,CELLULAR_PHONE_CASE,baseline,10.99
R_YVNaznCASVojYKB,ELECTRONIC_CABLE,baseline,10.89
R_YVNaznCASVojYKB,SCREEN_PROTECTOR,baseline,9.99
R_YVNaznCASVojYKB,SKIN_CLEANING_AGENT,baseline,6.77
R_YWC7NpQLctWlPVf,SHOES,baseline,35.0
R_Z2Gd6jT9M6qXlzH,ELECTRONIC_CABLE,baseline,33.59
R_Z2Gd6jT9M6qXlzH,ELECTRONIC_CABLE,treatment,19.97
R_Z4qMkqhWSmIbdSh,DISHWASHER_DETERGENT,treatment,14.99
R_Z4qMkqhWSmIbdSh,PET_FOOD,baseline,6.92
R_Z4qMkqhWSmIbdSh,PET_FOOD,treatment,5.07
R_Z4qMkqhWSmIbdSh,PROTECTIVE_GLOVE,treatment,20.98
R_Z4qMkqhWSmIbdSh,SKIN_CLEANING_AGENT,treatment,8.99
R_Z4qMkqhWSmIbdSh,TOILET_PAPER,baseline,22.25
R_ZFhsRu6k5e3fX1v,PET_FOOD,baseline,60.190000000000005
R_ZIsOywgVBw4idR7,SHIRT,baseline,12.42
R_Za6NwCg735Vw39n,ELECTRONIC_CABLE,baseline,9.99
R_Za6NwCg735Vw39n,SHIRT,baseline,9.96
R_Za6NwCg735Vw39n,SHOES,baseline,22.0
R_ZauRmxopn1S5Sud,SHOES,treatment,26.96
R_ZeIqsLOkeyCl5uN,COFFEE,baseline,86.48
R_ZeIqsLOkeyCl5uN,COFFEE,treatment,43.52
R_ZeIqsLOkeyCl5uN,PET_FOOD,treatment,10.98
R_ZeIqsLOkeyCl5uN,PLANTER,treatment,70.42
R_ZeqLnp8IZFNzHMt,CELLULAR_PHONE_CASE,treatment,11.99
R_ZfxDd4JY8M1gR8J,CELLULAR_PHONE_CASE,baseline,55.97
R_ZfxDd4JY8M1gR8J,DISHWARE_PLATE,baseline,23.37
R_ZfxDd4JY8M1gR8J,ELECTRONIC_CABLE,baseline,32.98
R_ZfxDd4JY8M1gR8J,PET_FOOD,baseline,2.37
R_ZfxDd4JY8M1gR8J,PET_FOOD,treatment,23.96
R_ZfxDd4JY8M1gR8J,PLANTER,baseline,8.99
R_ZfxDd4JY8M1gR8J,SKIN_CLEANING_AGENT,baseline,3.75
R_ZfxDd4JY8M1gR8J,TOILET_PAPER,baseline,9.99
R_ZjFHZnBMjWeAYdH,CELLULAR_PHONE_CASE,baseline,7.85
R_ZjFHZnBMjWeAYdH,SKIN_CLEANING_AGENT,treatment,14.99
R_ZkokwdIEZybYo9z,FLAVORED_DRINK_CONCENTRATE,baseline,53.54
R_ZkokwdIEZybYo9z,FLAVORED_DRINK_CONCENTRATE,treatment,12.99
R_ZkokwdIEZybYo9z,HERB,treatment,35.95
R_ZkokwdIEZybYo9z,SAUCE,treatment,27.299999999999997
R_ZkokwdIEZybYo9z,SHOES,treatment,72.99
R_ZkokwdIEZybYo9z,SKIN_CLEANING_AGENT,treatment,11.28
R_ZkokwdIEZybYo9z,SUGAR_CANDY,baseline,24.86
R_Zn1yhaZTqrBfDmp,SHIRT,baseline,10.5
R_Zn1yhaZTqrBfDmp,SKIN_CLEANING_AGENT,baseline,6.0
R_ZqMc2n2GUPEaXfz,SHOES,treatment,9.29
R_Zw0unpmWGOSsWEF,ADHESIVE_TAPES,baseline,5.97
R_Zw0unpmWGOSsWEF,HERB,treatment,12.66
R_ZwuXRF5zwg9UUCt,ELECTRONIC_CABLE,baseline,8.99
R_ZynUIMrEe9VumxH,ELECTRONIC_CABLE,baseline,6.44
R_ZynUIMrEe9VumxH,SKIN_CLEANING_AGENT,baseline,12.99
R_ZytLOQiQXCPkNWx,TOILET_PAPER,treatment,9.99
R_Zz495Ir7AjUbSCJ,ADHESIVE_TAPES,baseline,4.84
R_Zz495Ir7AjUbSCJ,PET_FOOD,treatment,36.980000000000004
R_Zz495Ir7AjUbSCJ,SCREEN_PROTECTOR,baseline,3.95
R_a3Q8UXAMXpamZB7,CELLULAR_PHONE_CASE,treatment,7.99
R_a3Q8UXAMXpamZB7,ELECTRONIC_CABLE,baseline,16.48
R_a3Q8UXAMXpamZB7,FRUIT,baseline,3.99
R_a3Q8UXAMXpamZB7,PET_FOOD,baseline,23.77
R_a3Q8UXAMXpamZB7,PET_FOOD,treatment,14.62
R_a3Q8UXAMXpamZB7,PROTECTIVE_GLOVE,treatment,12.52
R_a3Q8UXAMXpamZB7,SCREEN_PROTECTOR,treatment,7.99
R_a3Q8UXAMXpamZB7,SHOES,baseline,39.99
R_a3Q8UXAMXpamZB7,VITAMIN,baseline,11.11
R_a3tDhXWQm43rsUF,ADHESIVE_TAPES,baseline,8.95
R_aVKYvNNMeqIDPsB,CELLULAR_PHONE_CASE,baseline,14.99
R_aVslz4Q8yi9S6Cl,COFFEE,baseline,35.0
R_aYp7TYN8pNsU6lP,CELLULAR_PHONE_CASE,treatment,10.5
R_aYp7TYN8pNsU6lP,SCREEN_PROTECTOR,treatment,9.99
R_abf7RJn5xPCVb1v,SHIRT,baseline,24.99
R_abnab1EzH51Bkf7,COFFEE,baseline,12.79
R_afU6KRn89n5n9i9,ADHESIVE_TAPES,treatment,7.41
R_afU6KRn89n5n9i9,COFFEE,baseline,69.98
R_afU6KRn89n5n9i9,COFFEE,treatment,97.26
R_afU6KRn89n5n9i9,FLAVORED_DRINK_CONCENTRATE,treatment,13.96
R_afU6KRn89n5n9i9,SHIRT,baseline,33.98
R_afU6KRn89n5n9i9,SHIRT,treatment,88.92
R_afU6KRn89n5n9i9,SHOES,baseline,21.99
R_afU6KRn89n5n9i9,SHOES,treatment,47.98
R_afU6KRn89n5n9i9,SKIN_CLEANING_AGENT,baseline,9.81
R_afpraFNVxBHgh7X,SCREEN_PROTECTOR,baseline,9.76
R_afsmqQnUctcdeY9,ELECTRONIC_CABLE,baseline,20.08
R_afsmqQnUctcdeY9,PROTECTIVE_GLOVE,baseline,8.99
R_ag6T2MYYTL2eE1j,COFFEE,baseline,37.62
R_ag6T2MYYTL2eE1j,COFFEE,treatment,75.24
R_ag6T2MYYTL2eE1j,DISHWARE_PLATE,treatment,9.99
R_ag6T2MYYTL2eE1j,DISHWASHER_DETERGENT,treatment,16.97
R_ag6T2MYYTL2eE1j,FRUIT,treatment,8.75
R_ag6T2MYYTL2eE1j,PLANTER,treatment,65.96000000000001
R_ag6T2MYYTL2eE1j,SHIRT,baseline,91.08
R_ag6T2MYYTL2eE1j,SKIN_CLEANING_AGENT,baseline,13.48
R_ag6T2MYYTL2eE1j,SKIN_CLEANING_AGENT,treatment,21.560000000000002
R_ag6T2MYYTL2eE1j,TOILET_PAPER,baseline,31.02
R_ag6T2MYYTL2eE1j,TOILET_PAPER,treatment,44.5
R_b14mPI2m0e5yH9D,PET_FOOD,baseline,8.58
R_b1xAy0S4LKUsnLz,SHOES,baseline,710.89
R_b2GkGBSnh7BW6RP,COFFEE,baseline,37.99
R_b3dSUlk76L0C6TD,COFFEE,baseline,62.58
R_b3dSUlk76L0C6TD,COFFEE,treatment,65.17
R_b3dSUlk76L0C6TD,DISHWASHER_DETERGENT,baseline,21.16
R_b3dSUlk76L0C6TD,PET_FOOD,baseline,48.06
R_b3dSUlk76L0C6TD,PET_FOOD,treatment,14.97
R_b3dSUlk76L0C6TD,PROTECTIVE_GLOVE,treatment,14.25
R_b3dSUlk76L0C6TD,SHIRT,baseline,65.85
R_b3dSUlk76L0C6TD,SKIN_CLEANING_AGENT,baseline,12.49
R_b3dSUlk76L0C6TD,VITAMIN,baseline,27.560000000000002
R_b7z8AzmkKy3gNAl,SHIRT,baseline,36.99
R_b8UnkZJoU93ZxEB,CELLULAR_PHONE_CASE,treatment,12.99
R_b8UnkZJoU93ZxEB,COFFEE,baseline,15.38
R_b8UnkZJoU93ZxEB,COFFEE,treatment,38.82
R_b8UnkZJoU93ZxEB,DISHWARE_PLATE,baseline,18.97
R_b8UnkZJoU93ZxEB,ELECTRONIC_CABLE,baseline,24.19
R_b8UnkZJoU93ZxEB,ELECTRONIC_CABLE,treatment,7.99
R_b8UnkZJoU93ZxEB,PET_FOOD,baseline,12.64
R_b8UnkZJoU93ZxEB,SHOES,baseline,61.64
R_b8UnkZJoU93ZxEB,TOILET_PAPER,baseline,24.8
R_b8v7OwKdVZBCvrX,PET_FOOD,treatment,28.02
R_bBIcZn0ySKqKq0F,SKIN_CLEANING_AGENT,baseline,7.68
R_bEM9MySQ9bTLMc1,DISHWARE_PLATE,baseline,157.98
R_bEM9MySQ9bTLMc1,PROTECTIVE_GLOVE,treatment,11.99
R_bEM9MySQ9bTLMc1,SKIN_CLEANING_AGENT,treatment,9.66
R_bIXnQr8Fm57EAGR,SHOES,treatment,71.88
R_bJI8lmXMZWL6oql,CELLULAR_PHONE_CASE,baseline,25.99
R_bJI8lmXMZWL6oql,ELECTRONIC_CABLE,treatment,8.62
R_bJI8lmXMZWL6oql,PET_FOOD,baseline,93.78999999999999
R_bJI8lmXMZWL6oql,PET_FOOD,treatment,28.42
R_bJI8lmXMZWL6oql,SHIRT,treatment,15.97
R_bJI8lmXMZWL6oql,SKIN_CLEANING_AGENT,baseline,27.91
R_bJI8lmXMZWL6oql,SKIN_CLEANING_AGENT,treatment,17.8
R_bJI8lmXMZWL6oql,SUGAR_CANDY,treatment,11.98
R_bJI8lmXMZWL6oql,TOILET_PAPER,baseline,26.24
R_bJI8lmXMZWL6oql,VITAMIN,baseline,5.18
R_bJbNhR1I5NnLKb7,PET_FOOD,treatment,21.74
R_bJbNhR1I5NnLKb7,SHOES,treatment,37.5
R_bJbNhR1I5NnLKb7,SKIN_CLEANING_AGENT,treatment,3.29
R_bKJcIltPwncL9uN,TOILET_PAPER,treatment,23.8
R_bKt9Z4amoZXnAaJ,PET_FOOD,treatment,14.99
R_bKt9Z4amoZXnAaJ,VITAMIN,baseline,21.4
R_bNlGrSwYPEMjfWh,CELLULAR_PHONE_CASE,baseline,19.99
R_bNlGrSwYPEMjfWh,SHIRT,baseline,14.95
R_bNlGrSwYPEMjfWh,SHIRT,treatment,19.99
R_bNnd3UmePmOGvWF,PET_FOOD,baseline,132.98
R_bNnd3UmePmOGvWF,PET_FOOD,treatment,35.97
R_bNnd3UmePmOGvWF,VITAMIN,baseline,68.73
R_bNnd3UmePmOGvWF,VITAMIN,treatment,70.22
R_bObh6xg5bURfzwt,CELLULAR_PHONE_CASE,treatment,28.83
R_bObh6xg5bURfzwt,ELECTRONIC_CABLE,baseline,23.12
R_bOsm0ntz3dHtHXz,SHOES,baseline,53.97
R_ba73EoTEt4UBcWJ,CELLULAR_PHONE_CASE,baseline,18.98
R_bdUj1u3aVonqb61,ELECTRONIC_CABLE,baseline,6.99
R_bdw1ARGSVErDIWd,CELLULAR_PHONE_CASE,baseline,13.99
R_beFwerGcbqawgBH,ELECTRONIC_CABLE,baseline,29.97
R_beFwerGcbqawgBH,PROTECTIVE_GLOVE,treatment,14.99
R_beFwerGcbqawgBH,VITAMIN,treatment,16.98
R_bf37vgAtSoPc5rj,TOILET_PAPER,baseline,26.950000000000003
R_bf37vgAtSoPc5rj,TOILET_PAPER,treatment,33.35
R_bkAu6XeIT0wOxs5,ELECTRONIC_CABLE,baseline,5.99
R_bkAu6XeIT0wOxs5,HERB,baseline,9.94
R_blmQEhOrCwpqG4x,ELECTRONIC_CABLE,baseline,22.89
R_blmQEhOrCwpqG4x,SKIN_CLEANING_AGENT,baseline,10.88
R_blmQEhOrCwpqG4x,VITAMIN,treatment,40.379999999999995
R_bqJTh7OR8fc8Vah,SUGAR_CANDY,baseline,31.39
R_br5a8OxAqrKRxQd,SAUCE,treatment,9.13
R_br5a8OxAqrKRxQd,SCREEN_PROTECTOR,treatment,8.95
R_brZ54fPuiQjRWRX,COFFEE,treatment,33.98
R_brZ54fPuiQjRWRX,VITAMIN,treatment,9.88
R_brpW12H2OkHT1iF,ELECTRONIC_CABLE,treatment,9.98
R_brpW12H2OkHT1iF,HERB,treatment,11.99
R_bsaSvkeG5k4XMzv,ELECTRONIC_CABLE,treatment,8.69
R_bsaSvkeG5k4XMzv,PET_FOOD,treatment,66.08
R_bvaM7i1LSTXVLMt,DISHWASHER_DETERGENT,baseline,8.49
R_bvaM7i1LSTXVLMt,VITAMIN,baseline,11.22
R_bw2nQ0iRh2wCa8p,PROTECTIVE_GLOVE,treatment,11.59
R_bw2nQ0iRh2wCa8p,SHIRT,baseline,15.99
R_bw2nQ0iRh2wCa8p,VITAMIN,baseline,9.23
R_bw2nQ0iRh2wCa8p,VITAMIN,treatment,99.48
R_cAcAtozIWnZIbGp,CELLULAR_PHONE_CASE,baseline,19.99
R_cAcAtozIWnZIbGp,FLAVORED_DRINK_CONCENTRATE,treatment,3.4
R_cAcAtozIWnZIbGp,HERB,treatment,9.89
R_cAcAtozIWnZIbGp,PET_FOOD,treatment,30.169999999999998
R_cAcAtozIWnZIbGp,PLANTER,baseline,9.99
R_cAcAtozIWnZIbGp,SHIRT,baseline,64.99
R_cAcAtozIWnZIbGp,TOILET_PAPER,baseline,19.99
R_cAcAtozIWnZIbGp,TOILET_PAPER,treatment,27.479999999999997
R_cAcAtozIWnZIbGp,VITAMIN,treatment,14.95
R_cCucjmijTJETC6d,ADHESIVE_TAPES,treatment,30.5
R_cCucjmijTJETC6d,CELLULAR_PHONE_CASE,baseline,11.99
R_cCucjmijTJETC6d,CELLULAR_PHONE_CASE,treatment,13.99
R_cCucjmijTJETC6d,ELECTRONIC_CABLE,baseline,17.27
R_cCucjmijTJETC6d,SKIN_CLEANING_AGENT,baseline,14.46
R_cCucjmijTJETC6d,TOILET_PAPER,baseline,27.49
R_cD8Z9sFkKWQbxfP,PLANTER,baseline,19.99
R_cHesjuc4lBb9xcd,ADHESIVE_TAPES,treatment,11.08
R_cIudxwAvVxJzhkd,HERB,treatment,11.52
R_cMxn243TpGjgbWp,COFFEE,baseline,25.97
R_cMxn243TpGjgbWp,ELECTRONIC_CABLE,baseline,6.99
R_cMxn243TpGjgbWp,FRUIT,baseline,11.8
R_cMxn243TpGjgbWp,FRUIT,treatment,33.39
R_cMxn243TpGjgbWp,SAUCE,treatment,1.59
R_cMxn243TpGjgbWp,SHOES,baseline,74.95
R_cMxn243TpGjgbWp,SHOES,treatment,49.99
R_cMxn243TpGjgbWp,SKIN_CLEANING_AGENT,baseline,10.32
R_cMxn243TpGjgbWp,SKIN_CLEANING_AGENT,treatment,10.32
R_cMxn243TpGjgbWp,SUGAR_CANDY,baseline,2.25
R_cMxn243TpGjgbWp,TOILET_PAPER,treatment,71.83
R_cMxn243TpGjgbWp,VITAMIN,baseline,18.08
R_cMxn243TpGjgbWp,VITAMIN,treatment,27.61
R_cNrjVWvNLUa6lep,VITAMIN,baseline,19.97
R_cSYS6Hd74hMsYFz,SHOES,baseline,34.99
R_cShLepO1fPFrHSF,ELECTRONIC_CABLE,treatment,13.9
R_cShLepO1fPFrHSF,SHIRT,baseline,32.68
R_cVbq9lQkBclFudr,PET_FOOD,baseline,32.45
R_cYYWxKOcONijB4d,ELECTRONIC_CABLE,treatment,4.99
R_cZ53Ayfo9vbj7EZ,ADHESIVE_TAPES,treatment,19.99
R_cZ53Ayfo9vbj7EZ,CELLULAR_PHONE_CASE,treatment,6.68
R_cZ53Ayfo9vbj7EZ,FLAVORED_DRINK_CONCENTRATE,baseline,24.98
R_cZ53Ayfo9vbj7EZ,FLAVORED_DRINK_CONCENTRATE,treatment,12.54
R_cZ53Ayfo9vbj7EZ,PET_FOOD,baseline,43.73
R_cZ53Ayfo9vbj7EZ,VITAMIN,baseline,34.92
R_cZ53Ayfo9vbj7EZ,VITAMIN,treatment,19.95
R_ctNHcxd3vRvndXH,SHOES,treatment,59.9
R_cucdDIXhmDRBfZT,COFFEE,baseline,73.53
R_cucdDIXhmDRBfZT,COFFEE,treatment,36.72
R_cucdDIXhmDRBfZT,FRUIT,baseline,8.99
R_cucdDIXhmDRBfZT,HERB,baseline,19.48
R_cucdDIXhmDRBfZT,SUGAR_CANDY,treatment,59.38
R_czHyAR1xMvT2FbP,SHOES,baseline,69.27
R_czHyAR1xMvT2FbP,SKIN_CLEANING_AGENT,treatment,13.98
R_czHyAR1xMvT2FbP,VITAMIN,baseline,52.9
R_d5O7dqvA1EWCrPb,ADHESIVE_TAPES,baseline,39.98
R_d5O7dqvA1EWCrPb,CELLULAR_PHONE_CASE,baseline,9.99
R_d9Uxvmk8nrY8YYF,CELLULAR_PHONE_CASE,treatment,21.98
R_dhbVD5HuTHco9Jn,SAUCE,baseline,4.19
R_e2Uc5XhuPCxIPND,CELLULAR_PHONE_CASE,treatment,48.7
R_e2Uc5XhuPCxIPND,PET_FOOD,treatment,91.22
R_e2Uc5XhuPCxIPND,PLANTER,treatment,53.45
R_e2Uc5XhuPCxIPND,SCREEN_PROTECTOR,treatment,25.36
R_e387De1jF0gN2OB,SHOES,baseline,94.02
R_e387De1jF0gN2OB,VITAMIN,treatment,30.44
R_e5L3oLr6WJ2KniV,PET_FOOD,baseline,11.52
R_e5L3oLr6WJ2KniV,TOILET_PAPER,baseline,28.78
R_e5ns6UcJiCdftyV,SAUCE,baseline,10.94
R_e8KTElZZLWryLWp,CELLULAR_PHONE_CASE,baseline,9.8
R_e8KTElZZLWryLWp,COFFEE,treatment,18.36
R_e8KTElZZLWryLWp,ELECTRONIC_CABLE,baseline,7.99
R_e8KTElZZLWryLWp,FRUIT,treatment,45.92
R_e8KTElZZLWryLWp,HERB,treatment,5.98
R_e8KTElZZLWryLWp,PET_FOOD,baseline,13.94
R_e8KTElZZLWryLWp,PET_FOOD,treatment,19.99
R_e8KTElZZLWryLWp,SUGAR_CANDY,baseline,8.99
R_e8LdNnD8Up25mSZ,SHIRT,treatment,15.99
R_e8QiCYlt9QZgAKZ,SCREEN_PROTECTOR,baseline,27.05
R_eKDVFF8elQR7S7v,PET_FOOD,baseline,62.0
R_eKDVFF8elQR7S7v,SAUCE,treatment,3.18
R_eKixM1seVDdrhN7,CELLULAR_PHONE_CASE,baseline,14.99
R_eKixM1seVDdrhN7,PROTECTIVE_GLOVE,baseline,7.25
R_eKixM1seVDdrhN7,SCREEN_PROTECTOR,baseline,5.98
R_eKixM1seVDdrhN7,SHIRT,treatment,15.99
R_eOMCliqYqUD4oOR,PET_FOOD,baseline,24.98
R_eOMCliqYqUD4oOR,PROTECTIVE_GLOVE,treatment,10.99
R_eOMCliqYqUD4oOR,SKIN_CLEANING_AGENT,baseline,14.7
R_eOMCliqYqUD4oOR,TOILET_PAPER,treatment,4.99
R_eQBX3imYMyyeDD3,SHIRT,baseline,15.99
R_eQBX3imYMyyeDD3,SKIN_CLEANING_AGENT,baseline,9.98
R_eULFiYnrl7dZMkx,PET_FOOD,baseline,23.32
R_eULFiYnrl7dZMkx,PET_FOOD,treatment,12.43
R_eULFiYnrl7dZMkx,VITAMIN,baseline,33.95
R_eULFiYnrl7dZMkx,VITAMIN,treatment,17.94
R_eg0ycbZcHEfhBAd,ELECTRONIC_CABLE,treatment,12.99
R_eg7qhb52HQp17zz,PET_FOOD,treatment,22.78
R_egkpr19CU4Xy9C9,ELECTRONIC_CABLE,treatment,17.99
R_egkpr19CU4Xy9C9,HERB,baseline,19.68
R_egkpr19CU4Xy9C9,PET_FOOD,baseline,108.1
R_egkpr19CU4Xy9C9,PET_FOOD,treatment,99.96000000000001
R_emksH6nlvPWgMA9,ELECTRONIC_CABLE,treatment,12.99
R_eqVPFWs6xsOSTeh,ELECTRONIC_CABLE,baseline,9.99
R_esn1Sxhd32mrsTT,SCREEN_PROTECTOR,baseline,9.99
R_etgq3mVPgoz8CyZ,PET_FOOD,treatment,29.99
R_ezZICFk4bkpMoQV,DISHWARE_PLATE,baseline,16.99
R_ezZICFk4bkpMoQV,ELECTRONIC_CABLE,baseline,13.98
R_p5j1hNZ9iQsHJ3H,SUGAR_CANDY,baseline,16.28
R_pDvN5mXVu1pmtSV,COFFEE,baseline,55.95
R_pDvN5mXVu1pmtSV,COFFEE,treatment,43.96
R_pM2zj7XA5ai0mgF,ELECTRONIC_CABLE,baseline,12.95
R_pMnqpu31myYoxy1,COFFEE,baseline,17.490000000000002
R_pMnqpu31myYoxy1,DISHWARE_PLATE,baseline,13.99
R_pMnqpu31myYoxy1,SHIRT,baseline,85.71
R_pMnqpu31myYoxy1,SHOES,baseline,85.04
R_pMnqpu31myYoxy1,VITAMIN,baseline,12.45
R_pQ5e1JfjUv0WAxz,ELECTRONIC_CABLE,baseline,24.98
R_pQ5e1JfjUv0WAxz,SKIN_CLEANING_AGENT,baseline,17.48
R_pRWnSKTREPIwpSF,DISHWASHER_DETERGENT,baseline,3.47
R_pRWnSKTREPIwpSF,DISHWASHER_DETERGENT,treatment,8.48
R_pRWnSKTREPIwpSF,ELECTRONIC_CABLE,baseline,3.99
R_pRWnSKTREPIwpSF,PET_FOOD,baseline,37.31
R_pRWnSKTREPIwpSF,PET_FOOD,treatment,19.55
R_pRWnSKTREPIwpSF,SCREEN_PROTECTOR,baseline,14.97
R_pRWnSKTREPIwpSF,TOILET_PAPER,baseline,27.06
R_pRWnSKTREPIwpSF,TOILET_PAPER,treatment,39.97
R_pRWnSKTREPIwpSF,VITAMIN,treatment,5.35
R_pcLKzqCXX1JsGUV,PET_FOOD,treatment,36.69
R_phoOTxhiHcWo7lL,PET_FOOD,treatment,4.99
R_plnyqyltsGtao9P,PROTECTIVE_GLOVE,baseline,19.94
R_plnyqyltsGtao9P,PROTECTIVE_GLOVE,treatment,16.49
R_plp4APP7ieUnHfH,CELLULAR_PHONE_CASE,baseline,11.99
R_plp4APP7ieUnHfH,SHIRT,baseline,16.99
R_plp4APP7ieUnHfH,SKIN_CLEANING_AGENT,treatment,11.9
R_plp7Atc3v80dkdP,CELLULAR_PHONE_CASE,baseline,12.99
R_plp7Atc3v80dkdP,ELECTRONIC_CABLE,baseline,17.48
R_plp7Atc3v80dkdP,PET_FOOD,baseline,143.07
R_plp7Atc3v80dkdP,PET_FOOD,treatment,17.24
R_plp7Atc3v80dkdP,SHOES,baseline,49.95
R_plp7Atc3v80dkdP,SHOES,treatment,60.97
R_plp7Atc3v80dkdP,SKIN_CLEANING_AGENT,treatment,6.88
R_plp7Atc3v80dkdP,TOILET_PAPER,baseline,7.49
R_poAMNEGUrLMuPQJ,SHOES,baseline,89.99
R_ptrkceh01j7A2pX,SAUCE,baseline,19.24
R_pu8AnyDEBbLBUoF,CELLULAR_PHONE_CASE,treatment,25.68
R_pu8AnyDEBbLBUoF,COFFEE,treatment,15.99
R_pu8AnyDEBbLBUoF,PET_FOOD,baseline,41.41
R_pu8AnyDEBbLBUoF,PET_FOOD,treatment,22.75
R_pu8AnyDEBbLBUoF,SCREEN_PROTECTOR,treatment,8.99
R_puS9dcuNnDHSZ8Z,ADHESIVE_TAPES,baseline,12.44
R_puS9dcuNnDHSZ8Z,DISHWASHER_DETERGENT,baseline,16.99
R_puS9dcuNnDHSZ8Z,ELECTRONIC_CABLE,baseline,9.34
R_puS9dcuNnDHSZ8Z,PROTECTIVE_GLOVE,treatment,9.23
R_pzMCRYrC0qiSwIF,ELECTRONIC_CABLE,treatment,7.95
R_pzMCRYrC0qiSwIF,SHOES,baseline,19.99
R_pzMCRYrC0qiSwIF,VITAMIN,treatment,14.98
R_pzT5qBrU6gVULTz,VITAMIN,baseline,45.34
R_pzT5qBrU6gVULTz,VITAMIN,treatment,36.4
R_pzamSNe0bMqAYhP,CELLULAR_PHONE_CASE,treatment,7.29
R_pzamSNe0bMqAYhP,SCREEN_PROTECTOR,treatment,6.99
R_qE3fPAGt0j3s93P,COFFEE,treatment,21.3
R_qE3fPAGt0j3s93P,PET_FOOD,baseline,35.56
R_qE3fPAGt0j3s93P,PET_FOOD,treatment,33.66
R_qE3fPAGt0j3s93P,SHIRT,treatment,14.22
R_qE3fPAGt0j3s93P,SKIN_CLEANING_AGENT,treatment,5.98
R_qE3fPAGt0j3s93P,SUGAR_CANDY,treatment,22.98
R_qE3fPAGt0j3s93P,VITAMIN,baseline,3.02
R_qE3fPAGt0j3s93P,VITAMIN,treatment,20.17
R_qEdJpjPlNZ49mFz,ELECTRONIC_CABLE,baseline,16.22
R_qElbHZQ0UdIH4DT,SAUCE,baseline,10.94
R_qIW9qR6SR6Mboch,PET_FOOD,baseline,15.68
R_qIW9qR6SR6Mboch,PET_FOOD,treatment,24.92
R_qIW9qR6SR6Mboch,SHIRT,baseline,6.5
R_qIW9qR6SR6Mboch,TOILET_PAPER,baseline,20.91
R_qIW9qR6SR6Mboch,VITAMIN,baseline,4.24
R_qIW9qR6SR6Mboch,VITAMIN,treatment,27.14
R_qQvcrZuPmmWzmXn,ELECTRONIC_CABLE,baseline,5.99
R_qQvcrZuPmmWzmXn,PET_FOOD,baseline,7.32
R_qQvcrZuPmmWzmXn,SCREEN_PROTECTOR,baseline,7.99
R_qQvcrZuPmmWzmXn,SHOES,treatment,27.49
R_qQvcrZuPmmWzmXn,SKIN_CLEANING_AGENT,baseline,8.95
R_qWtvZqcqKDFEeul,ELECTRONIC_CABLE,baseline,4.99
R_qXGZCLAtwPxVcAN,PET_FOOD,baseline,22.47
R_qXGZCLAtwPxVcAN,PET_FOOD,treatment,9.48
R_qXGZCLAtwPxVcAN,PROTECTIVE_GLOVE,treatment,31.589999999999996
R_qXGZCLAtwPxVcAN,TOILET_PAPER,treatment,26.0
R_qxTrp3qz2YCQAnv,SHIRT,baseline,39.95
R_r09FKPIrjzYQ8KZ,FRUIT,treatment,2.7
R_r1oTDkv1OlGnNuN,SHOES,baseline,110.86999999999999
R_r1qqClBL89aFjXP,VITAMIN,baseline,19.99
R_r1qqClBL89aFjXP,VITAMIN,treatment,6.94
R_r3IM83Ecq7eY7QJ,ELECTRONIC_CABLE,baseline,8.99
R_r8bySj6DKRtE5Lr,ELECTRONIC_CABLE,baseline,14.99
R_r8bySj6DKRtE5Lr,SHOES,baseline,51.58
R_r8bySj6DKRtE5Lr,SKIN_CLEANING_AGENT,treatment,12.49
R_r8bySj6DKRtE5Lr,TOILET_PAPER,treatment,27.99
R_r8bySj6DKRtE5Lr,VITAMIN,treatment,8.9
R_rcId0AtM417vPGN,VITAMIN,baseline,21.99
R_rcId0AtM417vPGN,VITAMIN,treatment,22.14
R_rkzUaKttDvAbNmx,CELLULAR_PHONE_CASE,baseline,51.949999999999996
R_rkzUaKttDvAbNmx,SCREEN_PROTECTOR,baseline,22.89
R_rkzUaKttDvAbNmx,SUGAR_CANDY,baseline,10.99
R_rlhJHhoZKaGni6t,CELLULAR_PHONE_CASE,treatment,14.99
R_rlhJHhoZKaGni6t,COFFEE,baseline,39.99
R_rqK6K6zDsynoZHP,COFFEE,treatment,35.0
R_rqK6K6zDsynoZHP,SKIN_CLEANING_AGENT,treatment,17.99
R_rqYLYukRihPwUmZ,SKIN_CLEANING_AGENT,baseline,8.99
R_rrtchX36usn87xT,COFFEE,treatment,7.44
R_s4I8huB9BOcWI5H,SHOES,baseline,9.99
R_s5P0Odz2rAfEu0p,SKIN_CLEANING_AGENT,baseline,12.41
R_s6BUJFPzFF8fk2d,CELLULAR_PHONE_CASE,treatment,25.98
R_s6TN3nbqPTLInzX,COFFEE,baseline,71.98
R_s6TN3nbqPTLInzX,SCREEN_PROTECTOR,treatment,10.99
R_sGohXmtT8TjLibT,CELLULAR_PHONE_CASE,baseline,53.96
R_sGohXmtT8TjLibT,ELECTRONIC_CABLE,treatment,19.49
R_sGohXmtT8TjLibT,SKIN_CLEANING_AGENT,baseline,158.67000000000002
R_sGohXmtT8TjLibT,SKIN_CLEANING_AGENT,treatment,72.0
R_sGohXmtT8TjLibT,VITAMIN,baseline,9.97
R_sM3qX7I1tHzvU09,SKIN_CLEANING_AGENT,treatment,11.64
R_sM3qX7I1tHzvU09,VITAMIN,treatment,9.88
R_sRSLCxzK04aJvhL,SKIN_CLEANING_AGENT,baseline,21.47
R_sSTfOHWCEeJs5Kp,CELLULAR_PHONE_CASE,baseline,19.99
R_sUzscjsDHiEXWF3,CELLULAR_PHONE_CASE,baseline,9.99
R_sYZmFJSmzmxm3JL,COFFEE,baseline,45.76
R_sYZmFJSmzmxm3JL,COFFEE,treatment,68.34
R_sYZmFJSmzmxm3JL,ELECTRONIC_CABLE,baseline,9.99
R_sYZmFJSmzmxm3JL,PLANTER,treatment,44.09
R_sYZmFJSmzmxm3JL,SKIN_CLEANING_AGENT,treatment,8.34
R_sdIRxPXvGFnfQAx,SCREEN_PROTECTOR,treatment,10.99
R_sdIRxPXvGFnfQAx,SHIRT,baseline,19.18
R_sdIRxPXvGFnfQAx,SHOES,treatment,27.4
R_sdIRxPXvGFnfQAx,VITAMIN,baseline,24.99
R_siAwKG9roOXSpEJ,FLAVORED_DRINK_CONCENTRATE,baseline,12.48
R_siAwKG9roOXSpEJ,PROTECTIVE_GLOVE,baseline,14.98
R_sjIYvrwrEythGKJ,PET_FOOD,treatment,13.99
R_sjIYvrwrEythGKJ,SCREEN_PROTECTOR,baseline,14.99
R_snaR9M3EsTpcPi9,ELECTRONIC_CABLE,treatment,16.79
R_spBuGIpg61jMNzP,CELLULAR_PHONE_CASE,treatment,13.98
R_ssRisffxqnoI09j,CELLULAR_PHONE_CASE,baseline,18.98
R_ssRisffxqnoI09j,SCREEN_PROTECTOR,baseline,9.98
R_swbepfu7wHYhLTr,COFFEE,baseline,11.36
R_swbepfu7wHYhLTr,ELECTRONIC_CABLE,treatment,45.0
R_swbepfu7wHYhLTr,FRUIT,baseline,1.09
R_swbepfu7wHYhLTr,SAUCE,baseline,23.96
R_swbepfu7wHYhLTr,SUGAR_CANDY,baseline,13.8
R_swfIN0JgX72IbMl,FLAVORED_DRINK_CONCENTRATE,treatment,3.29
R_swfIN0JgX72IbMl,VITAMIN,baseline,10.48
R_sz0Zeq2JqJJNsyJ,DISHWASHER_DETERGENT,baseline,14.28
R_sz0Zeq2JqJJNsyJ,ELECTRONIC_CABLE,baseline,6.99
R_sz0Zeq2JqJJNsyJ,PET_FOOD,baseline,21.65
R_sz0Zeq2JqJJNsyJ,SKIN_CLEANING_AGENT,baseline,4.08
R_sz0Zeq2JqJJNsyJ,TOILET_PAPER,baseline,44.44
R_sz0Zeq2JqJJNsyJ,TOILET_PAPER,treatment,23.72
R_szoWgaLxKI7lXu9,SKIN_CLEANING_AGENT,baseline,7.74
R_szoWgaLxKI7lXu9,TOILET_PAPER,baseline,25.18
R_szoWgaLxKI7lXu9,TOILET_PAPER,treatment,22.25
R_szoWgaLxKI7lXu9,VITAMIN,baseline,5.58
R_tDI0MmPcVp5b2Xn,COFFEE,baseline,21.96
R_tDI0MmPcVp5b2Xn,COFFEE,treatment,18.36
R_tDI0MmPcVp5b2Xn,ELECTRONIC_CABLE,baseline,5.48
R_tDI0MmPcVp5b2Xn,VITAMIN,treatment,19.95
R_tE5w1f3a4CUcQyl,VITAMIN,baseline,16.95
R_tE5w1f3a4CUcQyl,VITAMIN,treatment,91.78999999999999
R_tF2fNzRaWUW0CAh,SUGAR_CANDY,baseline,19.99
R_tFf2GViNMUolxaV,PLANTER,treatment,38.93
R_tFf2GViNMUolxaV,VITAMIN,baseline,15.97
R_tJNLenUlMH5f4el,TOILET_PAPER,treatment,25.700000000000003
R_tKEkP09U6w9QszD,HERB,treatment,3.49
R_tKEkP09U6w9QszD,PET_FOOD,treatment,25.38
R_tKEkP09U6w9QszD,VITAMIN,baseline,18.34
R_tKEkP09U6w9QszD,VITAMIN,treatment,9.99
R_tKYTMJJW2ldeoIV,PET_FOOD,baseline,14.96
R_tL3i4BXXVrcJe6t,PET_FOOD,baseline,19.07
R_tMsVLA8C6RuTmlb,SHIRT,baseline,16.99
R_tPNYncDSPM7QneN,CELLULAR_PHONE_CASE,baseline,11.99
R_tPNYncDSPM7QneN,SCREEN_PROTECTOR,baseline,10.99
R_tPQs1KqvZ8UQCKB,DISHWARE_PLATE,baseline,7.5
R_tPQs1KqvZ8UQCKB,ELECTRONIC_CABLE,baseline,14.98
R_tPQs1KqvZ8UQCKB,ELECTRONIC_CABLE,treatment,14.22
R_tPQs1KqvZ8UQCKB,SHOES,baseline,119.9
R_tPQs1KqvZ8UQCKB,SKIN_CLEANING_AGENT,baseline,11.55
R_tPQs1KqvZ8UQCKB,SUGAR_CANDY,baseline,33.98
R_tPQs1KqvZ8UQCKB,VITAMIN,baseline,19.95
R_tPQs1KqvZ8UQCKB,VITAMIN,treatment,19.95
R_tSTu20YCb20zL5D,CELLULAR_PHONE_CASE,treatment,17.759999999999998
R_tSTu20YCb20zL5D,SHIRT,baseline,7.47
R_tXHOaasrDjYwLO9,SCREEN_PROTECTOR,baseline,17.77
R_tXHOaasrDjYwLO9,SHIRT,treatment,40.489999999999995
R_tXTuhZjAGOOBYul,ELECTRONIC_CABLE,baseline,6.99
R_u1ysPZNQGE5GnDP,CELLULAR_PHONE_CASE,baseline,9.99
R_u1ysPZNQGE5GnDP,COFFEE,baseline,10.48
R_u2EdYogSnJBrpex,PET_FOOD,baseline,402.53
R_u2EdYogSnJBrpex,PET_FOOD,treatment,227.71000000000004
R_u2EdYogSnJBrpex,SHIRT,baseline,57.98
R_u2EdYogSnJBrpex,TOILET_PAPER,baseline,44.5
R_u94bdSj5JBe7WZb,ELECTRONIC_CABLE,baseline,12.0
R_u94bdSj5JBe7WZb,SCREEN_PROTECTOR,treatment,14.99
R_u94bdSj5JBe7WZb,SHOES,baseline,27.0
R_u95uDSrx2MZD13H,SKIN_CLEANING_AGENT,baseline,5.94
R_u99XwBV1boyooXT,ELECTRONIC_CABLE,baseline,7.99
R_u99XwBV1boyooXT,SCREEN_PROTECTOR,baseline,5.98
R_u99XwBV1boyooXT,SKIN_CLEANING_AGENT,baseline,12.99
R_u9qeol6zlUcq13j,ELECTRONIC_CABLE,baseline,13.99
R_u9qeol6zlUcq13j,FRUIT,treatment,34.8
R_ukwc16oqCZ5ZgZP,ADHESIVE_TAPES,baseline,12.28
R_ukwc16oqCZ5ZgZP,ELECTRONIC_CABLE,treatment,13.0
R_umqcgydTy2DwcBH,ELECTRONIC_CABLE,baseline,9.69
R_umqcgydTy2DwcBH,ELECTRONIC_CABLE,treatment,33.61
R_umqcgydTy2DwcBH,TOILET_PAPER,treatment,16.99
R_uqbcSq7y153jKmZ,ELECTRONIC_CABLE,baseline,18.59
R_uqbcSq7y153jKmZ,SHOES,treatment,49.88
R_uvHmOm6E3h7nyHT,PROTECTIVE_GLOVE,treatment,12.99
R_uvHmOm6E3h7nyHT,SHIRT,baseline,33.98
R_uvHmOm6E3h7nyHT,VITAMIN,treatment,51.9
R_vBkhPDT0skiOO2J,ELECTRONIC_CABLE,baseline,8.99
R_vBkhPDT0skiOO2J,SUGAR_CANDY,baseline,26.93
R_vCykMx1wpGTjjTb,ELECTRONIC_CABLE,treatment,35.83
R_vCykMx1wpGTjjTb,TOILET_PAPER,treatment,32.92
R_vD0774kjU7BArKx,SHIRT,baseline,13.99
R_vGepqaXT4rSfuRH,SKIN_CLEANING_AGENT,treatment,6.47
R_vIAsy23dmSRObGF,PROTECTIVE_GLOVE,baseline,5.53
R_vIAsy23dmSRObGF,SHIRT,baseline,44.98
R_vJEhaFmjrt0tGxz,SHIRT,treatment,25.19
R_vMijnnNdSbSLScV,ELECTRONIC_CABLE,baseline,9.99
R_vMijnnNdSbSLScV,SHIRT,baseline,9.99
R_vMijnnNdSbSLScV,TOILET_PAPER,treatment,9.98
R_vMijnnNdSbSLScV,VITAMIN,baseline,17.07
R_vP6Eg9Qx0U5fX0Z,CELLULAR_PHONE_CASE,baseline,22.99
R_vP6Eg9Qx0U5fX0Z,ELECTRONIC_CABLE,baseline,9.89
R_vP6Eg9Qx0U5fX0Z,SCREEN_PROTECTOR,baseline,10.99
R_vT4EJ41QSlGF1u1,ELECTRONIC_CABLE,treatment,28.979999999999997
R_vT4EJ41QSlGF1u1,SAUCE,treatment,17.95
R_vTgJcqkP3auCuGJ,SHOES,baseline,13.29
R_vYtQIbKQv9vFKuZ,ADHESIVE_TAPES,baseline,16.73
R_vYtQIbKQv9vFKuZ,DISHWARE_PLATE,baseline,11.99
R_vYtQIbKQv9vFKuZ,SHIRT,baseline,39.56
R_vYx1N4Yte3FORJD,COFFEE,baseline,13.7
R_vcpSXAZbWGNwQ3D,SHIRT,treatment,16.99
R_vcsfXNFhlnqxtYd,SCREEN_PROTECTOR,baseline,6.99
R_vjKz4d7IAwZfE6l,SHOES,treatment,43.99
R_vkmM4fQbTCfxgAx,VITAMIN,baseline,9.38
R_voSNwyVcZWdCTJv,DISHWASHER_DETERGENT,treatment,12.19
R_voSNwyVcZWdCTJv,SHOES,treatment,21.19
R_voSNwyVcZWdCTJv,TOILET_PAPER,treatment,10.96
R_vpEJgs5pF1ovw7D,SUGAR_CANDY,baseline,21.98
R_vqcm4DmND1qVNQJ,ELECTRONIC_CABLE,baseline,19.98
R_vqcm4DmND1qVNQJ,SHIRT,baseline,14.95
R_vwD1DxHBT4mOwuJ,SAUCE,baseline,19.29
R_vwD1DxHBT4mOwuJ,SCREEN_PROTECTOR,baseline,21.98
R_w0skLYeP3OxeQFz,CELLULAR_PHONE_CASE,baseline,19.97
R_w0skLYeP3OxeQFz,TOILET_PAPER,treatment,22.25
R_w1ydOqmOrL7x8Wd,ADHESIVE_TAPES,baseline,7.58
R_w1ydOqmOrL7x8Wd,SHIRT,baseline,25.34
R_w5bE96azoKnM6Ih,CELLULAR_PHONE_CASE,baseline,9.99
R_w5bE96azoKnM6Ih,SHIRT,baseline,22.99
R_w5bE96azoKnM6Ih,SHIRT,treatment,12.99
R_w6semdZ97uwOTzX,SHIRT,treatment,103.22
R_w6semdZ97uwOTzX,SHOES,treatment,18.95
R_w7ZJEH4lKMTodUd,ELECTRONIC_CABLE,treatment,23.98
R_wSlm7tZUBe1VTAB,SHOES,baseline,92.0
R_wSqXsw7wRGVQRfr,CELLULAR_PHONE_CASE,baseline,12.97
R_wSqXsw7wRGVQRfr,SCREEN_PROTECTOR,baseline,7.99
R_wSqXsw7wRGVQRfr,SKIN_CLEANING_AGENT,baseline,11.040000000000001
R_x0hVvTTXGQY9FRf,SHOES,baseline,63.96
R_x0hVvTTXGQY9FRf,VITAMIN,baseline,32.760000000000005
R_x3LIMwKc6zHpAc1,CELLULAR_PHONE_CASE,treatment,19.99
R_x3LIMwKc6zHpAc1,ELECTRONIC_CABLE,baseline,14.99
R_x3LIMwKc6zHpAc1,PET_FOOD,baseline,27.99
R_x3LIMwKc6zHpAc1,PET_FOOD,treatment,11.399999999999999
R_x3LIMwKc6zHpAc1,SKIN_CLEANING_AGENT,treatment,19.28
R_x969WzGgXuE1CuJ,SCREEN_PROTECTOR,baseline,7.95
R_x9kZz5e1Sxu3s9X,COFFEE,baseline,5.83
R_x9kZz5e1Sxu3s9X,HERB,treatment,7.99
R_x9kZz5e1Sxu3s9X,PET_FOOD,baseline,32.87
R_x9kZz5e1Sxu3s9X,PET_FOOD,treatment,35.53
R_x9kZz5e1Sxu3s9X,SUGAR_CANDY,baseline,8.21
R_xDvEzzSGeDDkvU5,ADHESIVE_TAPES,baseline,27.49
R_xDvEzzSGeDDkvU5,COFFEE,treatment,31.830000000000002
R_xDwVhTX9GkgmQIV,ELECTRONIC_CABLE,baseline,4.26
R_xDwVhTX9GkgmQIV,SCREEN_PROTECTOR,baseline,5.89
R_xDwVhTX9GkgmQIV,SHIRT,treatment,31.5
R_xGgwn21LozcqzN7,PET_FOOD,baseline,29.97
R_xGgwn21LozcqzN7,VITAMIN,baseline,38.9
R_xaWl9KgwRSiVn9v,PET_FOOD,baseline,7.96
R_xaWl9KgwRSiVn9v,PET_FOOD,treatment,8.0
R_xc0AiqTlV5cTvZn,CELLULAR_PHONE_CASE,treatment,12.99
R_xc0AiqTlV5cTvZn,SCREEN_PROTECTOR,treatment,6.99
R_xc0AiqTlV5cTvZn,SKIN_CLEANING_AGENT,treatment,7.99
R_xc0AiqTlV5cTvZn,VITAMIN,baseline,218.87
R_xc0AiqTlV5cTvZn,VITAMIN,treatment,44.07
R_xco4xOVS00vBy0N,ADHESIVE_TAPES,baseline,49.32
R_xco4xOVS00vBy0N,PROTECTIVE_GLOVE,baseline,8.5
R_xco4xOVS00vBy0N,TOILET_PAPER,treatment,22.25
R_xlWfGIx58Ye7BhD,CELLULAR_PHONE_CASE,baseline,14.96
R_xlWfGIx58Ye7BhD,PROTECTIVE_GLOVE,treatment,13.99
R_xlWfGIx58Ye7BhD,SCREEN_PROTECTOR,baseline,16.939999999999998
R_xlWfGIx58Ye7BhD,SHOES,baseline,19.99
R_xlWfGIx58Ye7BhD,VITAMIN,baseline,11.99
R_xmbgfR9SCI8bTmF,SKIN_CLEANING_AGENT,treatment,6.97
R_xrrF4kkA2JEG6OZ,PET_FOOD,baseline,61.019999999999996
R_xrrF4kkA2JEG6OZ,PET_FOOD,treatment,80.5
R_xrrF4kkA2JEG6OZ,SKIN_CLEANING_AGENT,baseline,29.849999999999998
R_xt1sEBScdPLKPhT,PET_FOOD,treatment,31.94
R_xt1sEBScdPLKPhT,SCREEN_PROTECTOR,baseline,89.98
R_xt1sEBScdPLKPhT,SHIRT,baseline,137.47
R_xt1sEBScdPLKPhT,SHIRT,treatment,15.99
R_xt1sEBScdPLKPhT,SHOES,baseline,94.99
R_xt1sEBScdPLKPhT,VITAMIN,baseline,13.11
R_xx5M0tAgJVFpvl7,SKIN_CLEANING_AGENT,baseline,11.99
R_xz4CILOTENgOtKp,COFFEE,baseline,25.98
R_xz4CILOTENgOtKp,PET_FOOD,baseline,61.59
R_xz4CILOTENgOtKp,VITAMIN,baseline,33.36
R_xz4CILOTENgOtKp,VITAMIN,treatment,16.88
R_xzt7BAlQUA8iNyh,SAUCE,baseline,8.48
R_yBLjvwb8CyAH65b,PET_FOOD,baseline,59.96
R_yBLjvwb8CyAH65b,PET_FOOD,treatment,29.98
R_yC0CxAJvbL7kN2h,CELLULAR_PHONE_CASE,baseline,10.99
R_yC0CxAJvbL7kN2h,SHIRT,baseline,15.95
R_yC5ffbdBLVi93Pz,CELLULAR_PHONE_CASE,baseline,21.98
R_yC5ffbdBLVi93Pz,DISHWARE_PLATE,baseline,19.99
R_yC5ffbdBLVi93Pz,PET_FOOD,baseline,7.99
R_yC5ffbdBLVi93Pz,PET_FOOD,treatment,8.99
R_yC5ffbdBLVi93Pz,SHIRT,baseline,41.98
R_yC5ffbdBLVi93Pz,SHIRT,treatment,40.98
R_yC5ffbdBLVi93Pz,SHOES,baseline,29.99
R_yC5ffbdBLVi93Pz,SUGAR_CANDY,baseline,5.52
R_yDsJLBJ60v26htD,CELLULAR_PHONE_CASE,treatment,17.99
R_yDsJLBJ60v26htD,ELECTRONIC_CABLE,treatment,30.03
R_yDsJLBJ60v26htD,SHIRT,baseline,24.98
R_yILeYEcIeCBmy2t,SKIN_CLEANING_AGENT,baseline,75.43
R_yILeYEcIeCBmy2t,SKIN_CLEANING_AGENT,treatment,14.91
R_yJz6aXbKddNbgZz,PET_FOOD,baseline,14.0
R_yJz6aXbKddNbgZz,PET_FOOD,treatment,37.41
R_yNLUkkUgWEJjEtz,SHIRT,baseline,29.98
R_yNLUkkUgWEJjEtz,SUGAR_CANDY,baseline,25.689999999999998
R_yPgyGUixTuXuX5v,CELLULAR_PHONE_CASE,baseline,11.99
R_yPgyGUixTuXuX5v,CELLULAR_PHONE_CASE,treatment,19.99
R_yPgyGUixTuXuX5v,ELECTRONIC_CABLE,baseline,12.99
R_yPgyGUixTuXuX5v,SUGAR_CANDY,baseline,15.97
R_yVz17RJ0Nv0ZRG9,CELLULAR_PHONE_CASE,baseline,11.99
R_yWpxeDOvI9ExQ7D,ADHESIVE_TAPES,treatment,9.99
R_yWpxeDOvI9ExQ7D,PET_FOOD,baseline,94.0
R_yWpxeDOvI9ExQ7D,SUGAR_CANDY,treatment,13.86
R_yWpxeDOvI9ExQ7D,VITAMIN,baseline,15.84
R_ykhIAh7b2YyplhT,SHIRT,baseline,28.99
R_ykhIAh7b2YyplhT,SKIN_CLEANING_AGENT,baseline,6.99
R_ylOBrVB1Y3oS7yV,SCREEN_PROTECTOR,baseline,6.99
R_ylOBrVB1Y3oS7yV,SHIRT,treatment,14.88
R_ymy2UD2TCJlOQHD,ELECTRONIC_CABLE,baseline,7.99
R_yrLYz6vyq4yOHpT,SKIN_CLEANING_AGENT,baseline,8.99
R_yrLrYUf4oFzOnjb,COFFEE,treatment,64.32
R_yrLrYUf4oFzOnjb,PET_FOOD,baseline,32.97
R_ywI0zPj4zd5e4qB,CELLULAR_PHONE_CASE,baseline,6.99
R_ywlBdvbWuxsW0lr,COFFEE,treatment,11.34
R_yxxiDkqLBNLD3S9,PET_FOOD,treatment,2.6
R_yxxiDkqLBNLD3S9,SKIN_CLEANING_AGENT,treatment,10.88
R_yxxiDkqLBNLD3S9,SUGAR_CANDY,treatment,7.97
R_yyDppdQl8WvJZbr,ADHESIVE_TAPES,baseline,17.99
R_yyDppdQl8WvJZbr,ADHESIVE_TAPES,treatment,11.98
R_yyDppdQl8WvJZbr,PET_FOOD,treatment,10.92
R_yyavbTyJu1quZB7,CELLULAR_PHONE_CASE,baseline,23.98
R_yz2aRsh8GutbOiB,HERB,baseline,15.2
R_z3emF7IfAc3UqYx,ADHESIVE_TAPES,baseline,9.49
R_z3emF7IfAc3UqYx,PLANTER,baseline,31.54
R_z3emF7IfAc3UqYx,SAUCE,treatment,5.5200000000000005
R_z3emF7IfAc3UqYx,SHIRT,baseline,19.98
R_z3emF7IfAc3UqYx,SHIRT,treatment,17.99
R_z3emF7IfAc3UqYx,SKIN_CLEANING_AGENT,baseline,5.27
R_z6wrYNsvTbmmmQ1,COFFEE,baseline,7.99
R_z6wrYNsvTbmmmQ1,ELECTRONIC_CABLE,baseline,21.98
R_z6wrYNsvTbmmmQ1,HERB,baseline,11.45
R_z6wrYNsvTbmmmQ1,HERB,treatment,25.84
R_z89cVoCKmGUboYN,COFFEE,treatment,3.56
R_z8tr6xlcFxy5mcF,COFFEE,baseline,140.0
R_z8tr6xlcFxy5mcF,COFFEE,treatment,35.0
R_zSFZSDB0S1rtmcp,CELLULAR_PHONE_CASE,baseline,10.89
R_zTf2i6s3E2OQZQR,DISHWASHER_DETERGENT,treatment,26.25
R_zTf2i6s3E2OQZQR,VITAMIN,baseline,35.95
R_zTi3j2QuqAzr7NL,PET_FOOD,baseline,27.08
R_zYlhkltqLl0WShX,PROTECTIVE_GLOVE,baseline,11.99
R_zYlhkltqLl0WShX,SAUCE,treatment,7.24
R_zYlhkltqLl0WShX,SHIRT,baseline,81.96
R_zZSx9DRg5AejOrD,SHOES,baseline,57.88
R_zbZLoKX4IzA4oql,SHIRT,treatment,52.98
R_zd4E1BgAdaM2761,SHIRT,treatment,47.1
R_zfnsck2ZatnGtY5,ELECTRONIC_CABLE,baseline,8.99
R_zfnsck2ZatnGtY5,SKIN_CLEANING_AGENT,baseline,6.47
