unified_level_1,unified_level_2,unified_level_3,unified_level_4,unified_level_5
art,beading,,,
art,event,,,
art,hobby,accessory,music,
art,hobby,accessory,percussion,
art,hobby,accessory,woodwind,
art,hobby,collectible,weapon,
art,hobby,collectible,,
art,hobby,craft,accessory,
art,hobby,craft,crafting,adhesive
art,hobby,craft,crafting,embossing
art,hobby,craft,crafting,fiber
art,hobby,craft,crafting,glue
art,hobby,craft,crafting,machine
art,hobby,craft,crafting,needle
art,hobby,craft,crafting,paper | paint
art,hobby,craft,crafting,pin
art,hobby,craft,crafting,pottery
art,hobby,craft,crafting,sewing
art,hobby,craft,crafting,shape
art,hobby,craft,crafting,wire
art,hobby,craft,crafting,
art,hobby,craft,kit,candle
art,hobby,craft,kit,drawing
art,hobby,craft,kit,fabric
art,hobby,craft,kit,incense
art,hobby,craft,kit,jewelry
art,hobby,craft,kit,mosaic
art,hobby,craft,kit,needlecraft | toy
art,hobby,craft,kit,scrapbooking
art,hobby,craft,material,
art,hobby,craft,mold,
art,hobby,craft,pattern,
art,hobby,craft,tool,cutting
art,hobby,craft,tool,decoration | textile
art,hobby,craft,tool,measuring
art,hobby,craft,tool,thimble
art,hobby,craft,tool,
art,hobby,craft,,
art,hobby,homebrewing,,
art,hobby,instrument,brass,
art,hobby,instrument,string,
art,hobby,instrument,,
art,hobby,juggling,,
art,hobby,magic,,
art,hobby,model,,
art,hobby,musical,electronic,
art,hobby,musical,instrument,
art,hobby,musical,percussion,
art,hobby,musical,tom,
art,hobby,musical,woodwind,
art,hobby,musical,,
art,jewelry,beading,,
art,jewelry,making,,
art,knitting,,,
art,material,,,
art,model,,,
art,needlecraft,,,
art,party,award,,
art,party,gift,,
art,party,pom,,
art,party,special,,
art,party,supply,,
art,party,trophy,,
art,scrapbooking,,,
art,sewing,machine,,
art,sewing,notion,,
art,sewing,quilting,,
art,sewing,thread,,
art,sewing,trim,,
art,sewing,,,
art,supply,artist,,
art,supply,candle,,
art,supply,canvas,,
art,supply,ceramic,,
art,supply,craft,,
art,supply,drawing,,
art,supply,leathercraft,,
art,supply,paper,,
art,supply,pottery,,
art,supply,stained,,
art,supply,suncatcher,,
art,supply,wood,,
art,supply,,,
beauty,care,accessibility,equipment,
beauty,care,accessibility,furniture,
beauty,care,accessibility,walking,
beauty,care,acupuncture,,
beauty,care,aid,eye | travel,
beauty,care,aid,snoring,
beauty,care,aid,white,
beauty,care,aid | medical | bed | condom | conductivity,,
beauty,care,anti,,
beauty,care,child,,
beauty,care,cosmetic,bath,additive
beauty,care,cosmetic,bath,adult
beauty,care,cosmetic,bath,bar
beauty,care,cosmetic,bath,body
beauty,care,cosmetic,bath,brush
beauty,care,cosmetic,bath,hand
beauty,care,cosmetic,bath,shower
beauty,care,cosmetic,bath,sponge
beauty,care,cosmetic,bath,
beauty,care,cosmetic,makeup,body | face
beauty,care,cosmetic,makeup,costume
beauty,care,cosmetic,makeup,eye
beauty,care,cosmetic,makeup,finishing
beauty,care,cosmetic,makeup,lip
beauty,care,cosmetic,makeup,
beauty,care,cosmetic,nail,art
beauty,care,cosmetic,nail,false
beauty,care,cosmetic,nail,manicure
beauty,care,cosmetic,nail,polish
beauty,care,cosmetic,nail,
beauty,care,cosmetic,perfume,
beauty,care,cosmetic,set,
beauty,care,cosmetic,skin,acne
beauty,care,cosmetic,skin,anti
beauty,care,cosmetic,skin,body
beauty,care,cosmetic,skin,compressed
beauty,care,cosmetic,skin,facial
beauty,care,cosmetic,skin,insect
beauty,care,cosmetic,skin,lotion
beauty,care,cosmetic,skin,makeup
beauty,care,cosmetic,skin,mask
beauty,care,cosmetic,skin,petroleum
beauty,care,cosmetic,skin,sunscreen
beauty,care,cosmetic,skin,tanning
beauty,care,cosmetic,skin,wart
beauty,care,cosmetic,skin,
beauty,care,cosmetic,tool,
beauty,care,cosmetic,,
beauty,care,dental,,
beauty,care,denture,,
beauty,care,deodorant,,
beauty,care,ear,candle,
beauty,care,ear,drop,
beauty,care,ear,dryer,
beauty,care,ear,earplug,
beauty,care,ear,pick,
beauty,care,ear,syrinx,
beauty,care,ear,wax,
beauty,care,feminine,deodorant | pad,
beauty,care,feminine,douche,
beauty,care,feminine,menstrual,
beauty,care,feminine,tampon,
beauty,care,first,aid,
beauty,care,first,antiseptic,
beauty,care,first,cast,
beauty,care,first,eye,
beauty,care,first,hot,
beauty,care,first,medical,
beauty,care,foot,back,
beauty,care,foot,insole,
beauty,care,foot,odor,
beauty,care,foot,supply,
beauty,care,foot,toe,
beauty,care,hair,accessory,
beauty,care,hair,aftershave,
beauty,care,hair,body,
beauty,care,hair,clipper,
beauty,care,hair,color | coloring,
beauty,care,hair,kit,
beauty,care,hair,loss,
beauty,care,hair,permanent,
beauty,care,hair,razor,
beauty,care,hair,removal,electrolysis
beauty,care,hair,removal,epilator
beauty,care,hair,removal,wax | laser
beauty,care,hair,removal,waxing
beauty,care,hair,removal,
beauty,care,hair,shampoo,
beauty,care,hair,shaving,
beauty,care,hair,shear,
beauty,care,hair,steamer,
beauty,care,hair,styling,comb
beauty,care,hair,styling,curler | straightener
beauty,care,hair,styling,curling
beauty,care,hair,styling,dryer
beauty,care,hair,styling,tool
beauty,care,hair,styling,
beauty,care,hair,styptic,
beauty,care,massage,back,
beauty,care,massage,chair,
beauty,care,massage,eye,
beauty,care,massage,massager,
beauty,care,massage,oil,
beauty,care,massage,stone,
beauty,care,massage,table,
beauty,care,monitor,activity,
beauty,care,monitor,blood,
beauty,care,monitor,body,
beauty,care,monitor,breathalyzer,
beauty,care,monitor,cholesterol,
beauty,care,monitor,medical,
beauty,care,monitor,prenatal,
beauty,care,monitor,pulse,
beauty,care,monitor,test,
beauty,care,nutrition,bar,
beauty,care,nutrition,drink,
beauty,care,nutrition,gel,
beauty,care,nutrition,nutritional,
beauty,care,nutrition,supplement,
beauty,care,occupational,,
beauty,care,oral,breath,
beauty,care,oral,dental,
beauty,care,oral,denture,
beauty,care,oral,gum,
beauty,care,oral,mouthwash,
beauty,care,oral,orthodontic,
beauty,care,oral,power,
beauty,care,oral,teeth,
beauty,care,oral,tongue,
beauty,care,oral,toothbrush,
beauty,care,oral,toothpaste,
beauty,care,oral,toothpick,
beauty,care,oral | first | feminine | vision | massage,,
beauty,care,respiratory,nebulizer,
beauty,care,respiratory,oxygen,
beauty,care,respiratory,pap,
beauty,care,respiratory,steam,
beauty,care,test,allergy,
beauty,care,test,blood,
beauty,care,test,drug | hiv,
beauty,care,test,pregnancy,
beauty,care,test,urinary,
beauty,care,vision,contact,
beauty,care,vision,eye,
beauty,care,vision,eyeglass,
beauty,care,vision,eyewear,
beauty,care,vision,sunglass,
beauty,care | makeup,bath,body,
beauty,care | makeup,bath,bomb,
beauty,care | makeup,bath,bubble,
beauty,care | makeup,bath,deodorant,
beauty,care | makeup,bath,hand,
beauty,care | makeup,bath,oil,
beauty,care | makeup,bath,salt,
beauty,care | makeup,bath,scrub,
beauty,care | makeup,bath,shower,
beauty,care | makeup,bath,soap,
beauty,care | makeup,bath,sponge,
beauty,care | makeup,foot,,
beauty,care | makeup,fragrance,,
beauty,care | makeup,hair,brush,
beauty,care | makeup,hair,coloring,
beauty,care | makeup,hair,cutting,
beauty,care | makeup,hair,dryer,
beauty,care | makeup,hair,medicated,
beauty,care | makeup,hair,oil,
beauty,care | makeup,hair,roller,
beauty,care | makeup,hair,straightening,
beauty,care | makeup,hair,styling,
beauty,care | makeup,hair,tie,
beauty,care | makeup,hair,,
beauty,care | makeup,lip | face | eye,alphabet,
beauty,care | makeup,lip | face | eye,blush,
beauty,care | makeup,lip | face | eye,body,
beauty,care | makeup,lip | face | eye,bronzers,
beauty,care | makeup,lip | face | eye,concealers,
beauty,care | makeup,lip | face | eye,eyebrow,
beauty,care | makeup,lip | face | eye,eyeliner | shadow,
beauty,care | makeup,lip | face | eye,false,
beauty,care | makeup,lip | face | eye,foundation,
beauty,care | makeup,lip | face | eye,gloss | lipstick,
beauty,care | makeup,lip | face | eye,lash,
beauty,care | makeup,lip | face | eye,liner,
beauty,care | makeup,lip | face | eye,mascara,
beauty,care | makeup,lip | face | eye,plumpers,
beauty,care | makeup,lip | face | eye,powder,
beauty,care | makeup,lip | face | eye,primer,
beauty,care | makeup,lip | face | eye,set,
beauty,care | makeup,lip | face | eye,stain,
beauty,care | makeup,nail,art,
beauty,care | makeup,nail,artificial,
beauty,care | makeup,nail,polish,
beauty,care | makeup,nail,tool,
beauty,care | makeup,nail,,
beauty,care | makeup,skin,acne,
beauty,care | makeup,skin,cleanser,
beauty,care | makeup,skin,cleansing,
beauty,care | makeup,skin,exfoliators,
beauty,care | makeup,skin,facial,
beauty,care | makeup,skin,lightening,
beauty,care | makeup,skin,lip,
beauty,care | makeup,skin,lotion,
beauty,care | makeup,skin,mask,
beauty,care | makeup,skin,remover,
beauty,care | makeup,skin,,
beauty,care | makeup,temporary,,
beauty,care | makeup,tool,accessory,
beauty,equipment,aid,,
beauty,equipment,mobility,,
beauty,equipment,monitor,,
beauty,equipment,occupational,,
beauty,equipment,support,,
beauty,fragrance,child,,
beauty,fragrance,men,,
beauty,fragrance,woman,,
beauty,hair,coloring,,
beauty,hair,cutting,,
beauty,hair,extension,,
beauty,hair,relaxer,,
beauty,hair,shampoo,,
beauty,hair,styling,,
beauty,hair,wig,,
beauty,hair,,,
beauty,household,air,,
beauty,household,cleaning,,
beauty,household,lighter,,
beauty,household,paper,,
beauty,household,tobacco,,
beauty,jewelry,cleaning,,
beauty,jewelry,holder,,
beauty,jewelry,steam,,
beauty,jewelry,watch,,
beauty,makeup,,,
beauty,nail,foot,,
beauty,nail,hand,,
beauty,nail,polish,,
beauty,nail,product,,
beauty,product,accessory,,
beauty,product,alternative,,
beauty,product,body,,
beauty,product,diabetic,,
beauty,product,eye,,
beauty,product,facial,,
beauty,product,feminine,,
beauty,product,first,,
beauty,product,incontinence,,
beauty,product,lip,,
beauty,product,medication,,
beauty,product,ostomy,,
beauty,product,otc,,
beauty,product,sleep,,
beauty,product,smoking,,
beauty,product,woman,,
beauty,product,,,
beauty,sexual,,,
beauty,sport,,,
beauty,supplement,herbal,,
beauty,supplement,mineral,,
beauty,supplement,nutritional,,
beauty,supplement,vitamin,,
beauty,supplement,weight,,
beauty,tool,bag,,
beauty,tool,cotton,,
beauty,tool,makeup,,
beauty,tool,skin,,
beauty,tool,spa,,
beauty,wellness,,,
book,art,architecture,,
book,art,design,,
book,art,fashion,,
book,art,history,,
book,art,music,,
book,art,other,,
book,art,performing,,
book,art,photography,,
book,art,sculpture,,
book,business,accounting,,
book,business,culture,,
book,business,economics,,
book,business,human,,
book,business,industry,,
book,business,insurance,,
book,business,international,,
book,business,investing,,
book,business,job,,
book,business,management,,
book,business,process,,
book,business,skill,,
book,business,textbook,,
book,calendar,,,
book,child | young | fiction,action,,
book,child | young | fiction,adult,comic,
book,child | young | fiction,adult,disability,
book,child | young | fiction,adult,history,
book,child | young | fiction,adult,short,
book,child | young | fiction,adult,teen,
book,child | young | fiction,aging | family,,
book,child | young | fiction,animal | reference | game | life | geography,american,
book,child | young | fiction,animal | reference | game | life | geography,archaeology | social,
book,child | young | fiction,animal | reference | game | life | geography,boat,
book,child | young | fiction,animal | reference | game | life | geography,chapter,
book,child | young | fiction,animal | reference | game | life | geography,christian,
book,child | young | fiction,animal | reference | game | life | geography,computer,
book,child | young | fiction,animal | reference | game | life | geography,craft,
book,child | young | fiction,animal | reference | game | life | geography,family,
book,child | young | fiction,animal | reference | game | life | geography,fish | dinosaur | baby | marine | reptile,
book,child | young | fiction,animal | reference | game | life | geography,friendship | difficult,
book,child | young | fiction,animal | reference | game | life | geography,holocaust,
book,child | young | fiction,animal | reference | game | life | geography,language,
book,child | young | fiction,animal | reference | game | life | geography,law,
book,child | young | fiction,animal | reference | game | life | geography,money | study | almanac,
book,child | young | fiction,animal | reference | game | life | geography,non,
book,child | young | fiction,animal | reference | game | life | geography,physic,
book,child | young | fiction,animal | reference | game | life | geography,puzzle | travel | card,
book,child | young | fiction,animal | reference | game | life | geography,religious,
book,child | young | fiction,animal | reference | game | life | geography,story,
book,child | young | fiction,comic,,
book,child | young | fiction,criticism,history,
book,child | young | fiction,criticism,literary,
book,child | young | fiction,drama,,
book,child | young | fiction,fantasy,,
book,child | young | fiction,folk,,
book,child | young | fiction,graphic,biography,
book,child | young | fiction,graphic,dark,
book,child | young | fiction,graphic,horror,
book,child | young | fiction,graphic,novel,
book,child | young | fiction,graphic,shonen,
book,child | young | fiction,literature,classic,
book,child | young | fiction,literature,erotic | mystery,
book,child | young | fiction,literature,european,
book,child | young | fiction,literature,family,
book,child | young | fiction,literature,gothic,
book,child | young | fiction,literature,historical,
book,child | young | fiction,literature,humorous,
book,child | young | fiction,literature,lgbtq+,
book,child | young | fiction,literature,medical,
book,child | young | fiction,literature,metaphysical,
book,child | young | fiction,literature,mother,
book,child | young | fiction,literature,native,
book,child | young | fiction,literature,southern,
book,child | young | fiction,literature,war,
book,child | young | fiction,literature,,
book,child | young | fiction,music,,
book,child | young | fiction,mystery,,
book,child | young | fiction,parenting,,
book,child | young | fiction,poetry,,
book,child | young | fiction,romance | romantic,ancient,
book,child | young | fiction,romance | romantic,,
book,child | young | fiction,science,,
book,child | young | fiction,teen,,
book,child | young | fiction,thriller,,
book,computer,computing,,
book,computer,data,,
book,computer,database,,
book,computer,digital,,
book,computer,hardware,,
book,computer,networking,,
book,computer,operating,,
book,computer,programming,,
book,computer,science,,
book,computer,software,,
book,craft,antique,,
book,craft,care,,
book,craft,design,,
book,craft,gardening,,
book,craft,hobby,,
book,craft,home,,
book,craft,pet,,
book,craft,wedding,,
book,education,,,
book,health,alternative,,
book,health,diet,,
book,health,disease,,
book,health,exercise,,
book,health,grooming,,
book,health,mental,,
book,health,psychology,,
book,health,recovery,,
book,history,american,,
book,history,asian,,
book,history,biography,,
book,history,european,,
book,history,historical,,
book,history,middle,,
book,history,military,,
book,history,true,,
book,history,world,,
book,humor | reference,computer | history | pun,,
book,humor | reference,dictionary,,
book,humor | reference,eating,,
book,humor | reference,encyclopedia,,
book,humor | reference,english,,
book,humor | reference,etiquette,,
book,humor | reference,foreign,,
book,humor | reference,game,,
book,humor | reference,grief,,
book,humor | reference,healthy,,
book,humor | reference,movie,,
book,humor | reference,puzzle,,
book,humor | reference,self,,
book,humor | reference,sex,,
book,humor | reference,television,,
book,humor | reference,word,,
book,humor | reference,writing,,
book,law,administrative,,
book,law,business,,
book,law,constitutional,,
book,law,criminal,,
book,law,environmental,,
book,law,family,,
book,law,health,,
book,law,legal,,
book,law,philosophy,,
book,law,practice,,
book,law,procedure,,
book,law,specialty,,
book,medical,administration,,
book,medical,allied,,
book,medical,dentistry,,
book,medical,medicine,,
book,medical,nursing,,
book,medical,psychology,,
book,politics,government,,
book,politics,philosophy,,
book,politics,science,,
book,politics,social,,
book,politics,sociology,,
book,religion | christian,bible,,
book,religion | christian,judaism,,
book,religion | christian,literature,,
book,religion | christian,living,,
book,religion | christian,new,,
book,religion | christian,occult,,
book,religion | christian,other,,
book,religion | christian,protestantism,,
book,religion | christian,religious,,
book,religion | christian,worship,,
book,science,agricultural,,
book,science,astronomy,,
book,science,behavioral,,
book,science,biological,,
book,science,chemistry,,
book,science,earth,,
book,science,environment,,
book,science,for,,
book,science,mathematics,,
book,science,nature,,
book,science,scientific,,
book,sport,biography,,
book,sport,coaching,,
book,sport,extreme,,
book,sport,field,,
book,sport,football,,
book,sport,individual,,
book,sport,miscellaneous,,
book,sport,mountaineering,,
book,sport,racket,,
book,sport,team,,
book,sport,water,,
book,store,custom,,
book,test,,,
book,travel,australian,,
book,travel,automotive,,
book,travel,caribbean,,
book,travel,engineering,,
book,travel,guide,alaska,
book,travel,guide,california,
book,travel,guide,colorado,
book,travel,guide,florida,
book,travel,guide,georgia,
book,travel,guide,german,
book,travel,guide,hawaii,
book,travel,guide,ireland,
book,travel,guide,italian,
book,travel,guide,maryland,
book,travel,guide,michigan,
book,travel,guide,missouri,
book,travel,guide,ohio | indiana,
book,travel,guide,serbia,
book,travel,guide,south,
book,travel,guide,spain,
book,travel,guide,tennessee,
book,travel,guide,texas,
book,travel,guide,,
book,travel,mexico,,
book,travel,pictorial,,
book,travel,reference,,
book,travel,specialty,adventure,
book,travel,specialty,cruise,
book,travel,specialty,guide,
book,travel,transportation,,
book,wine,baking,,
book,wine,celebrity,,
book,wine,cooking,,
book,wine,culinary,,
book,wine,diet,,
book,wine,kitchen,,
book,wine,main,,
book,wine,quick,,
camera,accessory,lens,,
camera,accessory,optic,,
camera,accessory,part,gear,
camera,accessory,part,set | surveillance,
camera,accessory,part,strap,
camera,accessory,part,,
camera,accessory,tripod,,
camera,borescopes,,,
camera,digital | film | surveillance | video,webcam,,
camera,digital | film | surveillance | video,,,
camera,disposable,,,
camera,optic,,,
camera,photography,darkroom,,
camera,photography,lighting,,
camera,photography,studio,,
camera,photography,,,
camera,trail,,,
cell,phone,,,
clothing,accessory | baby | costume | woman | uniform,activewear | suit,american,
clothing,accessory | baby | costume | woman | uniform,activewear | suit,bicycle,bib | jersey
clothing,accessory | baby | costume | woman | uniform,activewear | suit,bicycle,short
clothing,accessory | baby | costume | woman | uniform,activewear | suit,bicycle,skinsuits
clothing,accessory | baby | costume | woman | uniform,activewear | suit,bicycle,tights
clothing,accessory | baby | costume | woman | uniform,activewear | suit,chap,
clothing,accessory | baby | costume | woman | uniform,activewear | suit,coat,
clothing,accessory | baby | costume | woman | uniform,activewear | suit,dance,
clothing,accessory | baby | costume | woman | uniform,activewear | suit,hunting,
clothing,accessory | baby | costume | woman | uniform,activewear | suit,motorcycle,
clothing,accessory | baby | costume | woman | uniform,activewear | suit,paintball,
clothing,accessory | baby | costume | woman | uniform,activewear | suit,pant | skirt,
clothing,accessory | baby | costume | woman | uniform,activewear | suit,rain,
clothing,accessory | baby | costume | woman | uniform,activewear | suit,short,
clothing,accessory | baby | costume | woman | uniform,activewear | suit,snow,
clothing,accessory | baby | costume | woman | uniform,activewear | suit,tuxedo,
clothing,accessory | baby | costume | woman | uniform,activewear | suit,vest,
clothing,accessory | baby | costume | woman | uniform,activewear | suit,,
clothing,accessory | baby | costume | woman | uniform,boy | girl | infant | men | unisex,bag,
clothing,accessory | baby | costume | woman | uniform,boy | girl | infant | men | unisex,belt,
clothing,accessory | baby | costume | woman | uniform,boy | girl | infant | men | unisex,boa,
clothing,accessory | baby | costume | woman | uniform,boy | girl | infant | men | unisex,cape,
clothing,accessory | baby | costume | woman | uniform,boy | girl | infant | men | unisex,crown,
clothing,accessory | baby | costume | woman | uniform,boy | girl | infant | men | unisex,face,
clothing,accessory | baby | costume | woman | uniform,boy | girl | infant | men | unisex,fan,
clothing,accessory | baby | costume | woman | uniform,boy | girl | infant | men | unisex,glass,
clothing,accessory | baby | costume | woman | uniform,boy | girl | infant | men | unisex,glove | shoe,
clothing,accessory | baby | costume | woman | uniform,boy | girl | infant | men | unisex,hat | wig,
clothing,accessory | baby | costume | woman | uniform,boy | girl | infant | men | unisex,mask,
clothing,accessory | baby | costume | woman | uniform,boy | girl | infant | men | unisex,prop,
clothing,accessory | baby | costume | woman | uniform,boy | girl | infant | men | unisex,prosthetics,
clothing,accessory | baby | costume | woman | uniform,boy | girl | infant | men | unisex,wing,
clothing,accessory | baby | costume | woman | uniform,boy | girl | infant | men | unisex,,
clothing,accessory | baby | costume | woman | uniform,bridal | decorative,,
clothing,accessory | baby | costume | woman | uniform,button,,
clothing,accessory | baby | costume | woman | uniform,dress,,
clothing,accessory | baby | costume | woman | uniform,hair,bandana,
clothing,accessory | baby | costume | woman | uniform,hair,bun,
clothing,accessory | baby | costume | woman | uniform,hair,care,
clothing,accessory | baby | costume | woman | uniform,hair,comb,
clothing,accessory | baby | costume | woman | uniform,hair,extension,
clothing,accessory | baby | costume | woman | uniform,hair,fork,
clothing,accessory | baby | costume | woman | uniform,hair,headband,
clothing,accessory | baby | costume | woman | uniform,hair,net,
clothing,accessory | baby | costume | woman | uniform,hair,pin,
clothing,accessory | baby | costume | woman | uniform,hair,ponytail,
clothing,accessory | baby | costume | woman | uniform,hair,tiara,
clothing,accessory | baby | costume | woman | uniform,hair,wig,
clothing,accessory | baby | costume | woman | uniform,hair,wreath,
clothing,accessory | baby | costume | woman | uniform,kid | men | girl | boy | toddler,activewear,jacket
clothing,accessory | baby | costume | woman | uniform,kid | men | girl | boy | toddler,activewear,legging | skirt
clothing,accessory | baby | costume | woman | uniform,kid | men | girl | boy | toddler,activewear,short
clothing,accessory | baby | costume | woman | uniform,kid | men | girl | boy | toddler,activewear,sport
clothing,accessory | baby | costume | woman | uniform,kid | men | girl | boy | toddler,activewear,sweatshirt
clothing,accessory | baby | costume | woman | uniform,kid | men | girl | boy | toddler,activewear,
clothing,accessory | baby | costume | woman | uniform,kid | men | girl | boy | toddler,apron | coverall | jacket | lab | other,
clothing,accessory | baby | costume | woman | uniform,kid | men | girl | boy | toddler,bottom | diaper | dress | outerwear | outfit,
clothing,accessory | baby | costume | woman | uniform,kid | men | girl | boy | toddler,maternity,bra
clothing,accessory | baby | costume | woman | uniform,kid | men | girl | boy | toddler,maternity,coat
clothing,accessory | baby | costume | woman | uniform,kid | men | girl | boy | toddler,maternity,dress
clothing,accessory | baby | costume | woman | uniform,kid | men | girl | boy | toddler,maternity,jean
clothing,accessory | baby | costume | woman | uniform,kid | men | girl | boy | toddler,maternity,jumpsuit
clothing,accessory | baby | costume | woman | uniform,kid | men | girl | boy | toddler,maternity,legging
clothing,accessory | baby | costume | woman | uniform,kid | men | girl | boy | toddler,maternity,pant
clothing,accessory | baby | costume | woman | uniform,kid | men | girl | boy | toddler,maternity,panty | pantyhose
clothing,accessory | baby | costume | woman | uniform,kid | men | girl | boy | toddler,maternity,short
clothing,accessory | baby | costume | woman | uniform,kid | men | girl | boy | toddler,maternity,sleepwear
clothing,accessory | baby | costume | woman | uniform,kid | men | girl | boy | toddler,maternity,sweater
clothing,accessory | baby | costume | woman | uniform,kid | men | girl | boy | toddler,maternity,sweatshirt
clothing,accessory | baby | costume | woman | uniform,kid | men | girl | boy | toddler,maternity,swimwear
clothing,accessory | baby | costume | woman | uniform,kid | men | girl | boy | toddler,maternity,top
clothing,accessory | baby | costume | woman | uniform,kid | men | girl | boy | toddler,newborn | top | sleepwear | outerwear | bottom,bag | belt
clothing,accessory | baby | costume | woman | uniform,kid | men | girl | boy | toddler,newborn | top | sleepwear | outerwear | bottom,bodysuits
clothing,accessory | baby | costume | woman | uniform,kid | men | girl | boy | toddler,newborn | top | sleepwear | outerwear | bottom,dress | outfit | skirt
clothing,accessory | baby | costume | woman | uniform,kid | men | girl | boy | toddler,newborn | top | sleepwear | outerwear | bottom,glove
clothing,accessory | baby | costume | woman | uniform,kid | men | girl | boy | toddler,newborn | top | sleepwear | outerwear | bottom,hat
clothing,accessory | baby | costume | woman | uniform,kid | men | girl | boy | toddler,newborn | top | sleepwear | outerwear | bottom,outfit
clothing,accessory | baby | costume | woman | uniform,kid | men | girl | boy | toddler,newborn | top | sleepwear | outerwear | bottom,shirt
clothing,accessory | baby | costume | woman | uniform,kid | men | girl | boy | toddler,newborn | top | sleepwear | outerwear | bottom,sock
clothing,accessory | baby | costume | woman | uniform,kid | men | girl | boy | toddler,newborn | top | sleepwear | outerwear | bottom,suit | swimwear | bodysuits | underwear
clothing,accessory | baby | costume | woman | uniform,kid | men | girl | boy | toddler,newborn | top | sleepwear | outerwear | bottom,sweater | outfit | sweatshirt
clothing,accessory | baby | costume | woman | uniform,kid | men | girl | boy | toddler,newborn | top | sleepwear | outerwear | bottom,sweater | sweatshirt | shirt
clothing,accessory | baby | costume | woman | uniform,kid | men | girl | boy | toddler,newborn | top | sleepwear | outerwear | bottom,swimwear | bodysuits
clothing,accessory | baby | costume | woman | uniform,kid | men | girl | boy | toddler,newborn | top | sleepwear | outerwear | bottom,tights
clothing,accessory | baby | costume | woman | uniform,kid | men | girl | boy | toddler,newborn | top | sleepwear | outerwear | bottom,
clothing,accessory | baby | costume | woman | uniform,kid | men | girl | boy | toddler,pant,
clothing,accessory | baby | costume | woman | uniform,kid | men | girl | boy | toddler,scrub,
clothing,accessory | baby | costume | woman | uniform,kid | men | girl | boy | toddler,shirt | coat | sleepwear,
clothing,accessory | baby | costume | woman | uniform,kid | men | girl | boy | toddler,short,
clothing,accessory | baby | costume | woman | uniform,kid | men | girl | boy | toddler,sleepwear,bra
clothing,accessory | baby | costume | woman | uniform,kid | men | girl | boy | toddler,sleepwear,camisole
clothing,accessory | baby | costume | woman | uniform,kid | men | girl | boy | toddler,sleepwear,corset
clothing,accessory | baby | costume | woman | uniform,kid | men | girl | boy | toddler,sleepwear,garter
clothing,accessory | baby | costume | woman | uniform,kid | men | girl | boy | toddler,sleepwear,shapewear
clothing,accessory | baby | costume | woman | uniform,kid | men | girl | boy | toddler,sleepwear,slip
clothing,accessory | baby | costume | woman | uniform,kid | men | girl | boy | toddler,sleepwear,teddy
clothing,accessory | baby | costume | woman | uniform,kid | men | girl | boy | toddler,sleepwear,underwear
clothing,accessory | baby | costume | woman | uniform,kid | men | girl | boy | toddler,sleepwear,
clothing,accessory | baby | costume | woman | uniform,kid | men | girl | boy | toddler,sock,
clothing,accessory | baby | costume | woman | uniform,kid | men | girl | boy | toddler,swimwear | skirt | dress | jean | jumpsuit,
clothing,accessory | baby | costume | woman | uniform,kid | men | girl | boy | toddler,swimwear | underwear | top | sweatshirt | sock,hoodies | skirt | sweater | legging | outfit
clothing,accessory | baby | costume | woman | uniform,kid | men | girl | boy | toddler,swimwear | underwear | top | sweatshirt | sock,hoodies | sweater | outfit
clothing,accessory | baby | costume | woman | uniform,kid | men | girl | boy | toddler,swimwear | underwear | top | sweatshirt | sock,jean
clothing,accessory | baby | costume | woman | uniform,kid | men | girl | boy | toddler,swimwear | underwear | top | sweatshirt | sock,jumpsuit
clothing,accessory | baby | costume | woman | uniform,kid | men | girl | boy | toddler,swimwear | underwear | top | sweatshirt | sock,pant
clothing,accessory | baby | costume | woman | uniform,kid | men | girl | boy | toddler,swimwear | underwear | top | sweatshirt | sock,shirt
clothing,accessory | baby | costume | woman | uniform,kid | men | girl | boy | toddler,swimwear | underwear | top | sweatshirt | sock,short
clothing,accessory | baby | costume | woman | uniform,kid | men | girl | boy | toddler,swimwear | underwear | top | sweatshirt | sock,skorts
clothing,accessory | baby | costume | woman | uniform,kid | men | girl | boy | toddler,swimwear | underwear | top | sweatshirt | sock,sleepwear | outerwear
clothing,accessory | baby | costume | woman | uniform,kid | men | girl | boy | toddler,swimwear | underwear | top | sweatshirt | sock,suit | vest
clothing,accessory | baby | costume | woman | uniform,kid | men | girl | boy | toddler,swimwear | underwear | top | sweatshirt | sock,tights
clothing,accessory | baby | costume | woman | uniform,kid | men | girl | boy | toddler,swimwear | underwear | top | sweatshirt | sock,vest
clothing,accessory | baby | costume | woman | uniform,kid | men | girl | boy | toddler,swimwear | underwear | top | sweatshirt | sock,
clothing,accessory | baby | costume | woman | uniform,kid | men | girl | boy | toddler,tights,leg | stocking
clothing,accessory | baby | costume | woman | uniform,kid | men | girl | boy | toddler,tights,pantyhose
clothing,accessory | baby | costume | woman | uniform,kid | men | girl | boy | toddler,tights,sock
clothing,accessory | baby | costume | woman | uniform,kid | men | girl | boy | toddler,top,activewear
clothing,accessory | baby | costume | woman | uniform,kid | men | girl | boy | toddler,top,legging
clothing,accessory | baby | costume | woman | uniform,kid | men | girl | boy | toddler,top,shirt | swimwear
clothing,accessory | baby | costume | woman | uniform,kid | men | girl | boy | toddler,top,short
clothing,accessory | baby | costume | woman | uniform,kid | men | girl | boy | toddler,top,suit
clothing,accessory | baby | costume | woman | uniform,kid | men | girl | boy | toddler,top,sweater
clothing,accessory | baby | costume | woman | uniform,kid | men | girl | boy | toddler,top,sweatshirt
clothing,accessory | baby | costume | woman | uniform,kid | men | girl | boy | toddler,top,swimwear
clothing,accessory | baby | costume | woman | uniform,kid | men | girl | boy | toddler,top,vest
clothing,accessory | baby | costume | woman | uniform,kid | men | girl | boy | toddler,top | bottom,activewear
clothing,accessory | baby | costume | woman | uniform,kid | men | girl | boy | toddler,top | bottom,activewear | sleepwear
clothing,accessory | baby | costume | woman | uniform,kid | men | girl | boy | toddler,top | bottom,blazer
clothing,accessory | baby | costume | woman | uniform,kid | men | girl | boy | toddler,top | bottom,casual
clothing,accessory | baby | costume | woman | uniform,kid | men | girl | boy | toddler,top | bottom,jean
clothing,accessory | baby | costume | woman | uniform,kid | men | girl | boy | toddler,top | bottom,pant
clothing,accessory | baby | costume | woman | uniform,kid | men | girl | boy | toddler,top | bottom,sleepwear
clothing,accessory | baby | costume | woman | uniform,kid | men | girl | boy | toddler,top | bottom,sweater
clothing,accessory | baby | costume | woman | uniform,kid | men | girl | boy | toddler,top | bottom,sweatshirt
clothing,accessory | baby | costume | woman | uniform,kid | men | girl | boy | toddler,top | bottom,swimwear
clothing,accessory | baby | costume | woman | uniform,kid | men | girl | boy | toddler,top | bottom,underwear
clothing,accessory | baby | costume | woman | uniform,kid | men | girl | boy | toddler,top | bottom,vest
clothing,accessory | baby | costume | woman | uniform,kid | men | girl | boy | toddler,,
clothing,accessory | baby | costume | woman | uniform,lei,,
clothing,accessory | baby | costume | woman | uniform,loungewear,nightgown,
clothing,accessory | baby | costume | woman | uniform,loungewear,pajama,
clothing,accessory | baby | costume | woman | uniform,loungewear,robe,
clothing,accessory | baby | costume | woman | uniform,men | boy | newborn | toddler | girl,bag | belt | hat | scarf,
clothing,accessory | baby | costume | woman | uniform,men | boy | newborn | toddler | girl,belt | glove | hat,
clothing,accessory | baby | costume | woman | uniform,men | boy | newborn | toddler | girl,belt | scarf,
clothing,accessory | baby | costume | woman | uniform,men | boy | newborn | toddler | girl,glove,
clothing,accessory | baby | costume | woman | uniform,men | boy | newborn | toddler | girl,hat,
clothing,accessory | baby | costume | woman | uniform,men | boy | newborn | toddler | girl,scarf,
clothing,accessory | baby | costume | woman | uniform,men | boy | newborn | toddler | girl,shoelace,
clothing,accessory | baby | costume | woman | uniform,men | boy | newborn | toddler | girl,sunglass,
clothing,accessory | baby | costume | woman | uniform,men | boy | newborn | toddler | girl,suspender,
clothing,accessory | baby | costume | woman | uniform,men | boy | newborn | toddler | girl,tie | hat,
clothing,accessory | baby | costume | woman | uniform,men | boy | newborn | toddler | girl,tie | wallet | hat | scarf,
clothing,accessory | baby | costume | woman | uniform,one,,
clothing,accessory | baby | costume | woman | uniform,scarf,,
clothing,accessory | baby | costume | woman | uniform,shoe | mask | bald | set | cape,cap,
clothing,accessory | baby | costume | woman | uniform,shoe | mask | bald | set | cape,glove,
clothing,accessory | baby | costume | woman | uniform,shoe | mask | bald | set | cape,hat,
clothing,accessory | baby | costume | woman | uniform,shoe | mask | bald | set | cape,pretend,
clothing,accessory | baby | costume | woman | uniform,shoe | mask | bald | set | cape,special,
clothing,accessory | baby | costume | woman | uniform,shoe | mask | bald | set | cape,tobacco,
clothing,accessory | baby | costume | woman | uniform,shoe | mask | bald | set | cape,,
clothing,accessory | baby | costume | woman | uniform,short,,
clothing,accessory | baby | costume | woman | uniform,skirt,,
clothing,accessory | baby | costume | woman | uniform,skorts,,
clothing,accessory | baby | costume | woman | uniform,sport | food,american,
clothing,accessory | baby | costume | woman | uniform,sport | food,baseball | softball,
clothing,accessory | baby | costume | woman | uniform,sport | food,basketball,
clothing,accessory | baby | costume | woman | uniform,sport | food,cheerleading,
clothing,accessory | baby | costume | woman | uniform,sport | food,contractor,
clothing,accessory | baby | costume | woman | uniform,sport | food,cricket,
clothing,accessory | baby | costume | woman | uniform,sport | food,flight,
clothing,accessory | baby | costume | woman | uniform,sport | food,hockey,
clothing,accessory | baby | costume | woman | uniform,sport | food,martial,
clothing,accessory | baby | costume | woman | uniform,sport | food,military,
clothing,accessory | baby | costume | woman | uniform,sport | food,officiating,
clothing,accessory | baby | costume | woman | uniform,sport | food,school,
clothing,accessory | baby | costume | woman | uniform,sport | food,security,
clothing,accessory | baby | costume | woman | uniform,sport | food,service,
clothing,accessory | baby | costume | woman | uniform,sport | food,soccer,
clothing,accessory | baby | costume | woman | uniform,sport | food,white,
clothing,accessory | baby | costume | woman | uniform,sport | food,wrestling,
clothing,accessory | baby | costume | woman | uniform,traditional,dirndl,
clothing,accessory | baby | costume | woman | uniform,traditional,hakama,
clothing,accessory | baby | costume | woman | uniform,traditional,japanese,
clothing,accessory | baby | costume | woman | uniform,traditional,kimono,
clothing,accessory | baby | costume | woman | uniform,traditional,leather,
clothing,accessory | baby | costume | woman | uniform,traditional,religious,
clothing,accessory | baby | costume | woman | uniform,traditional,sari,
clothing,accessory | baby | costume | woman | uniform,traditional,yukata,
clothing,accessory | baby | costume | woman | uniform,traditional | belt | headwear | warmer | balaclava,fascinators | headdress | turban,
clothing,accessory | baby | costume | woman | uniform,traditional | belt | headwear | warmer | balaclava,obi | kimono,
clothing,accessory | baby | costume | woman | uniform,traditional | belt | headwear | warmer | balaclava,,
clothing,accessory | baby | costume | woman | uniform,underwear,bra,
clothing,accessory | baby | costume | woman | uniform,underwear,hosiery,
clothing,accessory | baby | costume | woman | uniform,underwear,jock,
clothing,accessory | baby | costume | woman | uniform,underwear,lingerie,
clothing,accessory | baby | costume | woman | uniform,underwear,long,
clothing,accessory | baby | costume | woman | uniform,underwear,petticoat,
clothing,accessory | baby | costume | woman | uniform,underwear,shapewear,
clothing,accessory | baby | costume | woman | uniform,underwear,slip,
clothing,accessory | baby | costume | woman | uniform,underwear,sock,
clothing,accessory | baby | costume | woman | uniform,underwear,undershirt,
clothing,accessory | baby | costume | woman | uniform,underwear,,
clothing,baby,boy,,
clothing,baby,girl,,
clothing,boy,accessory,,
clothing,boy,jacket,,
clothing,boy,jewelry,,
clothing,boy,overall,,
clothing,boy,shirt,,
clothing,boy,shoe,,
clothing,boy,shop,,
clothing,costume,accessory,,
clothing,costume,makeup,,
clothing,costume,men,,
clothing,costume,woman | prop,,
clothing,girl,accessory,,
clothing,girl,dress,,
clothing,girl,jacket,,
clothing,girl,jewelry,,
clothing,girl,set,,
clothing,girl,shoe,,
clothing,girl,shop,,
clothing,girl,sleepwear,,
clothing,girl,sweater,,
clothing,girl,swimwear,,
clothing,girl,top,,
clothing,girl,underwear,,
clothing,jewelry,anklet,,
clothing,jewelry,body,,
clothing,jewelry,bracelet,,
clothing,jewelry,brooch,,
clothing,jewelry,charm,,
clothing,jewelry,cremation,,
clothing,jewelry,earring,,
clothing,jewelry,engagement,,
clothing,jewelry,lapel,,
clothing,jewelry,loose,,
clothing,jewelry,men,,
clothing,jewelry,necklace,,
clothing,jewelry,ring,,
clothing,jewelry,set,,
clothing,jewelry,watch,,
clothing,luggage,,,
clothing,luggage | bag,cover,,
clothing,luggage | bag,dry,,
clothing,luggage | bag,packing,,
clothing,luggage | bag,rack,,
clothing,luggage | bag,strap | tag,,
clothing,luggage | bag,travel,,
clothing,luggage | bag,,,
clothing,men,accessory,,
clothing,men,shirt,,
clothing,men,shoe,,
clothing,men,short,,
clothing,men,sleepwear,,
clothing,men,sock,,
clothing,men,swimwear,,
clothing,men,underwear,,
clothing,shoe,baby,,
clothing,shoe,boot,,
clothing,shoe,cover,,
clothing,shoe,gaiter,,
clothing,shoe,kid,,
clothing,shoe,men,,
clothing,shoe,shoelace,,
clothing,shoe,spur,,
clothing,shoe,unisex,,
clothing,shoe,woman,,
clothing,shoe,,,
clothing,shopping,,,
clothing,sport,,,
clothing,train,,,
clothing,uniform,,,
clothing,wallet,badge,,
clothing,wallet,business,,
clothing,wallet,checkbook,,
clothing,wallet,handbag,,
clothing,wallet,keychains | chain,,
clothing,wallet,lanyard,,
clothing,wallet,money,,
clothing,wallet | bag,belt,,
clothing,wallet | bag,clutch,,
clothing,wallet | bag,crossbody | shoulder,,
clothing,wallet | bag,satchel,,
clothing,wallet | bag,tote,,
clothing,wallet | bag,,,
clothing,watch,accessory,,
clothing,watch,kid,,
clothing,watch,men,,
clothing,watch,woman,,
clothing,woman,accessory,,
clothing,woman,dress,,
clothing,woman,handbag,,
clothing,woman,jewelry,,
clothing,woman,shoe,,
clothing,woman,shop,,
clothing,woman,sock,,
clothing,woman,suiting,,
clothing,woman,swimsuit,,
clothing,woman,top,,
clothing,woman,watch,,
collectible,coin,,,
collectible,electronics | appliance,,,
collectible,furniture,,,
collectible,home,,,
collectible,sport,,,
collectible,stamp,,,
collectible,toy,,,
food,alcoholic,,,
food,beverage,alcoholic,beer | wine,
food,beverage,alcoholic,flavored,
food,beverage,alcoholic,hard,
food,beverage,alcoholic,liquor,
food,beverage,alcoholic,,
food,beverage,buttermilk,,
food,beverage,coffee,,
food,beverage,concentrate,,
food,beverage,eggnog,,
food,beverage,fruit,,
food,beverage,hot,,
food,beverage,juice,,
food,beverage,juice | water,,
food,beverage,milk,,
food,beverage,non,,
food,beverage,powdered,,
food,beverage,soda,,
food,beverage,sport,,
food,beverage,tea,,
food,beverage,vinegar,,
food,beverage,water,,
food,bread,bakery,,
food,bread,breakfast,,
food,bread,cooky,,
food,bread,grocery,,
food,bread,sandwich,,
food,brewing,,,
food,candy,,,
food,cheese,asiago,,
food,cheese,assortment,,
food,cheese,colby,,
food,cheese,cream,,
food,cheese,egg,,
food,cheese,gouda,,
food,cheese,gruyère,,
food,cheese,milk,,
food,cheese,sour,,
food,cheese,vegetarian,,
food,cheese,yogurt,,
food,dried,,,
food,fresh,dried,,
food,fresh,fruit,,
food,fresh,herb,,
food,fresh,packaged,,
food,fresh,vegetable,,
food,frozen,appetizer,,
food,frozen,breakfast | bread,,
food,frozen,vegetable,,
food,gift,,,
food,item,bakery,assortment,
food,item,bakery,bagel,
food,item,bakery,bread,
food,item,bakery,cake,
food,item,bakery,coffee | cupcake,
food,item,bakery,cooky,
food,item,bakery,donut,
food,item,bakery,fudge,
food,item,bakery,ice,
food,item,bakery,muffin,
food,item,bakery,pastry,
food,item,bakery,pie,
food,item,bakery,taco,
food,item,bakery,tortilla,
food,item,baking,bread | flour | meal,
food,item,baking,canned,
food,item,baking,chip | chocolate | flavor | mix | powder,
food,item,baking,cooking,
food,item,baking,cooking | coloring,
food,item,baking,dough,
food,item,baking,egg,
food,item,baking,frosting,
food,item,baking,lemon | vinegar,
food,item,baking,mix,
food,item,baking,molasses,
food,item,baking,paste,
food,item,baking,pie,
food,item,baking,shortening,
food,item,baking,starter,
food,item,baking,sugar | corn,
food,item,baking,tapioca,
food,item,baking,unflavored,
food,item,baking,yeast,
food,item,candied,,
food,item,candy,,
food,item,cereal,amaranth,
food,item,cereal,barley | wheat,
food,item,cereal,buckwheat,
food,item,cereal,couscous,
food,item,cereal,granola,
food,item,cereal,millet,
food,item,cereal,oat,
food,item,cereal,quinoa,
food,item,cereal,rice,
food,item,cereal,rye,
food,item,dairy,butter,
food,item,dairy,cheese,
food,item,dairy,coffee,
food,item,dairy,cottage,
food,item,dairy,cream,
food,item,dairy,sour,
food,item,dairy,yogurt,
food,item,dip,butter,
food,item,dip,cheese,
food,item,dip,cream,
food,item,dip,guacamole,
food,item,dip,hummus,
food,item,dip,jam,
food,item,dip,salsa,
food,item,dip,tapenade,
food,item,dip,vegetable,
food,item,egg,liquid | prepared,
food,item,egg,white,
food,item,egg,whole,
food,item,frozen,,
food,item,gift,,
food,item,meat,canned,
food,item,meat,fresh,
food,item,meat,lunch,
food,item,meat,seafood,
food,item,nut,,
food,item,pasta,,
food,item,prepared,,
food,item,sauce,cocktail | fish | hot | pasta | pizza,
food,item,sauce,curry | satay,
food,item,sauce,gravy,
food,item,sauce,honey,
food,item,sauce,horseradish,
food,item,sauce,ketchup,
food,item,sauce,marinade,
food,item,sauce,mayonnaise,
food,item,sauce,mustard,
food,item,sauce,olive,
food,item,sauce,pickled,
food,item,sauce,relish,
food,item,sauce,salad,
food,item,sauce,sweet,
food,item,sauce,syrup,
food,item,sauce,tahini,
food,item,sauce,tartar,
food,item,sauce,topping,
food,item,sauce,white,
food,item,sauce,worcestershire,
food,item,snack,bar,
food,item,snack,breadstick,
food,item,snack,cake,
food,item,snack,cheese,
food,item,snack,chip,
food,item,snack,cracker,
food,item,snack,crouton,
food,item,snack,fruit,
food,item,snack,jerky,
food,item,snack,popcorn,
food,item,snack,pork,
food,item,snack,pretzel,
food,item,snack,pudding,
food,item,snack,puffed,
food,item,snack,salad,
food,item,snack,sesame,
food,item,snack,sticky,
food,item,snack,trail,
food,item,soup,,
food,item,spice,herb,
food,item,spice,msg,
food,item,spice,pepper | salt,
food,item,tofu,alternative,
food,item,tofu,seitan,
food,item,tofu,tempeh,
food,item,tofu,,
food,item,vegetable,canned,
food,item,vegetable,dried,
food,item,vegetable,dry,
food,item,vegetable,fresh,arracachas
food,item,vegetable,fresh,artichoke | cardoon
food,item,vegetable,fresh,asparagus
food,item,vegetable,fresh,bean
food,item,vegetable,fresh,beet
food,item,vegetable,fresh,broccoli | cabbage | carrot
food,item,vegetable,fresh,cactus | cauliflower
food,item,vegetable,fresh,celery
food,item,vegetable,fresh,corn | pea
food,item,vegetable,fresh,cucumber
food,item,vegetable,fresh,eggplant
food,item,vegetable,fresh,gai
food,item,vegetable,fresh,garlic | onion | pepper
food,item,vegetable,fresh,ginger
food,item,vegetable,fresh,gobo
food,item,vegetable,fresh,green
food,item,vegetable,fresh,horseradish
food,item,vegetable,fresh,jicama
food,item,vegetable,fresh,kohlrabi
food,item,vegetable,fresh,leek
food,item,vegetable,fresh,lotus
food,item,vegetable,fresh,malanga
food,item,vegetable,fresh,okra
food,item,vegetable,fresh,parsley
food,item,vegetable,fresh,potato | mushroom
food,item,vegetable,fresh,rhubarb
food,item,vegetable,fresh,sprout
food,item,vegetable,fresh,squash
food,item,vegetable,fresh,sugar
food,item,vegetable,fresh,sunchoke
food,item,vegetable,fresh,tamarillo
food,item,vegetable,fresh,taro
food,item,vegetable,fresh,turnip
food,item,vegetable,fresh,water | watercress
food,item,vegetable,fresh,wheatgrass
food,item,vegetable,fresh,yam
food,item,vegetable,fresh,yuca
food,item,vegetable,fresh,
food,item,vegetable,fruit,apple
food,item,vegetable,fruit,atemoyas
food,item,vegetable,fruit,babacos | cherimoya | guava | papaya
food,item,vegetable,fruit,berry
food,item,vegetable,fruit,breadfruit | starfruits
food,item,vegetable,fruit,feijoa
food,item,vegetable,fruit,fig
food,item,vegetable,fruit,kiwi
food,item,vegetable,fruit,longan
food,item,vegetable,fruit,madroã±o
food,item,vegetable,fruit,mangosteen
food,item,vegetable,fruit,melon
food,item,vegetable,fruit,pear | avocado | banana | citrus | coconut
food,item,vegetable,fruit,persimmon
food,item,vegetable,fruit,pomegranate
food,item,vegetable,fruit,quince
food,item,vegetable,fruit,rambutan
food,item,vegetable,fruit,sapodillo | sapote
food,item,vegetable,fruit,soursop
food,item,vegetable,fruit,tamarindo
food,item,vegetable,fruit,
food,meat,,,
food,meat | soup | nut | snack | spice,bakery,,
food,meat | soup | nut | snack | spice,baking,,
food,meat | soup | nut | snack | spice,breakfast,,
food,meat | soup | nut | snack | spice,broth,,
food,meat | soup | nut | snack | spice,candy,,
food,meat | soup | nut | snack | spice,chip,,
food,meat | soup | nut | snack | spice,condiment,,
food,meat | soup | nut | snack | spice,dairy,,
food,meat | soup | nut | snack | spice,dip,,
food,meat | soup | nut | snack | spice,frozen,,
food,meat | soup | nut | snack | spice,fruit,,
food,meat | soup | nut | snack | spice,pasta,,
food,meat | soup | nut | snack | spice,prepared,,
food,meat | soup | nut | snack | spice,seasoning,,
food,meat | soup | nut | snack | spice,seed,,
food,meat | soup | nut | snack | spice,substitute | seafood,,
food,pantry,baking,,
food,pantry,canned,jarred,
food,pantry,canned,,
food,pantry,condiment,,
food,pantry,cooking,,
food,pantry,dried,,
food,pantry,gravy,,
food,pantry,jam,,
food,pantry,olive,,
food,pantry,packaged,,
food,pantry,pasta,,
food,pantry,relish,,
food,pantry,salad,,
food,pantry,sauce,,
food,pantry,soup,,
food,pantry,spice,seasoning,
food,pantry,spice,single,
food,prepared,,,
food,seafood,bacon,,
food,seafood,beef,,
food,seafood,chicken,,
food,seafood,foie,,
food,seafood,fresh | dried,,
food,seafood,wild,,
food,snack,bar,,
food,snack,chip,,
food,snack,fruit,,
food,snack,pudding,,
food,snack,rice,,
food,snack,salsa | seaweed,,
food,tobacco,chewing,,
food,tobacco,cigar,,
food,tobacco,cigarette,,
food,tobacco,loose,,
food,tobacco,smoking,,
food,tobacco,vaporizer,,
furniture,accessory,,,
furniture,bed,frame,,
furniture,bed,headboard,,
furniture,bed,mattress,,
furniture,bench,,,
furniture,cabinet,armoire,,
furniture,cabinet,buffet,,
furniture,cabinet,chest,,
furniture,cabinet,china,,
furniture,cabinet,dresser,,
furniture,cabinet,file,,
furniture,cabinet,ironing,,
furniture,cabinet,kitchen,,
furniture,cabinet,magazine,,
furniture,cabinet,medium,,
furniture,cabinet,storage,,
furniture,cabinet,wine,,
furniture,cabinet,,,
furniture,cart,,,
furniture,chair,arm,,
furniture,chair,bean,,
furniture,chair,chaise,,
furniture,chair,electric,,
furniture,chair,floor | slipper,,
furniture,chair,folding,,
furniture,chair,gaming,,
furniture,chair,hanging,,
furniture,chair,kitchen,,
furniture,chair,rocking,,
furniture,chair,table,,
furniture,chair,,,
furniture,entertainment,,,
furniture,futon,,,
furniture,office,chair,,
furniture,office,desk,,
furniture,office,set,,
furniture,office,table,,
furniture,office,workstation,,
furniture,ottoman,,,
furniture,outdoor,bed,,
furniture,outdoor,cover,,
furniture,outdoor,ottoman,,
furniture,outdoor,seating,,
furniture,outdoor,set,,
furniture,outdoor,storage,,
furniture,outdoor,table,,
furniture,room,,,
furniture,set,bathroom,,
furniture,set,bedroom | living,,
furniture,set,kitchen,,
furniture,shelving,,,
furniture,sofa,,,
furniture,table,accent,,
furniture,table,activity,,
furniture,table,folding,,
furniture,table,kitchen,,
furniture,table,kotatsu,,
furniture,table,nightstands,,
furniture,table,poker,,
furniture,table,sewing,,
furniture,table,,,
furniture,toddler,baby,,
furniture,toddler,bassinet,,
furniture,toddler,changing,,
furniture,toddler,crib,,
furniture,toddler,high,,
hardware | electronics,accessory,arcade | machine,,
hardware | electronics,accessory,audio,cable,
hardware | electronics,accessory,audio,hdmi,
hardware | electronics,accessory,audio,headphone,
hardware | electronics,accessory,audio,part,
hardware | electronics,accessory,audio,remote,
hardware | electronics,accessory,audio,splitter,
hardware | electronics,accessory,audio,storage,
hardware | electronics,accessory,car,,
hardware | electronics,accessory,circuit,board,
hardware | electronics,accessory,circuit,breadboard,
hardware | electronics,accessory,circuit,capacitor,
hardware | electronics,accessory,circuit,development,
hardware | electronics,accessory,circuit,diode,
hardware | electronics,accessory,circuit,electronic,
hardware | electronics,accessory,circuit,exercise,
hardware | electronics,accessory,circuit,household,
hardware | electronics,accessory,circuit,inductor,
hardware | electronics,accessory,circuit,integrated,
hardware | electronics,accessory,circuit,microcontrollers,
hardware | electronics,accessory,circuit,pool,
hardware | electronics,accessory,circuit,printer,
hardware | electronics,accessory,circuit,resistor,
hardware | electronics,accessory,circuit,scanner,
hardware | electronics,accessory,circuit,transistor,
hardware | electronics,accessory,circuit,,
hardware | electronics,accessory,computer,adapter,
hardware | electronics,accessory,computer,audio,
hardware | electronics,accessory,computer,cable,
hardware | electronics,accessory,computer,hard,
hardware | electronics,accessory,computer,laptop,
hardware | electronics,accessory,computer,memory,
hardware | electronics,accessory,computer,rack,
hardware | electronics,accessory,computer,tablet,
hardware | electronics,accessory,computer,usb,
hardware | electronics,accessory,computer,,
hardware | electronics,accessory,computer | handheld,book,
hardware | electronics,accessory,computer | handheld,client,
hardware | electronics,accessory,computer | handheld,data,
hardware | electronics,accessory,computer | handheld,pda,
hardware | electronics,accessory,computer | handheld,,
hardware | electronics,accessory,computer | power,adapter,
hardware | electronics,accessory,computer | power,antenna | satellite,
hardware | electronics,accessory,computer | power,battery | charger,book
hardware | electronics,accessory,computer | power,battery | charger,camera
hardware | electronics,accessory,computer | power,battery | charger,camera | general
hardware | electronics,accessory,computer | power,battery | charger,charge
hardware | electronics,accessory,computer | power,battery | charger,general
hardware | electronics,accessory,computer | power,battery | charger,holder
hardware | electronics,accessory,computer | power,battery | charger,pda
hardware | electronics,accessory,computer | power,battery | charger,phone | laptop | mp3
hardware | electronics,accessory,computer | power,battery | charger,ups
hardware | electronics,accessory,computer | power,battery | charger,video
hardware | electronics,accessory,computer | power,battery | charger,
hardware | electronics,accessory,computer | power,book,
hardware | electronics,accessory,computer | power,cable,
hardware | electronics,accessory,computer | power,device | laptop | part,barcode
hardware | electronics,accessory,computer | power,device | laptop | part,card
hardware | electronics,accessory,computer | power,device | laptop | part,drive
hardware | electronics,accessory,computer | power,device | laptop | part,game | gesture | keyboard | mouse | numeric
hardware | electronics,accessory,computer | power,device | laptop | part,game | mouse
hardware | electronics,accessory,computer | power,device | laptop | part,keyboard
hardware | electronics,accessory,computer | power,device | laptop | part,kvm
hardware | electronics,accessory,computer | power,device | laptop | part,reader | digital
hardware | electronics,accessory,computer | power,device | laptop | part,replacement | screen
hardware | electronics,accessory,computer | power,device | laptop | part,riser
hardware | electronics,accessory,computer | power,device | laptop | part,tablet
hardware | electronics,accessory,computer | power,device | laptop | part,
hardware | electronics,accessory,computer | power,memory,
hardware | electronics,accessory,computer | power,memory | ram,flash
hardware | electronics,accessory,computer | power,memory | ram,
hardware | electronics,accessory,computer | power,protector | sticker,
hardware | electronics,accessory,computer | power,stand | handheld | keyboard | mouse | stylus,book | pda
hardware | electronics,accessory,computer | power,stand | handheld | keyboard | mouse | stylus,
hardware | electronics,accessory,computer | power,,
hardware | electronics,accessory,computer | tablet | networking,,
hardware | electronics,accessory,converter | accelerometer | component | modulators,audio | scan,
hardware | electronics,accessory,converter | accelerometer | component | modulators,,
hardware | electronics,accessory,game,,
hardware | electronics,accessory,jammer,,
hardware | electronics,accessory,marine,,
hardware | electronics,accessory,storage,,
hardware | electronics,accessory,surge,,
hardware | electronics,accessory,video,,
hardware | electronics,accessory,,,
hardware | electronics,air,control,,
hardware | electronics,air,duct,,
hardware | electronics,air,filter,,
hardware | electronics,air,hvac,,
hardware | electronics,air,vent,,
hardware | electronics,audio | video,accessory,computer,
hardware | electronics,audio | video,accessory,glass,
hardware | electronics,audio | video,accessory,headphone,
hardware | electronics,audio | video,accessory,karaoke,
hardware | electronics,audio | video,accessory,microphone,
hardware | electronics,audio | video,accessory,mp3,
hardware | electronics,audio | video,accessory,projector,
hardware | electronics,audio | video,accessory,receiver,
hardware | electronics,audio | video,accessory,rewinders,
hardware | electronics,audio | video,accessory,satellite,
hardware | electronics,audio | video,accessory,speaker,
hardware | electronics,audio | video,accessory,television,
hardware | electronics,audio | video,accessory,turntable,
hardware | electronics,audio | video,bullhorn,,
hardware | electronics,audio | video,component,amplifier,
hardware | electronics,audio | video,component,channel,
hardware | electronics,audio | video,component,direct,
hardware | electronics,audio | video,component,headphone,
hardware | electronics,audio | video,component,microphone,
hardware | electronics,audio | video,component,mixer,
hardware | electronics,audio | video,component,processor,
hardware | electronics,audio | video,component,receiver,
hardware | electronics,audio | video,component,signal,
hardware | electronics,audio | video,component,speaker,
hardware | electronics,audio | video,component,studio,
hardware | electronics,audio | video,component,transmitter,
hardware | electronics,audio | video,computer,,
hardware | electronics,audio | video,computer | television,,
hardware | electronics,audio | video,editing | multiplexer | server,,
hardware | electronics,audio | video,home,center,
hardware | electronics,audio | video,home,distribution,
hardware | electronics,audio | video,home,receiver | phono,
hardware | electronics,audio | video,player,boomboxes,
hardware | electronics,audio | video,player,dvd,
hardware | electronics,audio | video,player,home,
hardware | electronics,audio | video,player,jukebox,
hardware | electronics,audio | video,player,karaoke,
hardware | electronics,audio | video,player,minidisc,
hardware | electronics,audio | video,player,mp3,
hardware | electronics,audio | video,player,multitrack,
hardware | electronics,audio | video,player,radio,
hardware | electronics,audio | video,player,recorder,
hardware | electronics,audio | video,player,reel,
hardware | electronics,audio | video,player,stereo,
hardware | electronics,audio | video,player,streaming,
hardware | electronics,audio | video,player,turntable,
hardware | electronics,audio | video,player,vcr,
hardware | electronics,audio | video,player,voice,
hardware | electronics,audio | video,portable,,
hardware | electronics,audio | video,projector,,
hardware | electronics,audio | video,public,,
hardware | electronics,audio | video,radio,,
hardware | electronics,audio | video,satellite,,
hardware | electronics,audio | video,specialty,,
hardware | electronics,audio | video,stage,,
hardware | electronics,audio | video,,,
hardware | electronics,barrier,fence,,
hardware | electronics,barrier,garden,,
hardware | electronics,barrier,gate,,
hardware | electronics,barrier,lattice,,
hardware | electronics,barrier,safety,,
hardware | electronics,building,chemical,acid,
hardware | electronics,building,chemical,ammonia,
hardware | electronics,building,chemical,cleaner,
hardware | electronics,building,chemical,deck,
hardware | electronics,building,chemical,drain,
hardware | electronics,building,chemical,electrical,
hardware | electronics,building,chemical,icers,
hardware | electronics,building,chemical,lighter,
hardware | electronics,building,chemical,septic,
hardware | electronics,building,countertop | flooring | staircase,,
hardware | electronics,building,door,bell,
hardware | electronics,building,door,closer | stop,
hardware | electronics,building,door,frame,
hardware | electronics,building,door,garage,
hardware | electronics,building,door,home,
hardware | electronics,building,door,keyhole,
hardware | electronics,building,door,knob,
hardware | electronics,building,door,knocker,
hardware | electronics,building,door,push,
hardware | electronics,building,door,strike,
hardware | electronics,building,glue | tape | protective,,
hardware | electronics,building,handrail | lumber,,
hardware | electronics,building,hatch,,
hardware | electronics,building,lubricant,,
hardware | electronics,building,masonry,,
hardware | electronics,building,painting,paint,
hardware | electronics,building,painting,primer,
hardware | electronics,building,painting,stain,
hardware | electronics,building,painting,varnish,
hardware | electronics,building,plumbing,,
hardware | electronics,building,rebar,,
hardware | electronics,building,roofing,gutter,
hardware | electronics,building,roofing,roof,
hardware | electronics,building,roofing,shingle,
hardware | electronics,building,shutter,,
hardware | electronics,building,solder,,
hardware | electronics,building,solvent,,
hardware | electronics,building,sound,,
hardware | electronics,building,wall,,
hardware | electronics,building,wall | drywall | glass | insulation,,
hardware | electronics,building,weather,,
hardware | electronics,building,window,,
hardware | electronics,camera,accessory,,
hardware | electronics,camera,bag,,
hardware | electronics,camera,binoculars,,
hardware | electronics,camera,digital,,
hardware | electronics,camera,drone,,
hardware | electronics,camera,film,,
hardware | electronics,camera,flash,,
hardware | electronics,camera,lens,,
hardware | electronics,camera,photo,,
hardware | electronics,camera,surveillance,,
hardware | electronics,camera,telescope,,
hardware | electronics,camera,underwater,,
hardware | electronics,camera,video,,
hardware | electronics,communication | networking,answering,,
hardware | electronics,communication | networking,bridge,,
hardware | electronics,communication | networking,caller,,
hardware | electronics,communication | networking,concentrators,,
hardware | electronics,communication | networking,hub,,
hardware | electronics,communication | networking,intercom,,
hardware | electronics,communication | networking,modem,,
hardware | electronics,communication | networking,network,,
hardware | electronics,communication | networking,pager,,
hardware | electronics,communication | networking,power,,
hardware | electronics,communication | networking,print,,
hardware | electronics,communication | networking,radio,,
hardware | electronics,communication | networking,repeater,,
hardware | electronics,communication | networking,router,,
hardware | electronics,communication | networking,telephony,conference,
hardware | electronics,communication | networking,telephony,mobile,
hardware | electronics,communication | networking,telephony,phone,
hardware | electronics,communication | networking,telephony,satellite,
hardware | electronics,communication | networking,telephony,telephone,
hardware | electronics,communication | networking,video,,
hardware | electronics,ebook,,,
hardware | electronics,electrical,armature,,
hardware | electronics,electrical,ballast,,
hardware | electronics,electrical,cap,,
hardware | electronics,electrical,carbon,,
hardware | electronics,electrical,circuit,,
hardware | electronics,electrical,conduit,,
hardware | electronics,electrical,extension,,
hardware | electronics,electrical,generator,,
hardware | electronics,electrical,home,,
hardware | electronics,electrical,motor | wire,,
hardware | electronics,electrical,mount,,
hardware | electronics,electrical,phone,,
hardware | electronics,electrical,power,,
hardware | electronics,electrical,solar,,
hardware | electronics,electrical,switch,,
hardware | electronics,electrical,voltage,,
hardware | electronics,electrical,wall,,
hardware | electronics,electrical,wire,,
hardware | electronics,fax,printer,,
hardware | electronics,fax,scanner,,
hardware | electronics,fax,,,
hardware | electronics,freezer,,,
hardware | electronics,fuel,home,,
hardware | electronics,fuel,kerosene,,
hardware | electronics,fuel,propane,,
hardware | electronics,fuel,,,
hardware | electronics,gps,case | mount,,
hardware | electronics,gps,system,,
hardware | electronics,gps,,,
hardware | electronics,key,blank | cap,,
hardware | electronics,key,card,,
hardware | electronics,key,lock,,
hardware | electronics,part,dryer,,
hardware | electronics,part,refrigerator,,
hardware | electronics,part,washer,,
hardware | electronics,plumbing,fitting,flange,
hardware | electronics,plumbing,fitting,pipe,
hardware | electronics,plumbing,fitting,regulator,
hardware | electronics,plumbing,fitting,valve,
hardware | electronics,plumbing,fitting,,
hardware | electronics,plumbing,fixture,bathroom,
hardware | electronics,plumbing,fixture,bathtub,
hardware | electronics,plumbing,fixture,bidet,
hardware | electronics,plumbing,fixture,drain,
hardware | electronics,plumbing,fixture,faucet,
hardware | electronics,plumbing,fixture,shower,
hardware | electronics,plumbing,fixture,sink,
hardware | electronics,plumbing,fixture,toilet,
hardware | electronics,plumbing,fixture,,
hardware | electronics,plumbing,hose,,
hardware | electronics,plumbing,part,shower,
hardware | electronics,plumbing,pipe,,
hardware | electronics,plumbing,repair,,
hardware | electronics,plumbing,water,,
hardware | electronics,plumbing,well,,
hardware | electronics,pump,home | utility,,
hardware | electronics,pump,pool,,
hardware | electronics,pump,sprinkler,,
hardware | electronics,pump,sump,,
hardware | electronics,pump,well,,
hardware | electronics,smart,accessory,,
hardware | electronics,smart,cell,,
hardware | electronics,smart,glass,,
hardware | electronics,smart,watch,,
hardware | electronics,software,antivirus,,
hardware | electronics,software,business | educational | office,,
hardware | electronics,software,compiler,,
hardware | electronics,software,computer,,
hardware | electronics,software,design,editing,
hardware | electronics,software,design,graphic,
hardware | electronics,software,design,home,
hardware | electronics,software,design,medium,
hardware | electronics,software,design,modeling,
hardware | electronics,software,design,music,
hardware | electronics,software,design,sound,
hardware | electronics,software,design,web,
hardware | electronics,software,desktop,,
hardware | electronics,software,dictionary,,
hardware | electronics,software,digital,,
hardware | electronics,software,document,,
hardware | electronics,software,financial,,
hardware | electronics,software,font,,
hardware | electronics,software,gps,,
hardware | electronics,software,handheld,,
hardware | electronics,software,network,,
hardware | electronics,software,operating,,
hardware | electronics,software,restore,,
hardware | electronics,software,stock,,
hardware | electronics,software,virtual,,
hardware | electronics,software,,,
hardware | electronics,tool,accessory,airbrush | paint,
hardware | electronics,tool,accessory,paint,
hardware | electronics,tool,accessory,sandblasting,
hardware | electronics,tool,accessory,sandpaper,
hardware | electronics,tool,accessory | saw,axe,
hardware | electronics,tool,accessory | saw,band | handheld | jigsaw | miter,
hardware | electronics,tool,accessory | saw,blade,
hardware | electronics,tool,accessory | saw,drill,
hardware | electronics,tool,accessory | saw,electrical | gas | measuring,
hardware | electronics,tool,accessory | saw,grinding,
hardware | electronics,tool,accessory | saw,hammer,
hardware | electronics,tool,accessory | saw,nibbler,
hardware | electronics,tool,accessory | saw,shaper,
hardware | electronics,tool,accessory | saw,stand,
hardware | electronics,tool,accessory | saw,,
hardware | electronics,tool,chain,bungee,
hardware | electronics,tool,chain,pull,
hardware | electronics,tool,chain,rope,
hardware | electronics,tool,chain,tie,
hardware | electronics,tool,chain,twine,
hardware | electronics,tool,chain,utility,
hardware | electronics,tool,cutter,bolt | pipe,
hardware | electronics,tool,cutter,glass,
hardware | electronics,tool,cutter,handheld,
hardware | electronics,tool,cutter,nipper,
hardware | electronics,tool,cutter,rebar,
hardware | electronics,tool,cutter,tile,
hardware | electronics,tool,cutter,utility,
hardware | electronics,tool,cutter,,
hardware | electronics,tool,drill | hammer | gun | pipe | power,auger | press | handheld | mortisers | pneumatic,
hardware | electronics,tool,drill | hammer | gun | pipe | power,manual | powered,
hardware | electronics,tool,drill | hammer | gun | pipe | power,,
hardware | electronics,tool,fastener | cabinet | hose | brace | mold,chain | gear | lifting,
hardware | electronics,tool,fastener | cabinet | hose | brace | mold,furniture | backplate | catch | door,
hardware | electronics,tool,fastener | cabinet | hose | brace | mold,screw | drywall | nail | nut | rivet,
hardware | electronics,tool,fastener | cabinet | hose | brace | mold,,
hardware | electronics,tool,flashlight | light,headlamp,
hardware | electronics,tool,flashlight | light,,
hardware | electronics,tool,ladder,cart,
hardware | electronics,tool,ladder,scaffolding,
hardware | electronics,tool,ladder,step,
hardware | electronics,tool,ladder,work,
hardware | electronics,tool,magnetizers,,
hardware | electronics,tool,masonry,brick,
hardware | electronics,tool,masonry,cement,
hardware | electronics,tool,masonry,construction,
hardware | electronics,tool,masonry,edger,
hardware | electronics,tool,masonry,float,
hardware | electronics,tool,masonry,grout,
hardware | electronics,tool,masonry,jointer,
hardware | electronics,tool,masonry,trowel,
hardware | electronics,tool,mattock,,
hardware | electronics,tool,measuring,altimeter | anemometer | barometer | hygrometer,
hardware | electronics,tool,measuring,caliper,
hardware | electronics,tool,measuring,cruising,
hardware | electronics,tool,measuring,divider,
hardware | electronics,tool,measuring,electrical | probe,
hardware | electronics,tool,measuring,gas | geiger,
hardware | electronics,tool,measuring,gauge,
hardware | electronics,tool,measuring,infrared | thermal,
hardware | electronics,tool,measuring,knife,
hardware | electronics,tool,measuring,level,
hardware | electronics,tool,measuring,meter,
hardware | electronics,tool,measuring,protractor,
hardware | electronics,tool,measuring,rebar,
hardware | electronics,tool,measuring,scale | wheel | ruler,
hardware | electronics,tool,measuring,square | straight,
hardware | electronics,tool,measuring,stud,
hardware | electronics,tool,measuring,theodolite,
hardware | electronics,tool,measuring,thermocouple,
hardware | electronics,tool,measuring,transducer,
hardware | electronics,tool,measuring,weather,
hardware | electronics,tool,oil,,
hardware | electronics,tool,paint,airbrush,
hardware | electronics,tool,paint,brush,
hardware | electronics,tool,paint,edger,
hardware | electronics,tool,paint,roller,
hardware | electronics,tool,paint,shaker | sprayer,
hardware | electronics,tool,paint,sponge,
hardware | electronics,tool,paint,strainer,
hardware | electronics,tool,paint,tray,
hardware | electronics,tool,riveting,,
hardware | electronics,tool,router,,
hardware | electronics,tool,saw,band,
hardware | electronics,tool,saw,cut,
hardware | electronics,tool,saw,hand | table,
hardware | electronics,tool,saw,handheld,
hardware | electronics,tool,saw,jigsaw,
hardware | electronics,tool,saw,masonry,
hardware | electronics,tool,saw,miter,
hardware | electronics,tool,saw,panel,
hardware | electronics,tool,saw,reciprocating,
hardware | electronics,tool,saw,scroll,
hardware | electronics,tool,saw,,
hardware | electronics,tool,set,,
hardware | electronics,tool,soldering,,
hardware | electronics,tool,storage,bag,
hardware | electronics,tool,storage,box,
hardware | electronics,tool,storage,cabinet,
hardware | electronics,tool,storage,equipment | sheath,
hardware | electronics,tool,storage,garden,
hardware | electronics,tool,storage,organizer,
hardware | electronics,tool,storage,work,
home,air,fireplace,,
home,air,indoor,,
home,air,purifier,,
home,air,room,,
home,bath,accessory,,
home,bath,bathroom,,
home,bath,towel,,
home,fixture,bathroom,bathtub,
home,fixture,bathroom,shower,
home,fixture,bathroom,toilet,
home,fixture,bathroom,urinal,
home,fixture,bathroom,vanity,
home,fixture,bathroom | toilet,,
home,fixture,bathtub,,
home,fixture,drain,,
home,fixture,drain | faucet | pipe,,
home,fixture,faucet,extension,
home,fixture,faucet,sink | escutcheon,
home,fixture,faucet,spray,
home,fixture,garbage,,
home,fixture,kitchen,,
home,fixture,pump,,
home,fixture,shower,arm,
home,fixture,shower,base | head,
home,fixture,shower,bathtub,
home,fixture,shower,column,
home,fixture,shower,door,
home,fixture,shower,electric,
home,fixture,shower,wall,
home,fixture,shower,,
home,fixture,toilet,ballcock,
home,fixture,toilet,bidet,
home,fixture,toilet,tank,
home,fixture,toilet,trim,
home,fixture,valve,,
home,fixture,vanity,,
home,fixture,water,,
home,fixture,well,,
home,good | kitchen | dining | supply,bath,accessory,
home,good | kitchen | dining | supply,bath,linen,
home,good | kitchen | dining | supply,bath,shower,
home,good | kitchen | dining | supply,bath,storage,
home,good | kitchen | dining | supply,bath,towel,
home,good | kitchen | dining | supply,bed | comforter | mattress | duvet,,
home,good | kitchen | dining | supply,cleaning,bucket,
home,good | kitchen | dining | supply,cleaning,carpet,
home,good | kitchen | dining | supply,cleaning,duster | dustpan,
home,good | kitchen | dining | supply,cleaning,glove,
home,good | kitchen | dining | supply,cleaning,mop,
home,good | kitchen | dining | supply,cleaning,pipe,
home,good | kitchen | dining | supply,cleaning,product,
home,good | kitchen | dining | supply,cleaning,scrub,
home,good | kitchen | dining | supply,cleaning,sponge,
home,good | kitchen | dining | supply,cleaning,squeegee,
home,good | kitchen | dining | supply,cleaning,towel,
home,good | kitchen | dining | supply,decor,clock,alarm
home,good | kitchen | dining | supply,decor,clock,desk
home,good | kitchen | dining | supply,decor,clock,grandfather
home,good | kitchen | dining | supply,decor,clock,part
home,good | kitchen | dining | supply,decor,clock,wall
home,good | kitchen | dining | supply,decor,decorative,artificial
home,good | kitchen | dining | supply,decor,decorative,basket
home,good | kitchen | dining | supply,decor,decorative,bell
home,good | kitchen | dining | supply,decor,decorative,bookend
home,good | kitchen | dining | supply,decor,decorative,bottle
home,good | kitchen | dining | supply,decor,decorative,decal
home,good | kitchen | dining | supply,decor,decorative,door
home,good | kitchen | dining | supply,decor,decorative,doorstop
home,good | kitchen | dining | supply,decor,decorative,figurine
home,good | kitchen | dining | supply,decor,decorative,finial
home,good | kitchen | dining | supply,decor,decorative,flower
home,good | kitchen | dining | supply,decor,decorative,frame
home,good | kitchen | dining | supply,decor,decorative,hourglass
home,good | kitchen | dining | supply,decor,decorative,house
home,good | kitchen | dining | supply,decor,decorative,indoor
home,good | kitchen | dining | supply,decor,decorative,jar
home,good | kitchen | dining | supply,decor,decorative,key
home,good | kitchen | dining | supply,decor,decorative,mask
home,good | kitchen | dining | supply,decor,decorative,message
home,good | kitchen | dining | supply,decor,decorative,mirror
home,good | kitchen | dining | supply,decor,decorative,plaque
home,good | kitchen | dining | supply,decor,decorative,poster
home,good | kitchen | dining | supply,decor,decorative,sculpture | tile
home,good | kitchen | dining | supply,decor,decorative,tapestry
home,good | kitchen | dining | supply,decor,decorative,vase
home,good | kitchen | dining | supply,decor,decorative,wall
home,good | kitchen | dining | supply,decor,decorative,wreath
home,good | kitchen | dining | supply,decor,decorative,
home,good | kitchen | dining | supply,decor,fragrance,air
home,good | kitchen | dining | supply,decor,fragrance,candle
home,good | kitchen | dining | supply,decor,fragrance,diffuser
home,good | kitchen | dining | supply,decor,fragrance,incense
home,good | kitchen | dining | supply,decor,fragrance,potpourri
home,good | kitchen | dining | supply,decor,fragrance,wax
home,good | kitchen | dining | supply,decor,holiday,advent
home,good | kitchen | dining | supply,decor,holiday,christmas
home,good | kitchen | dining | supply,decor,holiday,easter
home,good | kitchen | dining | supply,decor,holiday,ornament
home,good | kitchen | dining | supply,decor,holiday,seasonal
home,good | kitchen | dining | supply,decor,holiday,snow
home,good | kitchen | dining | supply,decor,holiday,table
home,good | kitchen | dining | supply,decor,holiday,tree
home,good | kitchen | dining | supply,decor,holiday,wall
home,good | kitchen | dining | supply,decor,holiday,window
home,good | kitchen | dining | supply,decor,holiday,wreath
home,good | kitchen | dining | supply,decor,holiday,yard
home,good | kitchen | dining | supply,decor,holiday,
home,good | kitchen | dining | supply,decor,rug,area
home,good | kitchen | dining | supply,decor,rug,carpet | floor
home,good | kitchen | dining | supply,decor,rug,stair
home,good | kitchen | dining | supply,decor,rug,
home,good | kitchen | dining | supply,decor,window,blind
home,good | kitchen | dining | supply,decor,window,curtain
home,good | kitchen | dining | supply,decor,window,film
home,good | kitchen | dining | supply,decor,window,magnet
home,good | kitchen | dining | supply,decor,window,screen
home,good | kitchen | dining | supply,decor,window,stained
home,good | kitchen | dining | supply,decor,window,treatment
home,good | kitchen | dining | supply,decor,window,valance
home,good | kitchen | dining | supply,decor,window,
home,good | kitchen | dining | supply,dishwashing,,
home,good | kitchen | dining | supply,disposable,facial,
home,good | kitchen | dining | supply,disposable,paper,
home,good | kitchen | dining | supply,disposable,straw,
home,good | kitchen | dining | supply,disposable,tableware,
home,good | kitchen | dining | supply,disposable,toilet,
home,good | kitchen | dining | supply,disposable,trash,
home,good | kitchen | dining | supply,drawer,,
home,good | kitchen | dining | supply,dryer,,
home,good | kitchen | dining | supply,food | tool | appliance | barware | storage,bakeware,baking
home,good | kitchen | dining | supply,food | tool | appliance | barware | storage,bakeware,muffin
home,good | kitchen | dining | supply,food | tool | appliance | barware | storage,bakeware,pan
home,good | kitchen | dining | supply,food | tool | appliance | barware | storage,bakeware,pie
home,good | kitchen | dining | supply,food | tool | appliance | barware | storage,bakeware,pizza
home,good | kitchen | dining | supply,food | tool | appliance | barware | storage,bakeware,ramekin
home,good | kitchen | dining | supply,food | tool | appliance | barware | storage,bakeware,roasting
home,good | kitchen | dining | supply,food | tool | appliance | barware | storage,bakeware,set
home,good | kitchen | dining | supply,food | tool | appliance | barware | storage,bakeware,
home,good | kitchen | dining | supply,food | tool | appliance | barware | storage,baking,cake
home,good | kitchen | dining | supply,food | tool | appliance | barware | storage,baking,cookie
home,good | kitchen | dining | supply,food | tool | appliance | barware | storage,baking,cup
home,good | kitchen | dining | supply,food | tool | appliance | barware | storage,baking,icing
home,good | kitchen | dining | supply,food | tool | appliance | barware | storage,baking,pastry
home,good | kitchen | dining | supply,food | tool | appliance | barware | storage,baking,weight
home,good | kitchen | dining | supply,food | tool | appliance | barware | storage,baking,
home,good | kitchen | dining | supply,food | tool | appliance | barware | storage,carrier,airpots
home,good | kitchen | dining | supply,food | tool | appliance | barware | storage,carrier,bag
home,good | kitchen | dining | supply,food | tool | appliance | barware | storage,carrier,canteen
home,good | kitchen | dining | supply,food | tool | appliance | barware | storage,carrier,cooler
home,good | kitchen | dining | supply,food | tool | appliance | barware | storage,carrier,drink
home,good | kitchen | dining | supply,food | tool | appliance | barware | storage,carrier,flask
home,good | kitchen | dining | supply,food | tool | appliance | barware | storage,carrier,lunch
home,good | kitchen | dining | supply,food | tool | appliance | barware | storage,carrier,picnic
home,good | kitchen | dining | supply,food | tool | appliance | barware | storage,carrier,replacement
home,good | kitchen | dining | supply,food | tool | appliance | barware | storage,carrier,reusable
home,good | kitchen | dining | supply,food | tool | appliance | barware | storage,carrier,thermos
home,good | kitchen | dining | supply,food | tool | appliance | barware | storage,carrier,water
home,good | kitchen | dining | supply,food | tool | appliance | barware | storage,carrier,wine
home,good | kitchen | dining | supply,food | tool | appliance | barware | storage,cookware,casserole | set
home,good | kitchen | dining | supply,food | tool | appliance | barware | storage,cookware,crepe
home,good | kitchen | dining | supply,food | tool | appliance | barware | storage,cookware,double
home,good | kitchen | dining | supply,food | tool | appliance | barware | storage,cookware,dutch
home,good | kitchen | dining | supply,food | tool | appliance | barware | storage,cookware,fermentation
home,good | kitchen | dining | supply,food | tool | appliance | barware | storage,cookware,griddle
home,good | kitchen | dining | supply,food | tool | appliance | barware | storage,cookware,grill
home,good | kitchen | dining | supply,food | tool | appliance | barware | storage,cookware,handle
home,good | kitchen | dining | supply,food | tool | appliance | barware | storage,cookware,paella
home,good | kitchen | dining | supply,food | tool | appliance | barware | storage,cookware,saucepan
home,good | kitchen | dining | supply,food | tool | appliance | barware | storage,cookware,skillet
home,good | kitchen | dining | supply,food | tool | appliance | barware | storage,cookware,stock
home,good | kitchen | dining | supply,food | tool | appliance | barware | storage,cookware,tagines
home,good | kitchen | dining | supply,food | tool | appliance | barware | storage,cookware,
home,good | kitchen | dining | supply,food | tool | appliance | barware | storage,dinnerware,bowl
home,good | kitchen | dining | supply,food | tool | appliance | barware | storage,dinnerware,creamer
home,good | kitchen | dining | supply,food | tool | appliance | barware | storage,dinnerware,dish
home,good | kitchen | dining | supply,food | tool | appliance | barware | storage,dinnerware,pitcher
home,good | kitchen | dining | supply,food | tool | appliance | barware | storage,dinnerware,plate
home,good | kitchen | dining | supply,food | tool | appliance | barware | storage,dinnerware,platter
home,good | kitchen | dining | supply,food | tool | appliance | barware | storage,dinnerware,salt
home,good | kitchen | dining | supply,food | tool | appliance | barware | storage,dinnerware,serving
home,good | kitchen | dining | supply,food | tool | appliance | barware | storage,dinnerware,set
home,good | kitchen | dining | supply,food | tool | appliance | barware | storage,drinkware,coffee
home,good | kitchen | dining | supply,food | tool | appliance | barware | storage,drinkware,mug
home,good | kitchen | dining | supply,food | tool | appliance | barware | storage,drinkware,set | stemware
home,good | kitchen | dining | supply,food | tool | appliance | barware | storage,drinkware,tumbler
home,good | kitchen | dining | supply,food | tool | appliance | barware | storage,flatware,chopstick
home,good | kitchen | dining | supply,food | tool | appliance | barware | storage,flatware,fork
home,good | kitchen | dining | supply,food | tool | appliance | barware | storage,flatware,knife
home,good | kitchen | dining | supply,food | tool | appliance | barware | storage,flatware,scissors
home,good | kitchen | dining | supply,food | tool | appliance | barware | storage,flatware,set
home,good | kitchen | dining | supply,food | tool | appliance | barware | storage,flatware,spoon
home,good | kitchen | dining | supply,food | tool | appliance | barware | storage,jar | bag | wrap | paper | bread,beverage
home,good | kitchen | dining | supply,food | tool | appliance | barware | storage,jar | bag | wrap | paper | bread,box
home,good | kitchen | dining | supply,food | tool | appliance | barware | storage,jar | bag | wrap | paper | bread,candy
home,good | kitchen | dining | supply,food | tool | appliance | barware | storage,jar | bag | wrap | paper | bread,canister
home,good | kitchen | dining | supply,food | tool | appliance | barware | storage,jar | bag | wrap | paper | bread,container
home,good | kitchen | dining | supply,food | tool | appliance | barware | storage,jar | bag | wrap | paper | bread,cookie
home,good | kitchen | dining | supply,food | tool | appliance | barware | storage,jar | bag | wrap | paper | bread,dispenser
home,good | kitchen | dining | supply,food | tool | appliance | barware | storage,jar | bag | wrap | paper | bread,foil
home,good | kitchen | dining | supply,food | tool | appliance | barware | storage,jar | bag | wrap | paper | bread,honey
home,good | kitchen | dining | supply,food | tool | appliance | barware | storage,jar | bag | wrap | paper | bread,parchment
home,good | kitchen | dining | supply,food | tool | appliance | barware | storage,jar | bag | wrap | paper | bread,pastry
home,good | kitchen | dining | supply,food | tool | appliance | barware | storage,jar | bag | wrap | paper | bread,plastic
home,good | kitchen | dining | supply,food | tool | appliance | barware | storage,jar | bag | wrap | paper | bread,twist
home,good | kitchen | dining | supply,food | tool | appliance | barware | storage,jar | bag | wrap | paper | bread,vacuum
home,good | kitchen | dining | supply,food | tool | appliance | barware | storage,jar | bag | wrap | paper | bread,wax
home,good | kitchen | dining | supply,food | tool | appliance | barware | storage,linen,apron
home,good | kitchen | dining | supply,food | tool | appliance | barware | storage,linen,napkin
home,good | kitchen | dining | supply,food | tool | appliance | barware | storage,linen,oven
home,good | kitchen | dining | supply,food | tool | appliance | barware | storage,linen,placemats
home,good | kitchen | dining | supply,food | tool | appliance | barware | storage,linen,table
home,good | kitchen | dining | supply,food | tool | appliance | barware | storage,linen,tablecloth
home,good | kitchen | dining | supply,food | tool | appliance | barware | storage,linen,tea
home,good | kitchen | dining | supply,food | tool | appliance | barware | storage,linen,towel
home,good | kitchen | dining | supply,food | tool | appliance | barware | storage,linen,
home,good | kitchen | dining | supply,food | tool | appliance | barware | storage,organization,cabinet
home,good | kitchen | dining | supply,food | tool | appliance | barware | storage,organization,can
home,good | kitchen | dining | supply,food | tool | appliance | barware | storage,organization,counter
home,good | kitchen | dining | supply,food | tool | appliance | barware | storage,organization,drawer
home,good | kitchen | dining | supply,food | tool | appliance | barware | storage,organization,drinkware
home,good | kitchen | dining | supply,food | tool | appliance | barware | storage,organization,flatware
home,good | kitchen | dining | supply,food | tool | appliance | barware | storage,organization,holder
home,good | kitchen | dining | supply,food | tool | appliance | barware | storage,organization,paper
home,good | kitchen | dining | supply,food | tool | appliance | barware | storage,organization,pot
home,good | kitchen | dining | supply,food | tool | appliance | barware | storage,organization,sink
home,good | kitchen | dining | supply,food | tool | appliance | barware | storage,organization,spice
home,good | kitchen | dining | supply,food | tool | appliance | barware | storage,organization,sugar
home,good | kitchen | dining | supply,food | tool | appliance | barware | storage,prefabricated,
home,good | kitchen | dining | supply,food | tool | appliance | barware | storage,small,beverage
home,good | kitchen | dining | supply,food | tool | appliance | barware | storage,small,coffee
home,good | kitchen | dining | supply,food | tool | appliance | barware | storage,small,cooker
home,good | kitchen | dining | supply,food | tool | appliance | barware | storage,small,dehydrators
home,good | kitchen | dining | supply,food | tool | appliance | barware | storage,small,electric
home,good | kitchen | dining | supply,food | tool | appliance | barware | storage,small,fondue
home,good | kitchen | dining | supply,food | tool | appliance | barware | storage,small,fryer
home,good | kitchen | dining | supply,food | tool | appliance | barware | storage,small,griddle
home,good | kitchen | dining | supply,food | tool | appliance | barware | storage,small,grinder
home,good | kitchen | dining | supply,food | tool | appliance | barware | storage,small,hot
home,good | kitchen | dining | supply,food | tool | appliance | barware | storage,small,ice
home,good | kitchen | dining | supply,food | tool | appliance | barware | storage,small,juicer
home,good | kitchen | dining | supply,food | tool | appliance | barware | storage,small,maker
home,good | kitchen | dining | supply,food | tool | appliance | barware | storage,small,mixer
home,good | kitchen | dining | supply,food | tool | appliance | barware | storage,small,oven
home,good | kitchen | dining | supply,food | tool | appliance | barware | storage,small,portable
home,good | kitchen | dining | supply,food | tool | appliance | barware | storage,small,processor
home,good | kitchen | dining | supply,food | tool | appliance | barware | storage,small,scale | specialty
home,good | kitchen | dining | supply,food | tool | appliance | barware | storage,small,slicer
home,good | kitchen | dining | supply,food | tool | appliance | barware | storage,small,water
home,good | kitchen | dining | supply,food | tool | appliance | barware | storage,utensil,bag | chopper
home,good | kitchen | dining | supply,food | tool | appliance | barware | storage,utensil,baking
home,good | kitchen | dining | supply,food | tool | appliance | barware | storage,utensil,can
home,good | kitchen | dining | supply,food | tool | appliance | barware | storage,utensil,can | peeler | scraper
home,good | kitchen | dining | supply,food | tool | appliance | barware | storage,utensil,canning
home,good | kitchen | dining | supply,food | tool | appliance | barware | storage,utensil,colander | funnel
home,good | kitchen | dining | supply,food | tool | appliance | barware | storage,utensil,cooking
home,good | kitchen | dining | supply,food | tool | appliance | barware | storage,utensil,cutting | pizza
home,good | kitchen | dining | supply,food | tool | appliance | barware | storage,utensil,dish
home,good | kitchen | dining | supply,food | tool | appliance | barware | storage,utensil,mixed
home,good | kitchen | dining | supply,food | tool | appliance | barware | storage,utensil,mixing
home,good | kitchen | dining | supply,food | tool | appliance | barware | storage,utensil,mortar
home,good | kitchen | dining | supply,food | tool | appliance | barware | storage,utensil,nut | salad
home,good | kitchen | dining | supply,food | tool | appliance | barware | storage,utensil,oil
home,good | kitchen | dining | supply,food | tool | appliance | barware | storage,utensil,press
home,good | kitchen | dining | supply,food | tool | appliance | barware | storage,utensil,ring
home,good | kitchen | dining | supply,food | tool | appliance | barware | storage,utensil,spoon
home,good | kitchen | dining | supply,food | tool | appliance | barware | storage,utensil,stick
home,good | kitchen | dining | supply,food | tool | appliance | barware | storage,utensil,sushi
home,good | kitchen | dining | supply,food | tool | appliance | barware | storage,utensil,timer
home,good | kitchen | dining | supply,food | tool | appliance | barware | storage,utensil,
home,good | kitchen | dining | supply,food | tool | appliance | barware | storage,wine | bottle | ice | holder | cocktail,aerator
home,good | kitchen | dining | supply,food | tool | appliance | barware | storage,wine | bottle | ice | holder | cocktail,bar
home,good | kitchen | dining | supply,food | tool | appliance | barware | storage,wine | bottle | ice | holder | cocktail,bucket
home,good | kitchen | dining | supply,food | tool | appliance | barware | storage,wine | bottle | ice | holder | cocktail,cap
home,good | kitchen | dining | supply,food | tool | appliance | barware | storage,wine | bottle | ice | holder | cocktail,coaster
home,good | kitchen | dining | supply,food | tool | appliance | barware | storage,wine | bottle | ice | holder | cocktail,corkscrew
home,good | kitchen | dining | supply,food | tool | appliance | barware | storage,wine | bottle | ice | holder | cocktail,cube
home,good | kitchen | dining | supply,food | tool | appliance | barware | storage,wine | bottle | ice | holder | cocktail,decanter
home,good | kitchen | dining | supply,food | tool | appliance | barware | storage,wine | bottle | ice | holder | cocktail,fridge
home,good | kitchen | dining | supply,food | tool | appliance | barware | storage,wine | bottle | ice | holder | cocktail,glass
home,good | kitchen | dining | supply,food | tool | appliance | barware | storage,wine | bottle | ice | holder | cocktail,glass | rack
home,good | kitchen | dining | supply,food | tool | appliance | barware | storage,wine | bottle | ice | holder | cocktail,liquor
home,good | kitchen | dining | supply,food | tool | appliance | barware | storage,wine | bottle | ice | holder | cocktail,muddlers
home,good | kitchen | dining | supply,food | tool | appliance | barware | storage,wine | bottle | ice | holder | cocktail,set
home,good | kitchen | dining | supply,food | tool | appliance | barware | storage,wine | bottle | ice | holder | cocktail,shaker
home,good | kitchen | dining | supply,food | tool | appliance | barware | storage,wine | bottle | ice | holder | cocktail,stopper
home,good | kitchen | dining | supply,food | tool | appliance | barware | storage,wine | bottle | ice | holder | cocktail,strainer
home,good | kitchen | dining | supply,furniture,armoire | bedroom | dresser,
home,good | kitchen | dining | supply,furniture,bar,
home,good | kitchen | dining | supply,furniture,bed,frame
home,good | kitchen | dining | supply,furniture,bed,headboard
home,good | kitchen | dining | supply,furniture,bed,mattress
home,good | kitchen | dining | supply,furniture,bed,waterbed
home,good | kitchen | dining | supply,furniture,buffet | china | chair | set | table,
home,good | kitchen | dining | supply,furniture,chaise | futon,
home,good | kitchen | dining | supply,furniture,entertainment,
home,good | kitchen | dining | supply,furniture,living | ottoman,
home,good | kitchen | dining | supply,furniture,office,
home,good | kitchen | dining | supply,furniture,rack | bookcase,
home,good | kitchen | dining | supply,furniture,storage,
home,good | kitchen | dining | supply,furniture,table,
home,good | kitchen | dining | supply,furniture,,
home,good | kitchen | dining | supply,lamp,accessory,
home,good | kitchen | dining | supply,lamp,ceiling,
home,good | kitchen | dining | supply,lamp,chandelier,
home,good | kitchen | dining | supply,lamp,floor | table,
home,good | kitchen | dining | supply,lamp,light,
home,good | kitchen | dining | supply,lamp,night,
home,good | kitchen | dining | supply,lamp,shade,
home,good | kitchen | dining | supply,lamp,string,
home,good | kitchen | dining | supply,lamp,track,
home,good | kitchen | dining | supply,lamp,wall,
home,good | kitchen | dining | supply,laundry,ball,
home,good | kitchen | dining | supply,laundry,bleach,
home,good | kitchen | dining | supply,laundry,clothespin,
home,good | kitchen | dining | supply,laundry,detergent,
home,good | kitchen | dining | supply,laundry,dry,
home,good | kitchen | dining | supply,laundry,drying,
home,good | kitchen | dining | supply,laundry,fabric,
home,good | kitchen | dining | supply,laundry,garment,
home,good | kitchen | dining | supply,laundry,hamper,
home,good | kitchen | dining | supply,laundry,iron,
home,good | kitchen | dining | supply,laundry,ironing,
home,good | kitchen | dining | supply,laundry,lint,
home,good | kitchen | dining | supply,laundry,washing,
home,good | kitchen | dining | supply,laundry,wrinkle,
home,good | kitchen | dining | supply,party,aisle,
home,good | kitchen | dining | supply,party,badge | ribbon,
home,good | kitchen | dining | supply,party,balloon,
home,good | kitchen | dining | supply,party,banner,
home,good | kitchen | dining | supply,party,cake,
home,good | kitchen | dining | supply,party,candle,
home,good | kitchen | dining | supply,party,card,
home,good | kitchen | dining | supply,party,centerpiece,
home,good | kitchen | dining | supply,party,confetti,
home,good | kitchen | dining | supply,party,favor,
home,good | kitchen | dining | supply,party,gift,
home,good | kitchen | dining | supply,party,glow,
home,good | kitchen | dining | supply,party,guest,
home,good | kitchen | dining | supply,party,invitation,
home,good | kitchen | dining | supply,party,organizer,
home,good | kitchen | dining | supply,party,piñatas,
home,good | kitchen | dining | supply,party,pi√±atas,
home,good | kitchen | dining | supply,party,set,
home,good | kitchen | dining | supply,party,tulle,
home,good | kitchen | dining | supply,party,wrapping,
home,good | kitchen | dining | supply,protector,,
home,good | kitchen | dining | supply,range | oven | refrigerator | dishwasher | cooktops,,
home,good | kitchen | dining | supply,shoe,bag,
home,good | kitchen | dining | supply,shoe,boot,
home,good | kitchen | dining | supply,shoe,brush,
home,good | kitchen | dining | supply,shoe,care,
home,good | kitchen | dining | supply,shoe,dryer,
home,good | kitchen | dining | supply,shoe,horn,
home,good | kitchen | dining | supply,shoe,polisher | polish,
home,good | kitchen | dining | supply,shoe,scraper,
home,good | kitchen | dining | supply,shoe,treatment,
home,good | kitchen | dining | supply,shoe,tree,
home,good | kitchen | dining | supply,storage,clothing,
home,good | kitchen | dining | supply,storage,general,
home,good | kitchen | dining | supply,storage,jewelry,
home,good | kitchen | dining | supply,trash,,
home,good | kitchen | dining | supply,vacuum,canister,
home,good | kitchen | dining | supply,vacuum,cleaner,
home,good | kitchen | dining | supply,vacuum,handheld,
home,good | kitchen | dining | supply,vacuum,robotic,
home,good | kitchen | dining | supply,vacuum,stick,
home,hardware,air | heater | dehumidifiers | furnace,,
home,hardware,cabinet,backplate,
home,hardware,cabinet,catch,
home,hardware,cabinet,drawer,
home,hardware,cabinet,hinge,
home,hardware,cabinet,keyhole,
home,hardware,cabinet,knob,
home,hardware,composite,lumber,
home,hardware,composite,wall,
home,hardware,composite,wood,
home,hardware,consumables,brick,
home,hardware,consumables,cement,
home,hardware,consumables,chemical,
home,hardware,consumables,drywall,
home,hardware,consumables,glass,
home,hardware,consumables,glue,
home,hardware,consumables,grout,
home,hardware,consumables,insulation,
home,hardware,consumables,lubricant,
home,hardware,consumables,paint,
home,hardware,consumables,plaster,
home,hardware,consumables,plumbing,
home,hardware,consumables,protective,
home,hardware,consumables,rebar,
home,hardware,consumables,solder,
home,hardware,consumables,solvent,
home,hardware,consumables,tape,
home,hardware,consumables,varnish,
home,hardware,countertop | staircase,,
home,hardware,door,closer,
home,hardware,door,doorbell,
home,hardware,door,frame,
home,hardware,door,hinge,
home,hardware,door,keyhole,
home,hardware,door,knob,
home,hardware,door,knocker,
home,hardware,door,latch,
home,hardware,door,lock,
home,hardware,door,push,
home,hardware,door,screen,
home,hardware,door,stop,
home,hardware,door,strike,
home,hardware,door,viewer,
home,hardware,door,weather,
home,hardware,fan,,
home,hardware,fireplace,andiron,
home,hardware,fireplace,chimney,
home,hardware,fireplace,decorative,
home,hardware,fireplace,fuel,
home,hardware,fireplace,hearth,
home,hardware,fireplace,heating,
home,hardware,fireplace,log,
home,hardware,fireplace,mantel,
home,hardware,fireplace,poker,
home,hardware,fireplace,replacement,
home,hardware,fireplace,screen,
home,hardware,fireplace,stove,
home,hardware,flooring,floor,
home,hardware,flooring,laminate,
home,hardware,flooring,molding,
home,hardware,flooring,tiling,
home,hardware,flooring,underlayment | wood,
home,hardware,garage,door,
home,hardware,garage,opener,
home,hardware,key,blank | cap,
home,hardware,key,card,
home,hardware,key,lock,
home,hardware,mailbox,cover,
home,hardware,mailbox,enclosure,
home,hardware,mailbox,flag,
home,hardware,mailbox,mail,
home,hardware,mailbox,post,
home,hardware,mailbox,replacement,
home,hardware,material,raw,
home,hardware,material,roofing,
home,hardware,material,staircase,
home,hardware,material,tile,
home,hardware,material,window,
home,hardware,material,wood,
home,hardware,roofing,,
home,hardware,screw,anchor,
home,hardware,screw,brace,
home,hardware,screw,chain,
home,hardware,screw,clamp,
home,hardware,screw,coil,
home,hardware,screw,fastener,
home,hardware,screw,gear,
home,hardware,screw,hook,
home,hardware,screw,nail,
home,hardware,screw,nut,
home,hardware,screw,pin,
home,hardware,screw,post,
home,hardware,screw,rivet,
home,hardware,screw,spring,
home,hardware,screw,threaded,
home,hardware,screw,utility,
home,hardware,screw,washer,
home,hardware,siding | building,,
home,hardware,solar,charger,
home,hardware,solar,circuit,
home,hardware,solar,extension,
home,hardware,solar,generator,
home,hardware,solar,panel | water,
home,hardware,solar,plug,
home,hardware,solar,switch,
home,hardware,solar,wall,
home,hardware,wallpaper,border,
home,hardware,wallpaper,mural,
home,hardware,wallpaper,roll | tool,
home,hardware,window,crank,
home,hardware,window,frame | screen,
home,hardware,window,sill,
home,hardware,window,weather,
home,hardware,window,,
home,hardware,wire,bungee | rope,
home,hardware,wire,chain,
home,hardware,wire,tie,
home,hardware,wire,twine,
home,hardware,wire,utility,
home,household | accessory | lawn | garden | decor,appliance | floor,air | dehumidifiers,
home,household | accessory | lawn | garden | decor,appliance | floor,carpet,
home,household | accessory | lawn | garden | decor,appliance | floor,carpet | steam,
home,household | accessory | lawn | garden | decor,appliance | floor,dryer | laundry | washing,
home,household | accessory | lawn | garden | decor,appliance | floor,evaporative,
home,household | accessory | lawn | garden | decor,appliance | floor,fan,ceiling | wall
home,household | accessory | lawn | garden | decor,appliance | floor,fan,desk
home,household | accessory | lawn | garden | decor,appliance | floor,fan,powered
home,household | accessory | lawn | garden | decor,appliance | floor,fan,ventilation
home,household | accessory | lawn | garden | decor,appliance | floor,garment | steam,
home,household | accessory | lawn | garden | decor,appliance | floor,heater | furnace,
home,household | accessory | lawn | garden | decor,appliance | floor,iron,
home,household | accessory | lawn | garden | decor,appliance | floor,outdoor,
home,household | accessory | lawn | garden | decor,appliance | floor,scrubber,
home,household | accessory | lawn | garden | decor,appliance | floor,,
home,household | accessory | lawn | garden | decor,bedding | table,bath,
home,household | accessory | lawn | garden | decor,bedding | table,beach,
home,household | accessory | lawn | garden | decor,bedding | table,bed,
home,household | accessory | lawn | garden | decor,bedding | table,bedskirts,
home,household | accessory | lawn | garden | decor,bedding | table,blanket,
home,household | accessory | lawn | garden | decor,bedding | table,cloth,
home,household | accessory | lawn | garden | decor,bedding | table,doily,
home,household | accessory | lawn | garden | decor,bedding | table,duvet,
home,household | accessory | lawn | garden | decor,bedding | table,kitchen,
home,household | accessory | lawn | garden | decor,bedding | table,mattress,
home,household | accessory | lawn | garden | decor,bedding | table,nap,
home,household | accessory | lawn | garden | decor,bedding | table,pillow,
home,household | accessory | lawn | garden | decor,bedding | table,pillowcase,
home,household | accessory | lawn | garden | decor,bedding | table,placemats,
home,household | accessory | lawn | garden | decor,bedding | table,quilt,
home,household | accessory | lawn | garden | decor,bedding | table,runner,
home,household | accessory | lawn | garden | decor,bedding | table,skirt,
home,household | accessory | lawn | garden | decor,bedding | table,tablecloth,
home,household | accessory | lawn | garden | decor,bedding | table,,
home,household | accessory | lawn | garden | decor,cigar | case | cigarette | ashtray,,
home,household | accessory | lawn | garden | decor,detector | fire,carbon | smoke,
home,household | accessory | lawn | garden | decor,detector | fire,,
home,household | accessory | lawn | garden | decor,emergency | earthquake,,
home,household | accessory | lawn | garden | decor,fireplace | wood | log,,
home,household | accessory | lawn | garden | decor,heater | air | laundry | filter,anode,
home,household | accessory | lawn | garden | decor,heater | air | laundry | filter,conditioner,
home,household | accessory | lawn | garden | decor,heater | air | laundry | filter,garment | steam,
home,household | accessory | lawn | garden | decor,heater | air | laundry | filter,heating,
home,household | accessory | lawn | garden | decor,heater | air | laundry | filter,hot,
home,household | accessory | lawn | garden | decor,heater | air | laundry | filter,humidifier,
home,household | accessory | lawn | garden | decor,heater | air | laundry | filter,iron,
home,household | accessory | lawn | garden | decor,heater | air | laundry | filter,patio,
home,household | accessory | lawn | garden | decor,heater | air | laundry | filter,purifier,
home,household | accessory | lawn | garden | decor,heater | air | laundry | filter,washer,
home,household | accessory | lawn | garden | decor,heater | air | laundry | filter,water,
home,household | accessory | lawn | garden | decor,heater | air | laundry | filter,,
home,household | accessory | lawn | garden | decor,holder | bath | shower | toilet | bathroom,,
home,household | accessory | lawn | garden | decor,holiday | window | fragrance | bird | mailbox,candle | oil | holder | incense | air,
home,household | accessory | lawn | garden | decor,holiday | window | fragrance | bird | mailbox,clock,
home,household | accessory | lawn | garden | decor,holiday | window | fragrance | bird | mailbox,cover | enclosure | flag | post | replacement,
home,household | accessory | lawn | garden | decor,holiday | window | fragrance | bird | mailbox,curtain | treatment | stained | blind,
home,household | accessory | lawn | garden | decor,holiday | window | fragrance | bird | mailbox,decorative | poster | sculpture,
home,household | accessory | lawn | garden | decor,holiday | window | fragrance | bird | mailbox,feeder | butterfly | house | birdhouse,
home,household | accessory | lawn | garden | decor,holiday | window | fragrance | bird | mailbox,flag,
home,household | accessory | lawn | garden | decor,holiday | window | fragrance | bird | mailbox,fountain | pond,
home,household | accessory | lawn | garden | decor,holiday | window | fragrance | bird | mailbox,ornament | christmas | stocking | set,
home,household | accessory | lawn | garden | decor,holiday | window | fragrance | bird | mailbox,,
home,household | accessory | lawn | garden | decor,lamp,,
home,household | accessory | lawn | garden | decor,light | lighting,cabinet,
home,household | accessory | lawn | garden | decor,light | lighting,chandelier,
home,household | accessory | lawn | garden | decor,light | lighting,compact,
home,household | accessory | lawn | garden | decor,light | lighting,fixture,
home,household | accessory | lawn | garden | decor,light | lighting,fluorescent,
home,household | accessory | lawn | garden | decor,light | lighting,incandescent,
home,household | accessory | lawn | garden | decor,light | lighting,led,
home,household | accessory | lawn | garden | decor,light | lighting,track,
home,household | accessory | lawn | garden | decor,light | lighting,,
home,household | accessory | lawn | garden | decor,outdoor | gardening,attachment,grass
home,household | accessory | lawn | garden | decor,outdoor | gardening,attachment,ground
home,household | accessory | lawn | garden | decor,outdoor | gardening,attachment,pole
home,household | accessory | lawn | garden | decor,outdoor | gardening,attachment,tiller
home,household | accessory | lawn | garden | decor,outdoor | gardening,attachment,trimmer
home,household | accessory | lawn | garden | decor,outdoor | gardening,blanket,
home,household | accessory | lawn | garden | decor,outdoor | gardening,chainsaw,
home,household | accessory | lawn | garden | decor,outdoor | gardening,composting,
home,household | accessory | lawn | garden | decor,outdoor | gardening,disease,
home,household | accessory | lawn | garden | decor,outdoor | gardening,hose | watering,
home,household | accessory | lawn | garden | decor,outdoor | gardening,landscape,
home,household | accessory | lawn | garden | decor,outdoor | gardening,leaf,
home,household | accessory | lawn | garden | decor,outdoor | gardening,mower,bag
home,household | accessory | lawn | garden | decor,outdoor | gardening,mower,belt
home,household | accessory | lawn | garden | decor,outdoor | gardening,mower,blade
home,household | accessory | lawn | garden | decor,outdoor | gardening,mower,brush
home,household | accessory | lawn | garden | decor,outdoor | gardening,mower,cover
home,household | accessory | lawn | garden | decor,outdoor | gardening,mower,mulch
home,household | accessory | lawn | garden | decor,outdoor | gardening,mower,pulley
home,household | accessory | lawn | garden | decor,outdoor | gardening,mower,riding | robotic
home,household | accessory | lawn | garden | decor,outdoor | gardening,mower,striping
home,household | accessory | lawn | garden | decor,outdoor | gardening,mower,sweeper
home,household | accessory | lawn | garden | decor,outdoor | gardening,mower,tire
home,household | accessory | lawn | garden | decor,outdoor | gardening,mower,tow
home,household | accessory | lawn | garden | decor,outdoor | gardening,mower,tractor
home,household | accessory | lawn | garden | decor,outdoor | gardening,mower,walk
home,household | accessory | lawn | garden | decor,outdoor | gardening,mower,wheel
home,household | accessory | lawn | garden | decor,outdoor | gardening,power,
home,household | accessory | lawn | garden | decor,outdoor | gardening,pressure | snow,
home,household | accessory | lawn | garden | decor,outdoor | gardening,sand,
home,household | accessory | lawn | garden | decor,outdoor | gardening,snow,
home,household | accessory | lawn | garden | decor,outdoor | gardening,sprinkler,
home,household | accessory | lawn | garden | decor,outdoor | gardening,structure | awning | hammock,arch
home,household | accessory | lawn | garden | decor,outdoor | gardening,structure | awning | hammock,bridge
home,household | accessory | lawn | garden | decor,outdoor | gardening,structure | awning | hammock,canopy
home,household | accessory | lawn | garden | decor,outdoor | gardening,structure | awning | hammock,shed
home,household | accessory | lawn | garden | decor,outdoor | gardening,structure | awning | hammock,
home,household | accessory | lawn | garden | decor,outdoor | gardening,tool | pot | plant,bulb | cultivating | fork | sickle
home,household | accessory | lawn | garden | decor,outdoor | gardening,tool | pot | plant,handle | head
home,household | accessory | lawn | garden | decor,outdoor | gardening,tool | pot | plant,potting
home,household | accessory | lawn | garden | decor,outdoor | gardening,tool | pot | plant,pruning
home,household | accessory | lawn | garden | decor,outdoor | gardening,tool | pot | plant,rake | shovel
home,household | accessory | lawn | garden | decor,outdoor | gardening,tool | pot | plant,scooter | tote
home,household | accessory | lawn | garden | decor,outdoor | gardening,tool | pot | plant,sprayer | roller
home,household | accessory | lawn | garden | decor,outdoor | gardening,tool | pot | plant,spreader
home,household | accessory | lawn | garden | decor,outdoor | gardening,tool | pot | plant,wheelbarrow
home,household | accessory | lawn | garden | decor,outdoor | gardening,tool | pot | plant,
home,household | accessory | lawn | garden | decor,outdoor | gardening,trimmer,weed
home,household | accessory | lawn | garden | decor,outdoor | gardening,trimmer,
home,household | accessory | lawn | garden | decor,outdoor | gardening,trimmer | blower | power | chainsaw | grass,
home,household | accessory | lawn | garden | decor,outdoor | gardening,umbrella,base | cover
home,household | accessory | lawn | garden | decor,outdoor | gardening,umbrella,enclosure
home,household | accessory | lawn | garden | decor,outdoor | gardening,umbrella,light
home,household | accessory | lawn | garden | decor,outdoor | gardening,umbrella,sunshade
home,household | accessory | lawn | garden | decor,outdoor | gardening,umbrella,
home,household | accessory | lawn | garden | decor,pest,control,
home,household | accessory | lawn | garden | decor,pest,fly,
home,household | accessory | lawn | garden | decor,pest,pesticide,
home,household | accessory | lawn | garden | decor,pest,repellent,
home,household | accessory | lawn | garden | decor,plant | seed,bush | landscaping,
home,household | accessory | lawn | garden | decor,plant | seed,flower,
home,household | accessory | lawn | garden | decor,plant | seed,potted,
home,household | accessory | lawn | garden | decor,plant | seed,tape,
home,household | accessory | lawn | garden | decor,plant | seed,,
home,household | accessory | lawn | garden | decor,security | system,,
home,household | accessory | lawn | garden | decor,supply | storage | shoe,bag | brush | care | dryer | horn,
home,household | accessory | lawn | garden | decor,supply | storage | shoe,boot,
home,household | accessory | lawn | garden | decor,supply | storage | shoe,cleaning | broom | mop,cleaner
home,household | accessory | lawn | garden | decor,supply | storage | shoe,cleaning | broom | mop,descalers
home,household | accessory | lawn | garden | decor,supply | storage | shoe,cleaning | broom | mop,disinfectant | rinse
home,household | accessory | lawn | garden | decor,supply | storage | shoe,cleaning | broom | mop,pet
home,household | accessory | lawn | garden | decor,supply | storage | shoe,cleaning | broom | mop,
home,household | accessory | lawn | garden | decor,supply | storage | shoe,closet | organizer | drawer | flatware,charging
home,household | accessory | lawn | garden | decor,supply | storage | shoe,closet | organizer | drawer | flatware,clothes
home,household | accessory | lawn | garden | decor,supply | storage | shoe,closet | organizer | drawer | flatware,hanger
home,household | accessory | lawn | garden | decor,supply | storage | shoe,closet | organizer | drawer | flatware,hat
home,household | accessory | lawn | garden | decor,supply | storage | shoe,closet | organizer | drawer | flatware,rack
home,household | accessory | lawn | garden | decor,supply | storage | shoe,closet | organizer | drawer | flatware,
home,household | accessory | lawn | garden | decor,supply | storage | shoe,container | dumpster,
home,household | accessory | lawn | garden | decor,supply | storage | shoe,fabric | laundry | ironing | bleach | clothespin,
home,household | accessory | lawn | garden | decor,supply | storage | shoe,hook,
home,household | accessory | lawn | garden | decor,supply | storage | shoe,paper,
home,household | accessory | lawn | garden | decor,supply | storage | shoe,photo,
home,household | accessory | lawn | garden | decor,supply | storage | shoe,waste,
home,household | accessory | lawn | garden | decor,supply | storage | shoe,,
home,household | accessory | lawn | garden | decor,,,
home,kitchen,appliance | utensil,accessory,ice
home,kitchen,appliance | utensil,accessory,
home,kitchen,appliance | utensil,coffee,decanter
home,kitchen,appliance | utensil,coffee,electric
home,kitchen,appliance | utensil,coffee,espresso
home,kitchen,appliance | utensil,coffee,filter
home,kitchen,appliance | utensil,coffee,french
home,kitchen,appliance | utensil,coffee,frothing
home,kitchen,appliance | utensil,coffee,grinder
home,kitchen,appliance | utensil,coffee,maker
home,kitchen,appliance | utensil,coffee,percolator
home,kitchen,appliance | utensil,coffee,portafilters
home,kitchen,appliance | utensil,cooker,egg
home,kitchen,appliance | utensil,cooker,food
home,kitchen,appliance | utensil,cooker,rice | slow
home,kitchen,appliance | utensil,cooker,thermal
home,kitchen,appliance | utensil,cooker,water
home,kitchen,appliance | utensil,cooker,
home,kitchen,appliance | utensil,cracker,
home,kitchen,appliance | utensil,electric,
home,kitchen,appliance | utensil,fondue,
home,kitchen,appliance | utensil,food,
home,kitchen,appliance | utensil,food | dispenser | cooking | knife | cutter,
home,kitchen,appliance | utensil,maker | grill | food | warmer | oven,chafing | heat | rice | steam
home,kitchen,appliance | utensil,maker | grill | food | warmer | oven,toaster | donut | muffin | pizza | pizzelle
home,kitchen,appliance | utensil,maker | grill | food | warmer | oven,
home,kitchen,appliance | utensil,organizer,cabinet
home,kitchen,appliance | utensil,organizer,can
home,kitchen,appliance | utensil,organizer,counter
home,kitchen,appliance | utensil,organizer,drinkware
home,kitchen,appliance | utensil,organizer,flatware
home,kitchen,appliance | utensil,organizer,holder
home,kitchen,appliance | utensil,organizer,knife
home,kitchen,appliance | utensil,organizer,pot
home,kitchen,appliance | utensil,organizer,spice
home,kitchen,appliance | utensil,organizer,straw
home,kitchen,appliance | utensil,organizer,sugar
home,kitchen,appliance | utensil,organizer,toothpick
home,kitchen,appliance | utensil,outdoor,charcoal
home,kitchen,appliance | utensil,outdoor,grill
home,kitchen,appliance | utensil,outdoor,grilling
home,kitchen,appliance | utensil,outdoor,smoking
home,kitchen,appliance | utensil,range,
home,kitchen,appliance | utensil,rolling,
home,kitchen,appliance | utensil,scoop,ice
home,kitchen,appliance | utensil,scoop,melon
home,kitchen,appliance | utensil,scoop,popcorn
home,kitchen,appliance | utensil,scraper,
home,kitchen,appliance | utensil,steam,
home,kitchen,appliance | utensil,vacuum,
home,kitchen,appliance | utensil,water,
home,kitchen,appliance | utensil,,
home,kitchen,artificial | flower,,
home,kitchen,barware,absinthe,
home,kitchen,barware,beer,
home,kitchen,barware,beverage,
home,kitchen,barware,bottle,
home,kitchen,barware,coaster,
home,kitchen,barware,cocktail,
home,kitchen,barware,corkscrew,
home,kitchen,barware,decanter,
home,kitchen,barware,foil,
home,kitchen,barware,wine,
home,kitchen,brewing | wine,,
home,kitchen,candle,accessory,
home,kitchen,candle,holder,
home,kitchen,candle,votive,
home,kitchen,carrier,airpots,
home,kitchen,carrier,canteen,
home,kitchen,carrier,cooler,
home,kitchen,carrier,flask,
home,kitchen,carrier,insulated,
home,kitchen,carrier,lunch,
home,kitchen,carrier,picnic,
home,kitchen,carrier,replacement,
home,kitchen,carrier,sleeve,
home,kitchen,carrier,thermos,
home,kitchen,carrier,water,
home,kitchen,carrier,wine,
home,kitchen,christmas | seasonal,,
home,kitchen,cookware,accessory,
home,kitchen,cookware,bakeware,broiling
home,kitchen,cookware,bakeware,muffin
home,kitchen,cookware,bakeware,pan
home,kitchen,cookware,bakeware,pie
home,kitchen,cookware,bakeware,pizza
home,kitchen,cookware,bakeware,roasting
home,kitchen,cookware,bakeware,
home,kitchen,cookware,double | stovetop,
home,kitchen,cookware,fermentation,
home,kitchen,cookware,grill,
home,kitchen,cookware,pan | casserole | set,crãªpe | sautã©
home,kitchen,cookware,pan | casserole | set,dish
home,kitchen,cookware,pan | casserole | set,dutch
home,kitchen,cookware,pan | casserole | set,paella
home,kitchen,cookware,pan | casserole | set,saucepan
home,kitchen,cookware,pan | casserole | set,
home,kitchen,cookware,pot,
home,kitchen,cookware,pressure,
home,kitchen,cookware,skillet,
home,kitchen,cookware,wok,
home,kitchen,décor,ashtray | magazine,
home,kitchen,décor,decorative,
home,kitchen,décor,kid,
home,kitchen,décor,wall,
home,kitchen,food,beverage,
home,kitchen,food,bread,
home,kitchen,food,candy,
home,kitchen,food,container,
home,kitchen,food,cookie,
home,kitchen,food,honey,
home,kitchen,food,oxygen,
home,kitchen,food,storage,
home,kitchen,food,twist,
home,kitchen,food,wrap,
home,kitchen,fragrance,,
home,kitchen,furniture,bar,
home,kitchen,furniture,closet,
home,kitchen,furniture,glider | folding,
home,kitchen,furniture,hutch,
home,kitchen,furniture,island,
home,kitchen,furniture,kid,
home,kitchen,furniture,living,
home,kitchen,furniture,medium,
home,kitchen,knife,block,
home,kitchen,knife,cleaver,
home,kitchen,knife,set | sharpener,
home,kitchen,mirror,,
home,kitchen,nativity,,
home,kitchen,photo,album,
home,kitchen,photo,magnetic,
home,kitchen,photo,picture,
home,kitchen,table,,
home,kitchen,tableware,coffee,
home,kitchen,tableware,dinnerware,
home,kitchen,tableware,drinkware,coffee
home,kitchen,tableware,drinkware,mug
home,kitchen,tableware,drinkware,tumbler
home,kitchen,tableware,drinkware,
home,kitchen,tableware,flatware,chopstick
home,kitchen,tableware,flatware,spoon
home,kitchen,tableware,flatware,table
home,kitchen,tableware,flatware,
home,kitchen,tableware,salt,
home,kitchen,tableware,serveware,
home,kitchen,tableware,tablecloth,
home,kitchen,tableware,trivet,
home,kitchen,utensil | appliance | cookware | storage,baker,
home,kitchen,utensil | appliance | cookware | storage,blender,
home,kitchen,utensil | appliance | cookware | storage,cabinet | countertop | accessory,
home,kitchen,utensil | appliance | cookware | storage,can,
home,kitchen,utensil | appliance | cookware | storage,cheese,
home,kitchen,utensil | appliance | cookware | storage,cooking,
home,kitchen,utensil | appliance | cookware | storage,decorating,
home,kitchen,utensil | appliance | cookware | storage,dinnerware | serveware,
home,kitchen,utensil | appliance | cookware | storage,flatware,
home,kitchen,utensil | appliance | cookware | storage,glassware,
home,kitchen,utensil | appliance | cookware | storage,meat,
home,kitchen,utensil | appliance | cookware | storage,pan,
home,kitchen,utensil | appliance | cookware | storage,popover,
home,kitchen,utensil | appliance | cookware | storage,seasoning,
home,kitchen,utensil | appliance | cookware | storage,slicer,
home,kitchen,utensil | appliance | cookware | storage,specialty,crepe | shaved
home,kitchen,utensil | appliance | cookware | storage,specialty,electric
home,kitchen,utensil | appliance | cookware | storage,specialty,sou
home,kitchen,utensil | appliance | cookware | storage,specialty,
home,kitchen,utensil | appliance | cookware | storage,specialty | pan | set,butter
home,kitchen,utensil | appliance | cookware | storage,specialty | pan | set,fajita | paella
home,kitchen,utensil | appliance | cookware | storage,specialty | pan | set,pressure
home,kitchen,utensil | appliance | cookware | storage,specialty | pan | set,
home,kitchen,utensil | appliance | cookware | storage,wine,
home,kitchen,utensil | appliance | cookware | storage,,
home,kitchen,window,,
home,lighting,accessory,,
home,lighting,ceiling,,
home,lighting,incandescent,,
home,lighting,light,,
home,lighting,novelty,,
home,lighting,outdoor,,
home,outdoor | gardening | equipment | supply | accessory,arbor | awning | bridge | gazebo | greenhouse,,
home,outdoor | gardening | equipment | supply | accessory,control | hydroponics | landscaping,anchor,
home,outdoor | gardening | equipment | supply | accessory,control | hydroponics | landscaping,boot | glove,
home,outdoor | gardening | equipment | supply | accessory,control | hydroponics | landscaping,compost,
home,outdoor | gardening | equipment | supply | accessory,control | hydroponics | landscaping,edging,
home,outdoor | gardening | equipment | supply | accessory,control | hydroponics | landscaping,environmental,
home,outdoor | gardening | equipment | supply | accessory,control | hydroponics | landscaping,garden,
home,outdoor | gardening | equipment | supply | accessory,control | hydroponics | landscaping,grow,
home,outdoor | gardening | equipment | supply | accessory,control | hydroponics | landscaping,growing,
home,outdoor | gardening | equipment | supply | accessory,control | hydroponics | landscaping,hydroponic,
home,outdoor | gardening | equipment | supply | accessory,control | hydroponics | landscaping,ice,
home,outdoor | gardening | equipment | supply | accessory,control | hydroponics | landscaping,insect,foggers
home,outdoor | gardening | equipment | supply | accessory,control | hydroponics | landscaping,insect,repellent | insecticide
home,outdoor | gardening | equipment | supply | accessory,control | hydroponics | landscaping,insect,swatter
home,outdoor | gardening | equipment | supply | accessory,control | hydroponics | landscaping,insect,trap
home,outdoor | gardening | equipment | supply | accessory,control | hydroponics | landscaping,insect,zapper
home,outdoor | gardening | equipment | supply | accessory,control | hydroponics | landscaping,landscape | paving,
home,outdoor | gardening | equipment | supply | accessory,control | hydroponics | landscaping,nutrient,
home,outdoor | gardening | equipment | supply | accessory,control | hydroponics | landscaping,protective,
home,outdoor | gardening | equipment | supply | accessory,control | hydroponics | landscaping,rodent | rodenticides,
home,outdoor | gardening | equipment | supply | accessory,control | hydroponics | landscaping,sod,
home,outdoor | gardening | equipment | supply | accessory,control | hydroponics | landscaping,tent,
home,outdoor | gardening | equipment | supply | accessory,control | hydroponics | landscaping,tool,
home,outdoor | gardening | equipment | supply | accessory,control | hydroponics | landscaping,ultrasonic,
home,outdoor | gardening | equipment | supply | accessory,control | hydroponics | landscaping,weed,fabric
home,outdoor | gardening | equipment | supply | accessory,control | hydroponics | landscaping,weed,herbicide
home,outdoor | gardening | equipment | supply | accessory,control | hydroponics | landscaping,weed,preventers | weeder
home,outdoor | gardening | equipment | supply | accessory,cooking,combination,
home,outdoor | gardening | equipment | supply | accessory,cooking,grilling,
home,outdoor | gardening | equipment | supply | accessory,feeder | birdbath | birdhouse,,
home,outdoor | gardening | equipment | supply | accessory,fence | post | chain | gate | hardware,,
home,outdoor | gardening | equipment | supply | accessory,fireplace | firewood,,
home,outdoor | gardening | equipment | supply | accessory,furniture | hammock | bed | blanket | chair,,
home,outdoor | gardening | equipment | supply | accessory,grill | bbq,,
home,outdoor | gardening | equipment | supply | accessory,hose | storage | water | watering | connector,,
home,outdoor | gardening | equipment | supply | accessory,kit | plant | moss,,
home,outdoor | gardening | equipment | supply | accessory,lawn | blower | power | chainsaw | chippers,,
home,outdoor | gardening | equipment | supply | accessory,light | garden | decor,,
home,outdoor | gardening | equipment | supply | accessory,livestock | agricultural,,
home,outdoor | gardening | equipment | supply | accessory,part,chain | leaf,
home,outdoor | gardening | equipment | supply | accessory,part,string,
home,outdoor | gardening | equipment | supply | accessory,part,,
home,outdoor | gardening | equipment | supply | accessory,patio | table,canopy,
home,outdoor | gardening | equipment | supply | accessory,patio | table,cover,
home,outdoor | gardening | equipment | supply | accessory,patio | table,furniture,
home,outdoor | gardening | equipment | supply | accessory,patio | table,ottoman,
home,outdoor | gardening | equipment | supply | accessory,patio | table,shade,
home,outdoor | gardening | equipment | supply | accessory,patio | table,side | dining,
home,outdoor | gardening | equipment | supply | accessory,plant | hydroponics | planter | hand,automatic,
home,outdoor | gardening | equipment | supply | accessory,plant | hydroponics | planter | hand,container,
home,outdoor | gardening | equipment | supply | accessory,plant | hydroponics | planter | hand,fruit,
home,outdoor | gardening | equipment | supply | accessory,plant | hydroponics | planter | hand,germination,
home,outdoor | gardening | equipment | supply | accessory,plant | hydroponics | planter | hand,greenhouse,
home,outdoor | gardening | equipment | supply | accessory,plant | hydroponics | planter | hand,growing,
home,outdoor | gardening | equipment | supply | accessory,plant | hydroponics | planter | hand,hydroponic,
home,outdoor | gardening | equipment | supply | accessory,plant | hydroponics | planter | hand,rail,
home,outdoor | gardening | equipment | supply | accessory,plant | hydroponics | planter | hand,saw,
home,outdoor | gardening | equipment | supply | accessory,plant | hydroponics | planter | hand,soil,
home,outdoor | gardening | equipment | supply | accessory,plant | hydroponics | planter | hand,yard,
home,outdoor | gardening | equipment | supply | accessory,plant | hydroponics | planter | hand,,
home,outdoor | gardening | equipment | supply | accessory,plant | planter | pot | soil | bark,,
home,outdoor | gardening | equipment | supply | accessory,pond,,
home,outdoor | gardening | equipment | supply | accessory,thermometer | flag | decorative | hanging | plaque,,
home,outdoor | gardening | equipment | supply | accessory,tool | shear | lawn | hatchet | fork,,
home,party,ceremony,,
home,party,favor,,
home,party,hat | decoration,,
home,pest,,,
home,pool,cleaning,,
home,pool,equipment,chlorine,
home,pool,equipment,cover,
home,pool,equipment,fence | liner,
home,pool,equipment,filter,
home,pool,equipment,heater,
home,pool,equipment,ladder,
home,pool,equipment,pump,
home,pool,equipment,skimmer,
home,pool,equipment,slide,
home,pool,equipment,spa,
home,pool,float,,
home,pool,sauna,,
home,pool,spa,brush,
home,pool,spa,chlorine,
home,pool,spa,cleaner,
home,pool,spa,cleaner | sweep,
home,pool,spa,cover,
home,pool,spa,deck,
home,pool,spa,filter,
home,pool,spa,float,
home,pool,spa,heater,
home,pool,spa,liner,
home,pool,spa,maintenance,
home,pool,spa,skimmer,
home,pool,spa,toy,
home,pool,spa,water,
home,pool,spa,,
home,pool,swimming,,
home,pool,testing,,
home,pool,toy,,
home,safety,equipment,,
home,safety,fire,,
home,safety,personal,,
home,safety,safe,,
home,snow,,,
home,soldering,,,
home,storage,,,
home,storage | bedding,basket,,
home,storage | bedding,bin,,
home,storage | bedding,blanket,,
home,storage | bedding,closet,,
home,storage | bedding,clothing,,
home,storage | bedding,holiday,,
home,storage | bedding,hook,,
home,storage | bedding,kid,,
home,storage | bedding,laundry,,
home,storage | bedding,mattress,,
home,storage | bedding,pillowcase,,
home,storage | bedding,quilt,,
home,storage | bedding,recycling,,
home,storage | bedding,shelf,,
home,store,custom,,
home,tool,automation,,
home,tool,cabinet | hardware,,
home,tool,door,,
home,tool,doorbell,,
home,tool,electrical,appliance,
home,tool,electrical,cable,
home,tool,electrical,,
home,tool,ladder,cart,
home,tool,ladder,scaffolding,
home,tool,ladder,step,
home,tool,ladder,work,
home,tool,linear,,
home,tool,mailbox,,
home,tool,masonry,brick,
home,tool,masonry,cement,
home,tool,masonry,construction,
home,tool,masonry,edger,
home,tool,masonry,float,
home,tool,masonry,grout,
home,tool,masonry,jointer,
home,tool,masonry,trowel,
home,tool,measuring,altimeter | anemometer | barometer | hygrometer,
home,tool,measuring,caliper,
home,tool,measuring,cruising,
home,tool,measuring,divider,
home,tool,measuring,electrical | probe,
home,tool,measuring,gas | geiger,
home,tool,measuring,gauge,
home,tool,measuring,infrared | thermal,
home,tool,measuring,knife,
home,tool,measuring,level,
home,tool,measuring,meter,
home,tool,measuring,protractor,
home,tool,measuring,rebar,
home,tool,measuring,ruler,
home,tool,measuring,scale | wheel | tape,
home,tool,measuring,stud,
home,tool,measuring,theodolite,
home,tool,measuring,thermocouple,
home,tool,measuring,transducer,
home,tool,measuring,weather,
home,tool,miscellaneous | hand | power,air | cut | drill | grease | grinder,
home,tool,miscellaneous | hand | power,buffer | winch,
home,tool,miscellaneous | hand | power,clamp | plier,
home,tool,miscellaneous | hand | power,file,
home,tool,miscellaneous | hand | power,gun | drill | impact | lathe | mixed,
home,tool,miscellaneous | hand | power,handheld,
home,tool,miscellaneous | hand | power,inspection,
home,tool,miscellaneous | hand | power,jack,
home,tool,miscellaneous | hand | power,knife | chisel | cutter | hammer | part,
home,tool,miscellaneous | hand | power,light | lighter,
home,tool,miscellaneous | hand | power,magnetizers | magnetic,
home,tool,miscellaneous | hand | power,marking | milling | sanding | box,
home,tool,miscellaneous | hand | power,multitools,
home,tool,miscellaneous | hand | power,pipe | anvil | concrete,
home,tool,miscellaneous | hand | power,pry | tap,
home,tool,miscellaneous | hand | power,reamer | rivet | shaper | compactors,
home,tool,miscellaneous | hand | power,router | grinder | jig | joiner | planer,
home,tool,miscellaneous | hand | power,saw | work | dolly,
home,tool,miscellaneous | hand | power,socket,
home,tool,miscellaneous | hand | power,wet | blowtorch,
home,tool,padlock,,
home,tool,paint,household | spray,
home,tool,paint,,
home,tool,painting,caulk | caulking,
home,tool,painting,cleaning,
home,tool,painting,drop,
home,tool,painting,extension,
home,tool,painting,paint,
home,tool,painting,painter,
home,tool,power | hand,adhesive,
home,tool,power | hand,air,
home,tool,power | hand,arbor,
home,tool,power | hand,caulking,
home,tool,power | hand,chisel,
home,tool,power | hand,clamp,
home,tool,power | hand,cutter,
home,tool,power | hand,drill,
home,tool,power | hand,file,
home,tool,power | hand,finishing,
home,tool,power | hand,hammer,
home,tool,power | hand,magnetic,
home,tool,power | hand,plier,
home,tool,power | hand,rotary,
home,tool,power | hand,router,
home,tool,power | hand,saw,
home,tool,power | hand,vacuum,
home,tool,power | hand,wrench,
home,tool,room,,
home,tool,tarp,,
home,tool,tester,,
home,tool,wallpaper,,
home,vacuum,,,
industrial | office,abrasive,accessory | mounted,,
industrial | office,abrasive,brush,,
industrial | office,abrasive,finishing,,
industrial | office,automation,,,
industrial | office,commercial,,,
industrial | office,equipment,,,
industrial | office,fastener | tool,bolt,carriage | slot,
industrial | office,fastener | tool,bolt,expansion,
industrial | office,fastener | tool,bolt,square,
industrial | office,fastener | tool,boring,,
industrial | office,fastener | tool,collated,,
industrial | office,fastener | tool,hinge,,
industrial | office,fastener | tool,holder,,
industrial | office,fastener | tool,hook,,
industrial | office,fastener | tool,knob,,
industrial | office,fastener | tool,latch,,
industrial | office,fastener | tool,live,,
industrial | office,fastener | tool,nut,,
industrial | office,fastener | tool,power,,
industrial | office,fastener | tool,screw,,
industrial | office,fastener | tool,spacers,,
industrial | office,fastener | tool,tap,,
industrial | office,fastener | tool,threaded,,
industrial | office,fastener | tool,washer,,
industrial | office,fastener | tool,workholding,,
industrial | office,filtration,compressed,,
industrial | office,filtration,lab,,
industrial | office,filtration,plumbing,,
industrial | office,food | retail | handling | agriculture,animal,egg,
industrial | office,food | retail | handling | agriculture,animal,feed,
industrial | office,food | retail | handling | agriculture,animal,livestock,
industrial | office,food | retail | handling | agriculture,bullion,,
industrial | office,food | retail | handling | agriculture,cabinet | shelving | shipping | wire,,
industrial | office,food | retail | handling | agriculture,chippers,,
industrial | office,food | retail | handling | agriculture,container | service | bakery | bus | check,,
industrial | office,food | retail | handling | agriculture,conveyor,,
industrial | office,food | retail | handling | agriculture,display | mannequin,,
industrial | office,food | retail | handling | agriculture,disposable,bowl | cutlery,
industrial | office,food | retail | handling | agriculture,disposable,cup,
industrial | office,food | retail | handling | agriculture,disposable,plate,
industrial | office,food | retail | handling | agriculture,disposable,serving,
industrial | office,food | retail | handling | agriculture,lift,hoist,
industrial | office,food | retail | handling | agriculture,lift,jack | personnel,
industrial | office,food | retail | handling | agriculture,lift,pulley,
industrial | office,food | retail | handling | agriculture,lift,winch,
industrial | office,food | retail | handling | agriculture,money,banknote,
industrial | office,food | retail | handling | agriculture,money,cash,
industrial | office,food | retail | handling | agriculture,money,changer,
industrial | office,food | retail | handling | agriculture,money,coin,
industrial | office,food | retail | handling | agriculture,money,deposit,
industrial | office,food | retail | handling | agriculture,money,paper,
industrial | office,food | retail | handling | agriculture,money,terminal,
industrial | office,food | retail | handling | agriculture,pallet,,
industrial | office,food | retail | handling | agriculture,sneeze,,
industrial | office,food | retail | handling | agriculture,surveying | traffic,,
industrial | office,food | retail | handling | agriculture,trade | brochure,,
industrial | office,food | retail | handling | agriculture,,,
industrial | office,food | supply,commercial,,
industrial | office,food | supply,equipment,,
industrial | office,food | supply,service,,
industrial | office,food | supply,storage,,
industrial | office,food | supply,tabletop,,
industrial | office,hairdressing,,,
industrial | office,hydraulics,fitting,,
industrial | office,hydraulics,hose,,
industrial | office,hydraulics,hydraulic,,
industrial | office,hydraulics,protective,,
industrial | office,hydraulics,pump,,
industrial | office,hydraulics,seal,,
industrial | office,hydraulics,tube,,
industrial | office,laboratory,biochemicals,,
industrial | office,laboratory,chemical,,
industrial | office,laboratory,dissection,,
industrial | office,laboratory,equipment,blender,
industrial | office,laboratory,equipment,dry,
industrial | office,laboratory,equipment,freeze,
industrial | office,laboratory,equipment,freezer,
industrial | office,laboratory,equipment,funnel,
industrial | office,laboratory,equipment,hot,
industrial | office,laboratory,equipment,microscope,
industrial | office,laboratory,equipment,oven,
industrial | office,laboratory,equipment,spectrometer,
industrial | office,laboratory,equipment,,
industrial | office,laboratory,glassware,,
industrial | office,laboratory,lab,,
industrial | office,laboratory,life,,
industrial | office,laboratory,microscope,,
industrial | office,laboratory,science,,
industrial | office,laboratory,specimen,,
industrial | office,laboratory,supply,beaker,
industrial | office,laboratory,supply,flask,
industrial | office,laboratory,supply,graduated,
industrial | office,laboratory,supply,pipette,
industrial | office,laboratory,supply,test,
industrial | office,laboratory,supply,,
industrial | office,medical,bedding,,
industrial | office,medical,cuff,,
industrial | office,medical,dental,,
industrial | office,medical,equipment,automated,
industrial | office,medical,equipment,gait,
industrial | office,medical,equipment,otoscope,
industrial | office,medical,equipment,reflex,
industrial | office,medical,equipment,stethoscope,
industrial | office,medical,equipment,stretcher | patient,
industrial | office,medical,equipment,vital,
industrial | office,medical,furniture,cabinet,
industrial | office,medical,furniture,chiropractic,
industrial | office,medical,furniture,homecare,
industrial | office,medical,furniture,table,
industrial | office,medical,furniture,,
industrial | office,medical,gown,,
industrial | office,medical,hospital,,
industrial | office,medical,instrument,forceps,
industrial | office,medical,instrument,scalpel,
industrial | office,medical,instrument,surgical,
industrial | office,medical,metal,,
industrial | office,medical,prophy,,
industrial | office,medical,scrub,,
industrial | office,medical,supply,disposable | finger,
industrial | office,medical,supply,ostomy,
industrial | office,medical,supply,tongue,
industrial | office,medical,supply,,
industrial | office,medical,teaching,,
industrial | office,packaging,carton,,
industrial | office,packaging,label,,
industrial | office,packaging,protector,,
industrial | office,packaging,shrink,,
industrial | office,product | material,bearing,,
industrial | office,product | material,caster,,
industrial | office,product | material,caulk,,
industrial | office,product | material,clutch,,
industrial | office,product | material,collar,,
industrial | office,product | material,drive,,
industrial | office,product | material,electrical,acceleration,
industrial | office,product | material,electrical,memory,
industrial | office,product | material,electrical,motor,
industrial | office,product | material,electrical,resistor | antenna,
industrial | office,product | material,electrical,switch,
industrial | office,product | material,electrical,transformer,
industrial | office,product | material,electrical,transistor,
industrial | office,product | material,hazardous | emergency,,
industrial | office,product | material,interconnects,,
industrial | office,product | material,lifting,,
industrial | office,product | material,lockout,,
industrial | office,product | material,magnet,,
industrial | office,product | material,mechanical,worm,
industrial | office,product | material,mechanical,,
industrial | office,product | material,printer,,
industrial | office,product | material,raw,aluminum,
industrial | office,product | material,raw,brass,
industrial | office,product | material,raw,carbon,
industrial | office,product | material,raw,laminate,
industrial | office,product | material,raw,metal,
industrial | office,product | material,raw,rubber,
industrial | office,product | material,raw,,
industrial | office,product | material,safety,,
industrial | office,product | material,sealant | retaining,,
industrial | office,product | material,transport | wheel,,
industrial | office,protective,apron,,
industrial | office,protective,bullet,,
industrial | office,protective,eyewear,,
industrial | office,protective,gas,,
industrial | office,protective,hardhats,,
industrial | office,protective,hazardous,,
industrial | office,protective,mask,,
industrial | office,protective,safety,,
industrial | office,protective,welding,,
industrial | office,protective,work,,
industrial | office,signage,business,,
industrial | office,signage,digital,,
industrial | office,signage,emergency,,
industrial | office,signage,facility,,
industrial | office,signage,open,,
industrial | office,signage,parking,,
industrial | office,signage,policy,,
industrial | office,signage,retail,,
industrial | office,signage,road,,
industrial | office,signage,safety,,
industrial | office,signage,security,,
industrial | office,signage,sidewalk,,
industrial | office,signage,sign,,
industrial | office,supply,apparel,,
industrial | office,supply,dental,,
industrial | office,supply,dressing,,
industrial | office,supply,endodontics,,
industrial | office,supply,equipment,,
industrial | office,supply,medical,,
industrial | office,supply,orthodontic,,
industrial | office,supply,respiratory,,
industrial | office,supply,sterilization,,
industrial | office,supply,surgical,,
industrial | office,supply | instrument | filing,accessory | mail | organizer | writing | label,account,
industrial | office,supply | instrument | filing,accessory | mail | organizer | writing | label,badge,
industrial | office,supply | instrument | filing,accessory | mail | organizer | writing | label,book,
industrial | office,supply | instrument | filing,accessory | mail | organizer | writing | label,business,
industrial | office,supply | instrument | filing,accessory | mail | organizer | writing | label,file,
industrial | office,supply | instrument | filing,accessory | mail | organizer | writing | label,glue,
industrial | office,supply | instrument | filing,accessory | mail | organizer | writing | label,holder | desk | platform,
industrial | office,supply | instrument | filing,accessory | mail | organizer | writing | label,index,
industrial | office,supply | instrument | filing,accessory | mail | organizer | writing | label,inkjet,
industrial | office,supply | instrument | filing,accessory | mail | organizer | writing | label,mailing | mailer | postal,booklet
industrial | office,supply | instrument | filing,accessory | mail | organizer | writing | label,mailing | mailer | postal,tube
industrial | office,supply | instrument | filing,accessory | mail | organizer | writing | label,mailing | mailer | postal,
industrial | office,supply | instrument | filing,accessory | mail | organizer | writing | label,material | classroom,
industrial | office,supply | instrument | filing,accessory | mail | organizer | writing | label,modular,
industrial | office,supply | instrument | filing,accessory | mail | organizer | writing | label,pad | school,
industrial | office,supply | instrument | filing,accessory | mail | organizer | writing | label,pen,
industrial | office,supply | instrument | filing,accessory | mail | organizer | writing | label,planner,
industrial | office,supply | instrument | filing,accessory | mail | organizer | writing | label,ring,
industrial | office,supply | instrument | filing,accessory | mail | organizer | writing | label,staple,
industrial | office,supply | instrument | filing,accessory | mail | organizer | writing | label,sticker,
industrial | office,supply | instrument | filing,accessory | mail | organizer | writing | label,technical,
industrial | office,supply | instrument | filing,binding | card | organizer | folder | file,binder,index
industrial | office,supply | instrument | filing,binding | card | organizer | folder | file,binder,ring
industrial | office,supply | instrument | filing,binding | card | organizer | folder | file,binder,sheet
industrial | office,supply | instrument | filing,binding | card | organizer | folder | file,binder,
industrial | office,supply | instrument | filing,binding | card | organizer | folder | file,comb,
industrial | office,supply | instrument | filing,binding | card | organizer | folder | file,padfolios | portfolio,
industrial | office,supply | instrument | filing,binding | card | organizer | folder | file,pocket,
industrial | office,supply | instrument | filing,binding | card | organizer | folder | file,report,
industrial | office,supply | instrument | filing,binding | card | organizer | folder | file,,
industrial | office,supply | instrument | filing,board | easel | chalkboard | document | laser,bulletin,
industrial | office,supply | instrument | filing,board | easel | chalkboard | document | laser,foam,
industrial | office,supply | instrument | filing,board | easel | chalkboard | document | laser,mounting,
industrial | office,supply | instrument | filing,board | easel | chalkboard | document | laser,poster,
industrial | office,supply | instrument | filing,board | easel | chalkboard | document | laser,,
industrial | office,supply | instrument | filing,book,,
industrial | office,supply | instrument | filing,cart,,
industrial | office,supply | instrument | filing,mat,,
industrial | office,supply | instrument | filing,packing | moving,,
industrial | office,supply | instrument | filing,paper | fingertip | hole | paperweight,,
industrial | office,supply | instrument | filing,paper | label | calculator | tape | brass,basic | construction | financial | graphing | scientific,
industrial | office,supply | instrument | filing,paper | label | calculator | tape | brass,card | business | receipt | binder | check,
industrial | office,supply | instrument | filing,paper | label | calculator | tape | brass,clip,
industrial | office,supply | instrument | filing,paper | label | calculator | tape | brass,correction,
industrial | office,supply | instrument | filing,paper | label | calculator | tape | brass,shipping | address | folder | clip,
industrial | office,supply | instrument | filing,paper | label | calculator | tape | brass,,
industrial | office,supply | instrument | filing,printer | accessory | telephone,computer,
industrial | office,supply | instrument | filing,printer | accessory | telephone,scanner,
industrial | office,supply | instrument | filing,printer | accessory | telephone,typewriter,
industrial | office,supply | instrument | filing,printer | accessory | telephone,voip,
industrial | office,supply | instrument | filing,rack | cart | cushion,back,
industrial | office,supply | instrument | filing,rack | cart | cushion,stand,
industrial | office,supply | instrument | filing,rack | cart | cushion,step,
industrial | office,supply | instrument | filing,rack | cart | cushion,storage | display,
industrial | office,supply | instrument | filing,writing | pencil | call | clipboard,art,
industrial | office,supply | instrument | filing,writing | pencil | call | clipboard,chalk,
industrial | office,supply | instrument | filing,writing | pencil | call | clipboard,crayon,
industrial | office,supply | instrument | filing,writing | pencil | call | clipboard,highlighter,
industrial | office,supply | instrument | filing,writing | pencil | call | clipboard,lead,
industrial | office,supply | instrument | filing,writing | pencil | call | clipboard,marker,
industrial | office,supply | instrument | filing,writing | pencil | call | clipboard,multifunction,
industrial | office,supply | instrument | filing,writing | pencil | call | clipboard,pastel,
industrial | office,supply | instrument | filing,writing | pencil | call | clipboard,pen,
industrial | office,supply | instrument | filing,writing | pencil | call | clipboard,refill,
industrial | office,supply | instrument | filing,writing | pencil | call | clipboard,,
industrial | office,supply | instrument | filing,,,
industrial | office,tattooing,piercing,,
industrial | office,tattooing,supply,,
industrial | office,test,calibration,,
industrial | office,test,dimensional,,
industrial | office,test,electrical,,
industrial | office,test,motion,,
industrial | office,test,scale,,
industrial | office,test,sound,,
industrial | office,test,substance,,
industrial | office,test,temperature,,
instrument | vinyl,accessory,brass,,
instrument | vinyl,accessory,drum,,
instrument | vinyl,accessory,guitar,,
instrument | vinyl,accessory,keyboard,,
instrument | vinyl,accessory,orchestral,,
instrument | vinyl,accessory,part,,
instrument | vinyl,accessory,woodwind,,
instrument | vinyl,accessory,,,
instrument | vinyl,amplifier,,,
instrument | vinyl,band | brass,baritone,,
instrument | vinyl,band | brass,orchestral,,
instrument | vinyl,band | brass,trumpet,,
instrument | vinyl,band | brass,tuba | trombone,,
instrument | vinyl,band | brass,wind,,
instrument | vinyl,band | brass,,,
instrument | vinyl,country,,,
instrument | vinyl,drum,marching | hand,,
instrument | vinyl,drum,set,,
instrument | vinyl,drum,,,
instrument | vinyl,folk,,,
instrument | vinyl,guitar,,,
instrument | vinyl,karaoke,,,
instrument | vinyl,microphone,,,
instrument | vinyl,music,broadway,,
instrument | vinyl,music,christian,,
instrument | vinyl,music,funk,,
instrument | vinyl,music,indie,,
instrument | vinyl,music,international,,
instrument | vinyl,music,jazz,,
instrument | vinyl,music,latin,,
instrument | vinyl,music,metal,,
instrument | vinyl,music,new,,
instrument | vinyl,music,opera,,
instrument | vinyl,music,rap,,
instrument | vinyl,music,rock,,
instrument | vinyl,music,soundtrack,,
instrument | vinyl,music,,,
instrument | vinyl,piano,,,
instrument | vinyl,pro,,,
instrument | vinyl,recording,computer,,
instrument | vinyl,recording,mastering,,
instrument | vinyl,recording,multitrack,,
instrument | vinyl,recording,processor,,
instrument | vinyl,stage,lighting,,
instrument | vinyl,stage,powered,,
instrument | vinyl,stage,speaker,,
mature | medium,book,audiobooks,,
mature | medium,book,print,,
mature | medium,book,,,
mature | medium,carpentry,,,
mature | medium,dvd,,,
mature | medium,erotic,book | magazine,,
mature | medium,erotic,clothing,,
mature | medium,erotic,dvd,,
mature | medium,erotic,food,,
mature | medium,erotic,game,,
mature | medium,erotic,sex,,
mature | medium,erotic,,,
mature | medium,magazine,,,
mature | medium,manual,appliance,,
mature | medium,manual,camera,,
mature | medium,manual,electronics,,
mature | medium,manual,exercise,,
mature | medium,manual,model,,
mature | medium,manual,office,,
mature | medium,manual,power,,
mature | medium,manual,vehicle,,
mature | medium,movie,,,
mature | medium,music,,,
mature | medium,newspaper,,,
mature | medium,recording,,,
mature | medium,sheet,,,
mature | medium,weapon,brass,,
mature | medium,weapon,combat | sword,,
mature | medium,weapon,gun,,
mature | medium,weapon,mace,,
mature | medium,weapon,spear,,
mature | medium,weapon,staff,,
mature | medium,weapon,stun,,
mature | medium,weapon,whip,,
mature | medium,weapon,,,
other,,,,
part,accessory,cleaning,,
part,accessory,exterior,,
part,accessory,plumbing,,
part,accessory,sofa,,
part,accessory,spare,,
part,accessory,towing,,
part,accessory,trailer,,
part,accessory,window,,
part,accessory,,,
part,automotive,body,grille | fan,
part,automotive,body,header,
part,automotive,body,sunroof,
part,automotive,brake,automobile,
part,automotive,brake,replacement,
part,automotive,cargo,,
part,automotive,console | seat,,
part,automotive,engine,,
part,automotive,performance,,
part,automotive,replacement,air,
part,automotive,replacement,bearing,
part,automotive,replacement,carburetor,
part,automotive,replacement,chassis,
part,automotive,replacement,clutch,
part,automotive,replacement,constant,
part,automotive,replacement,distributor,
part,automotive,replacement,drag,
part,automotive,replacement,engine,
part,automotive,replacement,fuel,
part,automotive,replacement,gasket,
part,automotive,replacement,headlamp,
part,automotive,replacement,heating,
part,automotive,replacement,hose,
part,automotive,replacement,ignition,
part,automotive,replacement,relay,
part,automotive,replacement,seal,
part,automotive,replacement,spark,
part,automotive,replacement,switch,
part,automotive,replacement,torque,
part,automotive,replacement,transaxle,
part,automotive,replacement,universal,
part,automotive,replacement,valve,
part,automotive,replacement,,
part,automotive,shift,,
part,automotive,,,
part,care,automotive,,
part,care,cleaning,,
part,care,exterior,,
part,care,product,,
part,care,tire,,
part,care,tool,,
part,fluid,additive,,
part,fluid,automotive,,
part,fluid,cleaner,,
part,fluid,engine,,
part,fluid,oil,,
part,fluid,winter,,
part,heavy,,,
part,light,automotive,,
part,light,conversion,,
part,powersports,accessory,,
part,powersports,body,,
part,powersports,brake,,
part,powersports,chemical,,
part,powersports,drive,,
part,powersports,engine,,
part,powersports,exhaust,,
part,powersports,external,,
part,powersports,filtration,,
part,powersports,fuel,,
part,powersports,ignition,,
part,powersports,protective,,
part,powersports,,,
part,tire,accessory,,
part,tire,kart,,
part,tire,wheel,,
part,tool,air,,
part,tool,body,,
part,tool,brake,,
part,tool,cooling,,
part,tool,diagnostic,,
part,tool,engine,,
part,tool,fuel,,
part,tool,garage,,
part,tool,jump,,
part,tool,muffler,,
part,tool,spark,,
part,tool,steering,,
part,tool,tire,,
part,tool,windshield,,
part,vehicle,aircraft,,
part,vehicle,cargo,motor,
part,vehicle,cargo,motorcycle,
part,vehicle,cargo,organizer,
part,vehicle,cargo,rack,
part,vehicle,cargo,trailer,
part,vehicle,cargo,truck,
part,vehicle,decor,accessory,
part,vehicle,decor,air,
part,vehicle,decor,antenna,
part,vehicle,decor,bumper,
part,vehicle,decor,cover,
part,vehicle,decor,dashboard,
part,vehicle,decor,decal,
part,vehicle,decor,display,
part,vehicle,decor,emblem,
part,vehicle,decor,hitch,
part,vehicle,decor,license,plate
part,vehicle,decor,magnet,
part,vehicle,decor,rear,
part,vehicle,decor,shift,
part,vehicle,decor,steering,
part,vehicle,decor,wrap,
part,vehicle,maintenance,cleaning,
part,vehicle,maintenance,fluid,
part,vehicle,maintenance,repair,
part,vehicle,maintenance,tool,
part,vehicle,maintenance,,
part,vehicle,motor,amplifier,
part,vehicle,motor,braking,
part,vehicle,motor,carpet,
part,vehicle,motor,cassette,
part,vehicle,motor,climate,
part,vehicle,motor,control,
part,vehicle,motor,engine,
part,vehicle,motor,equalizer,
part,vehicle,motor,exhaust,
part,vehicle,motor,frame,
part,vehicle,motor,fuel,
part,vehicle,motor,interior,
part,vehicle,motor,lighting,
part,vehicle,motor,mirror,
part,vehicle,motor,parking,
part,vehicle,motor,player,
part,vehicle,motor,power,
part,vehicle,motor,seating,
part,vehicle,motor,sensor,
part,vehicle,motor,speakerphone | speaker,
part,vehicle,motor,subwoofer,
part,vehicle,motor,suspension,
part,vehicle,motor,towing,
part,vehicle,motor,transmission,
part,vehicle,motor,video,
part,vehicle,motor,wheel,
part,vehicle,motor,window,
part,vehicle,motor,,
part,vehicle,safety,alarm,
part,vehicle,safety,equipment,
part,vehicle,safety,lock,
part,vehicle,safety,motorcycle,
part,vehicle,safety,off,
part,vehicle,storage,,
part,vehicle,watercraft,docking,
part,vehicle,watercraft,engine,
part,vehicle,watercraft,exhaust,
part,vehicle,watercraft,fuel,
part,vehicle,watercraft,lighting,
part,vehicle,watercraft,sailboat,
part,vehicle,watercraft,,
religious,item,,,
religious,memorial,,,
religious,wedding,,,
sporting,athletics,american | soccer,ball,
sporting,athletics,american | soccer,corner,
sporting,athletics,american | soccer,football,
sporting,athletics,american | soccer,glove,
sporting,athletics,american | soccer,goal,
sporting,athletics,american | soccer,protective,
sporting,athletics,baseball,bat,
sporting,athletics,baseball,pitching,
sporting,athletics,baseball,softball,
sporting,athletics,baseball,,
sporting,athletics,basketball,hoop,
sporting,athletics,basketball,training,
sporting,athletics,basketball,,
sporting,athletics,boxing,martial,
sporting,athletics,boxing,ring,
sporting,athletics,boxing,training,
sporting,athletics,cheerleading,,
sporting,athletics,coaching,captain,
sporting,athletics,coaching,field,
sporting,athletics,coaching,flag,
sporting,athletics,coaching,flip,
sporting,athletics,coaching,pitch,
sporting,athletics,coaching,referee,
sporting,athletics,coaching,scoreboard,
sporting,athletics,coaching,sport,
sporting,athletics,coaching,umpire,
sporting,athletics,cricket,ball,
sporting,athletics,cricket,bat,
sporting,athletics,cricket,equipment,
sporting,athletics,cricket,protective,
sporting,athletics,cricket,stump,
sporting,athletics,dancing,,
sporting,athletics,equipment,altitude,
sporting,athletics,equipment,athletic,
sporting,athletics,equipment,ball,
sporting,athletics,equipment,exercise,
sporting,athletics,equipment,grip,
sporting,athletics,equipment,gym,
sporting,athletics,equipment,practice,
sporting,athletics,equipment,speed,
sporting,athletics,equipment,sport,
sporting,athletics,equipment,stadium,
sporting,athletics,equipment,,
sporting,athletics,fencing,protective,
sporting,athletics,fencing,weapon,
sporting,athletics,gymnastics,bar,
sporting,athletics,gymnastics,pommel,
sporting,athletics,gymnastics,protective,
sporting,athletics,gymnastics,ring | springboard,
sporting,athletics,gymnastics,vaulting,
sporting,athletics,handball,,
sporting,athletics,hockey,ball,
sporting,athletics,hockey,goal,
sporting,athletics,hockey,ice,
sporting,athletics,hockey,protective,
sporting,athletics,hockey,skate,
sporting,athletics,hockey,sledge,
sporting,athletics,hockey,stick,
sporting,athletics,lacrosse,ball,
sporting,athletics,lacrosse,equipment,
sporting,athletics,lacrosse,field,
sporting,athletics,lacrosse,goal,
sporting,athletics,lacrosse,stick,
sporting,athletics,lacrosse,training,
sporting,athletics,rugby,ball | post,
sporting,athletics,rugby,glove,
sporting,athletics,rugby,protective,
sporting,athletics,rugby,training,
sporting,athletics,tennis | racquetball,ball,
sporting,athletics,tennis | racquetball,net,
sporting,athletics,tennis | racquetball,racquet,
sporting,athletics,tennis | racquetball,squash,
sporting,athletics,track,discus,
sporting,athletics,track,high,
sporting,athletics,track,hurdle,
sporting,athletics,track,javelin,
sporting,athletics,track,pole,
sporting,athletics,track,relay,
sporting,athletics,track,shot,
sporting,athletics,track,starter,
sporting,athletics,track,starting,
sporting,athletics,track,throwing,
sporting,athletics,volleyball,net,
sporting,athletics,volleyball,protective,
sporting,athletics,volleyball,training,
sporting,athletics,water,,
sporting,athletics,wrestling,,
sporting,athletics,,,
sporting,emergency,blanket,,
sporting,emergency,earthquake,,
sporting,emergency,kit,,
sporting,equipment,baseball,field,
sporting,equipment,baseball,glove,
sporting,equipment,baseball,jersey,
sporting,equipment,baseball,protective,
sporting,equipment,baseball,softball,
sporting,equipment,baseball,training,
sporting,equipment,basketball,hoop,
sporting,equipment,basketball,jersey,
sporting,equipment,basketball,training,
sporting,equipment,basketball,,
sporting,equipment,broomball,broom | broomballs,
sporting,equipment,broomball,clothing,
sporting,equipment,broomball,protective,
sporting,equipment,cheerleading,accessory,
sporting,equipment,cheerleading,clothing,
sporting,equipment,cheerleading,pom,
sporting,equipment,cheerleading,training,
sporting,equipment,cricket,ball,
sporting,equipment,cricket,bat,
sporting,equipment,cricket,clothing,
sporting,equipment,cricket,protective,
sporting,equipment,cricket,set,
sporting,equipment,cricket,stump,
sporting,equipment,dance,accessory,
sporting,equipment,dance,baby,
sporting,equipment,dance,ballet,
sporting,equipment,dance,child,
sporting,equipment,dance,dancewear,
sporting,equipment,dance,floor,
sporting,equipment,dance,glassless,
sporting,equipment,dance,leotard,
sporting,equipment,dance,men,
sporting,equipment,dance,shoe,
sporting,equipment,dance,woman,
sporting,equipment,fencing,clothing,
sporting,equipment,fencing,protective,
sporting,equipment,fencing,weapon,
sporting,equipment,football | soccer,ball,
sporting,equipment,football | soccer,clothing,
sporting,equipment,football | soccer,dummy,
sporting,equipment,football | soccer,glove,
sporting,equipment,football | soccer,goal,
sporting,equipment,football | soccer,jersey,
sporting,equipment,football | soccer,kicking,
sporting,equipment,football | soccer,protective,
sporting,equipment,football | soccer,training,
sporting,equipment,football | soccer,,
sporting,equipment,general,athletic,
sporting,equipment,general,ball,
sporting,equipment,general,elevation,
sporting,equipment,general,fitness,
sporting,equipment,general,grip,
sporting,equipment,general,mat,
sporting,equipment,general,mouth,
sporting,equipment,general,reflective,
sporting,equipment,general,speed,
sporting,equipment,general,stadium,
sporting,equipment,general,stopwatch,
sporting,equipment,golf,accessory,
sporting,equipment,golf,ball,
sporting,equipment,golf,club,
sporting,equipment,golf,training,
sporting,equipment,gymnastics,bar,
sporting,equipment,gymnastics,bar | ring,
sporting,equipment,gymnastics,floor,
sporting,equipment,gymnastics,grip,
sporting,equipment,gymnastics,springboard,
sporting,equipment,gymnastics,vaulting,
sporting,equipment,ice,blade,
sporting,equipment,ice,clothing,
sporting,equipment,ice,figure,
sporting,equipment,ice,hockey,
sporting,equipment,ice,lace,
sporting,equipment,ice,protective,elbow
sporting,equipment,ice,protective,glove | helmet
sporting,equipment,ice,protective,goalie
sporting,equipment,ice,protective,
sporting,equipment,ice,skate,
sporting,equipment,lacrosse,ball,
sporting,equipment,lacrosse,field,
sporting,equipment,lacrosse,goal,
sporting,equipment,lacrosse,protective,
sporting,equipment,lacrosse,set,
sporting,equipment,lacrosse,stick,
sporting,equipment,lacrosse,training,
sporting,equipment,martial,art,
sporting,equipment,martial,boxing,
sporting,equipment,martial,clothing,
sporting,equipment,martial,protective,
sporting,equipment,martial,training,
sporting,equipment,referee,captain,
sporting,equipment,referee,flip,
sporting,equipment,referee,linesman,
sporting,equipment,referee,megaphone,
sporting,equipment,referee,penalty,
sporting,equipment,referee,score,
sporting,equipment,referee,stand | wallet,
sporting,equipment,referee,uniform,
sporting,equipment,referee,whistle,
sporting,equipment,rugby,ball,
sporting,equipment,rugby,jersey,
sporting,equipment,rugby,post,
sporting,equipment,rugby,protective,
sporting,equipment,rugby,training,
sporting,equipment,tennis,badminton,
sporting,equipment,tennis,bag,
sporting,equipment,tennis,ball,
sporting,equipment,tennis,clothing,
sporting,equipment,tennis,net,
sporting,equipment,tennis,pickleball,
sporting,equipment,tennis,racquet,
sporting,equipment,tennis,racquetball,
sporting,equipment,track,discus,
sporting,equipment,track,field,
sporting,equipment,track,high,
sporting,equipment,track,hurdle,
sporting,equipment,track,javelin,
sporting,equipment,track,shot,
sporting,equipment,track,starting,
sporting,equipment,track,throwing,
sporting,equipment,track,vaulting,
sporting,equipment,volleyball,accessory,
sporting,equipment,volleyball,net,
sporting,equipment,volleyball,protective,
sporting,equipment,volleyball,,
sporting,equipment,wrestling,clothing,
sporting,equipment,wrestling,mat,
sporting,equipment,wrestling,protective,
sporting,exercise,aerobic,,
sporting,exercise,ball,,
sporting,exercise,band | exerciser,,
sporting,exercise,bench | wedge,,
sporting,exercise,cardio,accessory,
sporting,exercise,cardio,bike,
sporting,exercise,cardio,elliptical,
sporting,exercise,cardio,jump,
sporting,exercise,cardio,machine,
sporting,exercise,cardio,rowing,
sporting,exercise,cardio,stair,
sporting,exercise,cardio,treadmill,
sporting,exercise,equipment,,
sporting,exercise,foam,,
sporting,exercise,hand,,
sporting,exercise,inversion,,
sporting,exercise,pilate,,
sporting,exercise,power,,
sporting,exercise,push,,
sporting,exercise,running,,
sporting,exercise,speed,,
sporting,exercise,sport,,
sporting,exercise,stopwatch,,
sporting,exercise,trainer,,
sporting,exercise,vibration,,
sporting,exercise,weight,bar,
sporting,exercise,weight,dumbbell,
sporting,exercise,weight,free,
sporting,exercise,weight,kettlebells,
sporting,exercise,weight,lifting,
sporting,exercise,weight,medicine,
sporting,exercise,weight,plate,
sporting,exercise,weight,weighted,
sporting,exercise,weighted,,
sporting,exercise,wheel,,
sporting,exercise,yoga,,
sporting,game,air,,
sporting,game,bowling,,
sporting,game,multi,,
sporting,game,ping,,
sporting,indoor,billiards,,
sporting,indoor,dart,,
sporting,indoor,foosball,,
sporting,indoor,table,,
sporting,indoor,throwing,,
sporting,outdoor,airsoft,,
sporting,outdoor,archery,accessory,
sporting,outdoor,archery,arrow,
sporting,outdoor,archery,,
sporting,outdoor,camping,camp,
sporting,outdoor,camping,compression,
sporting,outdoor,camping,cooking,
sporting,outdoor,camping,cookware,
sporting,outdoor,camping,gear,
sporting,outdoor,camping,lantern,
sporting,outdoor,camping,light,
sporting,outdoor,camping,portable,
sporting,outdoor,camping,sleeping,
sporting,outdoor,camping,tent,footprint
sporting,outdoor,camping,tent,inner
sporting,outdoor,camping,tent,vestibule
sporting,outdoor,camping,tent,
sporting,outdoor,camping,tool,
sporting,outdoor,camping,,
sporting,outdoor,climbing,accessory,brush
sporting,outdoor,climbing,accessory,chalk
sporting,outdoor,climbing,accessory,glove
sporting,outdoor,climbing,accessory,helmet
sporting,outdoor,climbing,accessory,rope
sporting,outdoor,climbing,accessory,tape
sporting,outdoor,climbing,accessory,
sporting,outdoor,climbing,apparel,
sporting,outdoor,climbing,ascender,
sporting,outdoor,climbing,chalk,
sporting,outdoor,climbing,crash,
sporting,outdoor,climbing,hardware,harness | indoor
sporting,outdoor,climbing,hardware,pulley
sporting,outdoor,climbing,hardware,rope
sporting,outdoor,climbing,hardware,
sporting,outdoor,climbing,harness,
sporting,outdoor,climbing,ice,
sporting,outdoor,climbing,indoor,
sporting,outdoor,climbing,protection,
sporting,outdoor,climbing,rope,
sporting,outdoor,climbing,webbing,
sporting,outdoor,climbing,,
sporting,outdoor,cycling,accessory,
sporting,outdoor,cycling,apparel,
sporting,outdoor,cycling,bicycle,bag
sporting,outdoor,cycling,bicycle,cover
sporting,outdoor,cycling,bicycle,rack
sporting,outdoor,cycling,bicycle,spoke | tool
sporting,outdoor,cycling,bicycle,trainer | training
sporting,outdoor,cycling,bicycle,
sporting,outdoor,cycling,clothing,
sporting,outdoor,cycling,protective,
sporting,outdoor,cycling,shoe,
sporting,outdoor,cycling,,
sporting,outdoor,disc,golf,
sporting,outdoor,equestrian,accessory,
sporting,outdoor,equestrian,clothing,
sporting,outdoor,equestrian,horse,
sporting,outdoor,equestrian,riding,
sporting,outdoor,equestrian,saddle,
sporting,outdoor,equestrian,spur,
sporting,outdoor,equestrian,stable,
sporting,outdoor,equestrian,,
sporting,outdoor,equipment,,
sporting,outdoor,fishing,bait,fly
sporting,outdoor,fishing,bait,hard | soft
sporting,outdoor,fishing,bait,jig
sporting,outdoor,fishing,bait,live
sporting,outdoor,fishing,bait,lure
sporting,outdoor,fishing,bait,spinnerbaits
sporting,outdoor,fishing,bait,
sporting,outdoor,fishing,bite,
sporting,outdoor,fishing,equipment,bait
sporting,outdoor,fishing,equipment,bite
sporting,outdoor,fishing,equipment,fishfinders
sporting,outdoor,fishing,equipment,net | trap
sporting,outdoor,fishing,equipment,plier
sporting,outdoor,fishing,equipment,scaler
sporting,outdoor,fishing,equipment,spear
sporting,outdoor,fishing,equipment,
sporting,outdoor,fishing,fly,
sporting,outdoor,fishing,gaff,
sporting,outdoor,fishing,hook,
sporting,outdoor,fishing,line,
sporting,outdoor,fishing,live,
sporting,outdoor,fishing,net,
sporting,outdoor,fishing,reel,bag
sporting,outdoor,fishing,reel,lubricant
sporting,outdoor,fishing,reel,replacement
sporting,outdoor,fishing,reel,spool
sporting,outdoor,fishing,rod,reel
sporting,outdoor,fishing,rod,
sporting,outdoor,fishing,spear,
sporting,outdoor,fishing,tackle,bait
sporting,outdoor,fishing,tackle,float
sporting,outdoor,fishing,tackle,hook
sporting,outdoor,fishing,tackle,line
sporting,outdoor,fishing,tackle,sinker
sporting,outdoor,fishing,tackle,snap
sporting,outdoor,fishing,tackle,
sporting,outdoor,fishing,trap,
sporting,outdoor,fishing,wader,
sporting,outdoor,game,badminton,
sporting,outdoor,game,deck,
sporting,outdoor,game,lawn,
sporting,outdoor,game,paddle,
sporting,outdoor,game,platform,
sporting,outdoor,game,tetherball,
sporting,outdoor,game,,
sporting,outdoor,golf,accessory,
sporting,outdoor,golf,bag,
sporting,outdoor,golf,ball,
sporting,outdoor,golf,club,
sporting,outdoor,golf,flag,
sporting,outdoor,golf,glove,
sporting,outdoor,golf,tee,
sporting,outdoor,golf,towel,
sporting,outdoor,golf,training,
sporting,outdoor,golf,,
sporting,outdoor,hang,,
sporting,outdoor,hiking,backpack,
sporting,outdoor,hiking,navigational,
sporting,outdoor,hiking,pole,
sporting,outdoor,hiking,trekking,
sporting,outdoor,hiking,,
sporting,outdoor,hunting,accessory,
sporting,outdoor,hunting,animal | wildlife,
sporting,outdoor,hunting,archery,
sporting,outdoor,hunting,blind,
sporting,outdoor,hunting,clothing,
sporting,outdoor,hunting,dog,
sporting,outdoor,hunting,hearing,
sporting,outdoor,hunting,tactical,
sporting,outdoor,hunting,wild,
sporting,outdoor,hunting,,
sporting,outdoor,hydration,,
sporting,outdoor,inline,protective,
sporting,outdoor,kite,,
sporting,outdoor,paintball,,
sporting,outdoor,recreation,,
sporting,outdoor,riding,,
sporting,outdoor,roller,inline,
sporting,outdoor,roller,skate,
sporting,outdoor,roller,skating,
sporting,outdoor,roller,ski,
sporting,outdoor,shooting,accessory,
sporting,outdoor,shooting,gun,
sporting,outdoor,shooting,,
sporting,outdoor,skate,,
sporting,outdoor,skateboarding,protective,
sporting,outdoor,skateboarding,skate,
sporting,outdoor,skateboarding,skateboard,
sporting,outdoor,skydiving,clothing,
sporting,outdoor,skydiving,complete,
sporting,outdoor,skydiving,parachute,
sporting,outdoor,skydiving,paragliders,
sporting,outdoor,skydiving,suit,
sporting,outdoor,skydiving,,
sporting,outdoor,water,boating,accessory
sporting,outdoor,water,boating,boat
sporting,outdoor,water,boating,canoe
sporting,outdoor,water,boating,kayak
sporting,outdoor,water,boating,paddle
sporting,outdoor,water,boating,paddleboards | paddle
sporting,outdoor,water,boating,pedal
sporting,outdoor,water,boating,pontoon
sporting,outdoor,water,boating,raft
sporting,outdoor,water,boating,row
sporting,outdoor,water,boating,whitewater
sporting,outdoor,water,boating,
sporting,outdoor,water,diving,
sporting,outdoor,water,equipment,
sporting,outdoor,water,kayaking,
sporting,outdoor,water,kitesurfing,
sporting,outdoor,water,polo,
sporting,outdoor,water,scuba,
sporting,outdoor,water,sport,drysuits | wetsuits
sporting,outdoor,water,sport,helmet
sporting,outdoor,water,sport,life
sporting,outdoor,water,sport,rash
sporting,outdoor,water,sport,shoe
sporting,outdoor,water,sport,skiing
sporting,outdoor,water,sport,swim
sporting,outdoor,water,sport,towable
sporting,outdoor,water,sport,towed | tow
sporting,outdoor,water,sport,wetsuit
sporting,outdoor,water,sport,
sporting,outdoor,water,surfing,accessory
sporting,outdoor,water,surfing,glove
sporting,outdoor,water,surfing,paddleboards
sporting,outdoor,water,surfing,surf
sporting,outdoor,water,surfing,surfboard
sporting,outdoor,water,surfing,tail
sporting,outdoor,water,surfing,
sporting,outdoor,water,swimming,aid
sporting,outdoor,water,swimming,child
sporting,outdoor,water,swimming,fin
sporting,outdoor,water,swimming,hand
sporting,outdoor,water,swimming,kickboards
sporting,outdoor,water,swimming,machine
sporting,outdoor,water,swimming,nose
sporting,outdoor,water,swimming,swim
sporting,outdoor,water,swimming,
sporting,outdoor,water,towed,
sporting,outdoor,water,wakeboarding,kneeboards
sporting,outdoor,water,wakeboarding,skiing | ski
sporting,outdoor,water,wakeboarding,wakeboard
sporting,outdoor,water,wakeboarding,
sporting,outdoor,water,waterskiing,
sporting,outdoor,water,windsurfing,
sporting,outdoor,water,,
sporting,outdoor,winter,avalanche,
sporting,outdoor,winter,clothing,
sporting,outdoor,winter,skiing,
sporting,outdoor,winter,sled,
sporting,outdoor,winter,snowball,
sporting,outdoor,winter,snowboarding,
sporting,outdoor,winter,snowshoe,
sporting,outdoor,winter,snowshoeing,
sporting,sport,accessory,,
sporting,sport,boating,equipment,
sporting,sport,boating,sailing,
sporting,sport,boy,,
sporting,sport,equipment,,
sporting,sport,exercise,balance,
sporting,sport,exercise,fitness,
sporting,sport,exercise,strength,
sporting,sport,fan,home,
sporting,sport,fan,,
sporting,sport,fishing,,
sporting,sport,game,arcade,
sporting,sport,game,outdoor,
sporting,sport,game,table,
sporting,sport,girl,,
sporting,sport,golf,accessory,
sporting,sport,golf,ball,
sporting,sport,golf,club,
sporting,sport,golf,course,
sporting,sport,hunting,,
sporting,sport,men,,
sporting,sport,other,,
sporting,sport,paintball,,
sporting,sport,swimming,,
sporting,sport,team,equipment,
sporting,sport,team,football,
sporting,sport,team,ice,
sporting,sport,tennis,,
sporting,sport,woman,,
supply,bird,birdcage,,
supply,bird,cage,,
supply,bird,food,,
supply,bird,gym,,
supply,bird,ladder,,
supply,bird,toy,,
supply,bird,treat,,
supply,bird,,,
supply,cat,bed,,
supply,cat,carrier,,
supply,cat,collar,,
supply,cat,door,,
supply,cat,feeding,,
supply,cat,grooming,,
supply,cat,harness,,
supply,cat,health,,
supply,cat,leash,,
supply,cat,toy,,
supply,cat,,,
supply,dog,apparel,,
supply,dog,bed,,
supply,dog,carrier,,
supply,dog,collar,,
supply,dog,crate,,
supply,dog,feeding,,
supply,dog,flea,,
supply,dog,grooming,,
supply,dog,harness,,
supply,dog,health,,
supply,dog,housebreaking,,
supply,dog,training,,
supply,dog,,,
supply,fish,aquarium,,
supply,fish,,,
supply,horse,blanket,,
supply,horse,care,,
supply,horse,treat | health,,
supply,live,,,
supply,pet,accessory | carrier | door | leash,,
supply,pet,agility | containment | vehicle,,
supply,pet,bell,,
supply,pet,biometric,,
supply,pet,bowl,,
supply,pet,cat,apparel,
supply,pet,cat,bed,
supply,pet,cat,food,
supply,pet,cat,furniture,
supply,pet,cat,litter,
supply,pet,cat,toy,
supply,pet,cat,treat,
supply,pet,dog,apparel,
supply,pet,dog,bed,
supply,pet,dog,diaper,
supply,pet,dog,food,
supply,pet,dog,house,
supply,pet,dog,kennel,
supply,pet,dog,toy,
supply,pet,dog,treadmill,
supply,pet,dog,treat,
supply,pet,eye,,
supply,pet,fish,,
supply,pet,flea,,
supply,pet,grooming,comb,
supply,pet,grooming,fragrance,
supply,pet,grooming,hair,
supply,pet,grooming,nail,
supply,pet,grooming,shampoo,
supply,pet,grooming,wipe,
supply,pet,heating,,
supply,pet,medical | first | medicine,,
supply,pet,muzzle | playpen,,
supply,pet,reptile,,
supply,pet,small,animal,
supply,pet,step,,
supply,pet,sunscreen | vitamin,,
supply,pet,tag,,
supply,pet,training,clickers,
supply,pet,training,pad,
supply,pet,training,spray,
supply,pet,waste | food,,
supply,pet,,,
supply,reptile,,,
supply,small,,,
toy | baby,accessory,playstation,,
toy | baby,accessory,xbox,,
toy | baby,accessory,,,
toy | baby,activity | diapering | transport,accessory,,
toy | baby,activity | diapering | transport,alphabet | sorting,,
toy | baby,activity | diapering | transport,bathtub,,
toy | baby,activity | diapering | transport,changing,,
toy | baby,activity | diapering | transport,diaper,,
toy | baby,activity | diapering | transport,health,,
toy | baby,activity | diapering | transport,mobile | bouncer | jumper | soothers,,
toy | baby,activity | diapering | transport,monitor,,
toy | baby,activity | diapering | transport,nasal,,
toy | baby,activity | diapering | transport,pacifier,,
toy | baby,activity | diapering | transport,play,,
toy | baby,activity | diapering | transport,push,,
toy | baby,activity | diapering | transport,rattle,,
toy | baby,activity | diapering | transport,safety | pet,,
toy | baby,activity | diapering | transport,shopping,,
toy | baby,activity | diapering | transport,shower,,
toy | baby,activity | diapering | transport,toddler | carrier | stroller,,
toy | baby,activity | diapering | transport,wipe,,
toy | baby,activity | diapering | transport,,,
toy | baby,blanket,,,
toy | baby,diapering,changing,,
toy | baby,diapering,diaper,,
toy | baby,diapering,potty,,
toy | baby,diapering,toilet,,
toy | baby,diapering,wipe,,
toy | baby,feeding | safety | health | transport | accessory,activity | alphabet | book | soothers | bath,block,
toy | baby,feeding | safety | health | transport | accessory,activity | alphabet | book | soothers | bath,plush,
toy | baby,feeding | safety | health | transport | accessory,activity | alphabet | book | soothers | bath,push,
toy | baby,feeding | safety | health | transport | accessory,activity | alphabet | book | soothers | bath,rattle,
toy | baby,feeding | safety | health | transport | accessory,activity | alphabet | book | soothers | bath,,
toy | baby,feeding | safety | health | transport | accessory,bath | scale | shampoo,,
toy | baby,feeding | safety | health | transport | accessory,bathing,,
toy | baby,feeding | safety | health | transport | accessory,bib,,
toy | baby,feeding | safety | health | transport | accessory,bottle | nursing,bag,
toy | baby,feeding | safety | health | transport | accessory,bottle | nursing,breast,
toy | baby,feeding | safety | health | transport | accessory,bottle | nursing,brush,
toy | baby,feeding | safety | health | transport | accessory,bottle | nursing,cover,
toy | baby,feeding | safety | health | transport | accessory,bottle | nursing,drying,
toy | baby,feeding | safety | health | transport | accessory,bottle | nursing,formula,
toy | baby,feeding | safety | health | transport | accessory,bottle | nursing,nipple,
toy | baby,feeding | safety | health | transport | accessory,bottle | nursing,pad,
toy | baby,feeding | safety | health | transport | accessory,bottle | nursing,pillow,
toy | baby,feeding | safety | health | transport | accessory,bottle | nursing,sterilizer,
toy | baby,feeding | safety | health | transport | accessory,bottle | nursing,warmer,
toy | baby,feeding | safety | health | transport | accessory,bottle | nursing,,
toy | baby,feeding | safety | health | transport | accessory,bottle | supply,cleaning,
toy | baby,feeding | safety | health | transport | accessory,bottle | supply,formula,
toy | baby,feeding | safety | health | transport | accessory,bottle | supply,nursing,
toy | baby,feeding | safety | health | transport | accessory,bottle | supply,sealing,
toy | baby,feeding | safety | health | transport | accessory,bottle | supply,set,
toy | baby,feeding | safety | health | transport | accessory,bottle | supply,toddler,
toy | baby,feeding | safety | health | transport | accessory,child,,
toy | baby,feeding | safety | health | transport | accessory,food | chair,,
toy | baby,feeding | safety | health | transport | accessory,highchair,,
toy | baby,feeding | safety | health | transport | accessory,keepsake,,
toy | baby,feeding | safety | health | transport | accessory,play | activity | swing | bouncer | jumper,,
toy | baby,feeding | safety | health | transport | accessory,product,,
toy | baby,feeding | safety | health | transport | accessory,proofing | pacifier | cover | thermometer | grooming,bed,
toy | baby,feeding | safety | health | transport | accessory,proofing | pacifier | cover | thermometer | grooming,car,
toy | baby,feeding | safety | health | transport | accessory,proofing | pacifier | cover | thermometer | grooming,clip,
toy | baby,feeding | safety | health | transport | accessory,proofing | pacifier | cover | thermometer | grooming,gate,
toy | baby,feeding | safety | health | transport | accessory,proofing | pacifier | cover | thermometer | grooming,harness,
toy | baby,feeding | safety | health | transport | accessory,proofing | pacifier | cover | thermometer | grooming,hearing,
toy | baby,feeding | safety | health | transport | accessory,proofing | pacifier | cover | thermometer | grooming,kit,
toy | baby,feeding | safety | health | transport | accessory,proofing | pacifier | cover | thermometer | grooming,monitor,
toy | baby,feeding | safety | health | transport | accessory,proofing | pacifier | cover | thermometer | grooming,nasal,
toy | baby,feeding | safety | health | transport | accessory,proofing | pacifier | cover | thermometer | grooming,shopping,
toy | baby,feeding | safety | health | transport | accessory,proofing | pacifier | cover | thermometer | grooming,supply,
toy | baby,feeding | safety | health | transport | accessory,proofing | pacifier | cover | thermometer | grooming,teethers,
toy | baby,feeding | safety | health | transport | accessory,proofing | pacifier | cover | thermometer | grooming,wipe,
toy | baby,feeding | safety | health | transport | accessory,proofing | pacifier | cover | thermometer | grooming,,
toy | baby,feeding | safety | health | transport | accessory,soap | skin,,
toy | baby,feeding | safety | health | transport | accessory,stationary,,
toy | baby,feeding | safety | health | transport | accessory,stroller,,
toy | baby,feeding | safety | health | transport | accessory,stroller | seat,backpack,
toy | baby,feeding | safety | health | transport | accessory,stroller | seat,bassinet,
toy | baby,feeding | safety | health | transport | accessory,stroller | seat,booster,
toy | baby,feeding | safety | health | transport | accessory,stroller | seat,car,
toy | baby,feeding | safety | health | transport | accessory,stroller | seat,convertible,
toy | baby,feeding | safety | health | transport | accessory,stroller | seat,cover,
toy | baby,feeding | safety | health | transport | accessory,stroller | seat,cup,
toy | baby,feeding | safety | health | transport | accessory,stroller | seat,footmuffs,
toy | baby,feeding | safety | health | transport | accessory,stroller | seat,head,
toy | baby,feeding | safety | health | transport | accessory,stroller | seat,hip,
toy | baby,feeding | safety | health | transport | accessory,stroller | seat,hook,
toy | baby,feeding | safety | health | transport | accessory,stroller | seat,infant,
toy | baby,feeding | safety | health | transport | accessory,stroller | seat,liner,
toy | baby,feeding | safety | health | transport | accessory,stroller | seat,organizer,
toy | baby,feeding | safety | health | transport | accessory,stroller | seat,part,
toy | baby,feeding | safety | health | transport | accessory,stroller | seat,sling,
toy | baby,feeding | safety | health | transport | accessory,stroller | seat,soft,
toy | baby,feeding | safety | health | transport | accessory,stroller | seat,wrap,
toy | baby,feeding | safety | health | transport | accessory,stroller | seat,,
toy | baby,feeding | safety | health | transport | accessory,utensil,bowl,
toy | baby,feeding | safety | health | transport | accessory,utensil,cup,
toy | baby,feeding | safety | health | transport | accessory,utensil,set,
toy | baby,feeding | safety | health | transport | accessory,,,
toy | baby,hobby,,,
toy | baby,microconsoles,,,
toy | baby,nintendo,,,
toy | baby,nursery,bedding,bed,
toy | baby,nursery,bedding,crib,
toy | baby,nursery,bedding,duvet,
toy | baby,nursery,bedding,mattress,
toy | baby,nursery,bedding,quilt,
toy | baby,nursery,bedding,set,
toy | baby,nursery,bedding,,
toy | baby,nursery,decor,,
toy | baby,nursery,décor,,
toy | baby,nursery,furniture,bassinet,
toy | baby,nursery,furniture,crib,
toy | baby,nursery,furniture,dresser,
toy | baby,nursery,furniture,set,
toy | baby,nursery,furniture,,
toy | baby,nursing,bib,,
toy | baby,nursing,bottle,,
toy | baby,nursing,breast,,
toy | baby,nursing,burp,,
toy | baby,nursing,care,,
toy | baby,nursing,cover,,
toy | baby,nursing,food,,
toy | baby,nursing,pad,,
toy | baby,nursing,pillow,,
toy | baby,nursing,sippy,,
toy | baby,nursing,toddler,,
toy | baby,online,,,
toy | baby,play | game | outdoor | accessory | sport,card | dvd | collection | stacking,collectible,
toy | baby,play | game | outdoor | accessory | sport,card | dvd | collection | stacking,role,
toy | baby,play | game | outdoor | accessory | sport,card | dvd | collection | stacking,,
toy | baby,play | game | outdoor | accessory | sport,child | flash,,
toy | baby,play | game | outdoor | accessory | sport,doll,,
toy | baby,play | game | outdoor | accessory | sport,early,,
toy | baby,play | game | outdoor | accessory | sport,figure,action,
toy | baby,play | game | outdoor | accessory | sport,figure,,
toy | baby,play | game | outdoor | accessory | sport,flying | viewfinder | nesting,paper,
toy | baby,play | game | outdoor | accessory | sport,flying | viewfinder | nesting,,
toy | baby,play | game | outdoor | accessory | sport,kid,,
toy | baby,play | game | outdoor | accessory | sport,pool | product | ball,baseball,
toy | baby,play | game | outdoor | accessory | sport,pool | product | ball,beach,
toy | baby,play | game | outdoor | accessory | sport,pool | product | ball,child | swimming,
toy | baby,play | game | outdoor | accessory | sport,pool | product | ball,foam,
toy | baby,play | game | outdoor | accessory | sport,pool | product | ball,hockey,
toy | baby,play | game | outdoor | accessory | sport,pool | product | ball,hopping,
toy | baby,play | game | outdoor | accessory | sport,pool | product | ball,water,
toy | baby,play | game | outdoor | accessory | sport,pool | product | ball,,
toy | baby,play | game | outdoor | accessory | sport,pretend,,
toy | baby,play | game | outdoor | accessory | sport,pretend | doll | remote | vehicle | activity,air | kite | glider,
toy | baby,play | game | outdoor | accessory | sport,pretend | doll | remote | vehicle | activity,ant | astronomy | bug | educational | reading,
toy | baby,play | game | outdoor | accessory | sport,pretend | doll | remote | vehicle | activity,ball,
toy | baby,play | game | outdoor | accessory | sport,pretend | doll | remote | vehicle | activity,ball | bubble | fingerboard | coiled | marble,hula
toy | baby,play | game | outdoor | accessory | sport,pretend | doll | remote | vehicle | activity,ball | bubble | fingerboard | coiled | marble,
toy | baby,play | game | outdoor | accessory | sport,pretend | doll | remote | vehicle | activity,block | set,
toy | baby,play | game | outdoor | accessory | sport,pretend | doll | remote | vehicle | activity,car | train | airplane | boat | helicopter,
toy | baby,play | game | outdoor | accessory | sport,pretend | doll | remote | vehicle | activity,control,
toy | baby,play | game | outdoor | accessory | sport,pretend | doll | remote | vehicle | activity,dough | drawing,
toy | baby,play | game | outdoor | accessory | sport,pretend | doll | remote | vehicle | activity,fitness,
toy | baby,play | game | outdoor | accessory | sport,pretend | doll | remote | vehicle | activity,kaleidoscope | prism,
toy | baby,play | game | outdoor | accessory | sport,pretend | doll | remote | vehicle | activity,kitchen | money | electronics | housekeeping | lawn,cookware
toy | baby,play | game | outdoor | accessory | sport,pretend | doll | remote | vehicle | activity,kitchen | money | electronics | housekeeping | lawn,food
toy | baby,play | game | outdoor | accessory | sport,pretend | doll | remote | vehicle | activity,kitchen | money | electronics | housekeeping | lawn,tableware
toy | baby,play | game | outdoor | accessory | sport,pretend | doll | remote | vehicle | activity,kitchen | money | electronics | housekeeping | lawn,
toy | baby,play | game | outdoor | accessory | sport,pretend | doll | remote | vehicle | activity,kite,
toy | baby,play | game | outdoor | accessory | sport,pretend | doll | remote | vehicle | activity,magnet | instrument,
toy | baby,play | game | outdoor | accessory | sport,pretend | doll | remote | vehicle | activity,puppet | figure | dollhouse | paper,
toy | baby,play | game | outdoor | accessory | sport,pretend | doll | remote | vehicle | activity,riding | hobby | wagon,
toy | baby,play | game | outdoor | accessory | sport,pretend | doll | remote | vehicle | activity,,
toy | baby,play | game | outdoor | accessory | sport,reading,,
toy | baby,play | game | outdoor | accessory | sport,set | card | poker | dice | tile,chip,
toy | baby,play | game | outdoor | accessory | sport,set | card | poker | dice | tile,,
toy | baby,play | game | outdoor | accessory | sport,statue,,
toy | baby,play | game | outdoor | accessory | sport,trading,,
toy | baby,play | game | outdoor | accessory | sport,vehicle | kid,car,
toy | baby,play | game | outdoor | accessory | sport,vehicle | kid,train,
toy | baby,play | game | outdoor | accessory | sport,vehicle | kid,truck | construction,
toy | baby,play | game | outdoor | accessory | sport,vehicle | kid,,
toy | baby,play | game | outdoor | accessory | sport,water | swing | inflatable | trampoline | slide,park,
toy | baby,play | game | outdoor | accessory | sport,water | swing | inflatable | trampoline | slide,sprinkers,
toy | baby,play | game | outdoor | accessory | sport,water | swing | inflatable | trampoline | slide,table,
toy | baby,play | game | outdoor | accessory | sport,water | swing | inflatable | trampoline | slide,,
toy | baby,play | game | outdoor | accessory | sport,,,
toy | baby,potty,,,
toy | baby,puppet,,,
toy | baby,puzzle,brain,,
toy | baby,puzzle,jigsaw,,
toy | baby,puzzle,mechanical,,
toy | baby,puzzle,wooden,,
toy | baby,puzzle,,,
toy | baby,seat,car,,
toy | baby,seat,child,,
toy | baby,supply,birthday,,
toy | baby,supply,cupcake,,
toy | baby,supply,kid,,
toy | baby,system,atari,,
toy | baby,system,game,,
toy | baby,system,gamecube,,
toy | baby,system,nintendo,,
toy | baby,system,playstation,,
toy | baby,system,sega,,
toy | baby,system,sony,,
toy | baby,system,super,,
toy | baby,system,turbografx,,
toy | baby,system,wii,,
toy | baby,system,xbox,,
toy | baby,tricycle,,,
